"COEFFICIENT_DEN","DEN_EIGEN1","DEN_EIGEN2","DEN_EIGEN3","DEN_EIGEN4","DEN_EIGEN5","DEN_EIGEN6","DEN_EIGEN7","DEN_EIGEN8","DEN_EIGEN9","DEN_EIGEN10","DEN_EIGEN11"
1,-2.23606797749979,-2.22580021572915,-1.7320508075688774,-1.7320508075688774,-1.0000000000000009,-0.9999999999999997,-0.7258601557039954,1.7320508075688754,1.7320508075688763,2.23606797749979,4.951660371433145
1,-2.4728339089952556,-2.0655413709969186,-1.7688644836490004,-1.4625984229747744,-1.0000000000000009,-1.,-0.6863910231749293,1.459032091208826,1.9354323319700302,2.2918325451166357,4.769932241495386
1,-2.396667922552537,-2.000000000000004,-1.8552503762744963,-1.7664390312640201,-1.5320888862379525,-0.4503403335994663,-0.3472963553338606,1.3341257718205861,1.8793852415718173,2.107839813332695,5.026732078537238
1,-2.3609385416044493,-2.000000000000001,-1.9999999999999996,-1.5661553449685266,-1.5320888862379547,-0.34729635533386016,-0.3393613302204324,1.1592682540315846,1.8793852415718177,2.2772697804505873,4.829917182311236
1,-2.3379987399677575,-1.9999999999999996,-1.8564061784171353,-1.7364526766583623,-1.4990088048680592,-0.4882383321392959,-0.3375159098913405,1.312282786941374,2.0255636669035493,2.095044196467411,4.822729991629619
0,-2.3164401709691687,-2.2281724339207467,-1.8068447549220523,-1.6419555072131204,-1.092607170421309,-0.5164892622160873,-0.3354390489467693,1.3294606320798117,1.871432196529513,2.3264401527561596,4.410615367243767
1,-2.2734612171759934,-2.247940971793002,-1.8610293571013161,-1.6052474294721368,-1.4378287795591493,-0.42883267138873915,-0.32665684844882337,1.2719457216200512,1.9228280193183365,2.1401226681238827,4.846100865876892
0,-2.400417722495226,-2.101764501169933,-1.7699667068145344,-1.6069085938059082,-1.4315640030865153,-0.3896690597852813,-0.332252139486603,1.1548620215121612,1.993374492140024,2.261062457978911,4.623243755012904
1,-2.433465267562751,-2.273461217175993,-1.9525094728004349,-1.43782877955915,-1.2809767792270672,-0.4571967282612473,-0.4288326713887388,1.2497589705911565,1.8207925010558736,2.1401226681238823,5.053596776204467
1,-2.2835682932850867,-2.2734612171759947,-1.9999999999999998,-1.4378287795591498,-1.1783815890665648,-0.6799370835372308,-0.42883267138874087,1.5554662741725902,1.7400725302312965,2.1401226681238836,4.846348161484995
1,-2.48260006596828,-2.2821681115762216,-1.7971401665735203,-1.0000000000000004,-1.,-1.,-0.36585884637508626,1.2615010440802432,1.8217545596438534,2.4396581751628426,4.404853411606165
1,-2.4079698926508173,-2.0000000000000004,-2.,-1.181523350831412,-1.0000000000000004,-0.7627549332153162,-0.4142135623730959,1.04329633542817,2.097597363718843,2.4142135623730967,4.211354477550534
1,-2.74874455250208,-2.1181348489809033,-1.6504413050340818,-1.2169682011427305,-1.,-0.7888433751881103,-0.34043087920219944,0.7844442166026814,2.0152409212025817,2.438998501751518,4.624879522493322
1,-2.444002734876381,-2.1262526538505337,-1.8340476893832027,-1.6670174823146358,-1.3076403833956676,-0.5052954757321466,-0.29157283936124784,1.4750069582343912,1.7603020932694293,2.0643367240789434,4.876183483331046
0,-2.3559796263927333,-2.1517937650864054,-1.8444520623040204,-1.668191019561435,-1.1683651673009623,-0.594551621231777,-0.33799439632352324,1.4634834537101868,1.9428644161511088,2.0653043114219063,4.649675476917657
0,-2.515487494478367,-2.244065839984253,-1.7941785996052704,-1.2040424330525519,-0.9999999999999997,-0.6646570740611151,-0.33504199519009686,1.4431764050450233,1.7549179678009021,2.347366648013175,4.212012415512556
1,-2.3981359863640135,-2.,-1.9999999999999996,-1.5320888862379567,-1.2530891581881223,-0.3906932272652144,-0.34729635533385894,1.3776288582856349,1.8793852415718155,2.2317285801670663,4.432560933364649
1,-2.8307588506041785,-2.0000000000000004,-1.8966815533024095,-1.4363309145664749,-1.414213562373093,-0.10297405808504728,1.5420227169887484e-15,0.8704486180417602,1.4142135623730943,2.2480674167529626,5.148229341763382
1,-2.506765578012385,-2.1246233717109013,-2.000000000000002,-1.4142135623730954,-1.159199899373935,-0.385124593034374,-6.317103957986792e-16,1.2056895872055169,1.4142135623730954,2.493615725990462,4.476408128935619
1,-2.4514050313476714,-2.305921563519773,-1.8600845483257011,-1.4771743198394678,-1.2571673526382732,-0.25697549776512707,7.986321638353756e-16,0.7619969090399464,1.796322711203463,2.3583006411906764,4.692108052001924
1,-2.6734137895630448,-2.1891916140308942,-1.8924415136330832,-1.438647129190344,-1.14278414294689,-0.4318810322581673,-0.2514533595083887,1.1231233178840476,1.3771829436346992,2.4513139686660494,5.068192350946014
0,-2.474129685082873,-2.1263062393427123,-1.8845080871310094,-1.5635318555808146,-1.2671768347228118,-0.5371986044929087,-0.23471245125958506,1.2006059466897279,1.5594872743959383,2.5034067268416007,4.824063809685448
1,-2.462738911075573,-2.128306683892384,-1.9033822312565576,-1.5615187161701696,-1.0931773956182265,-0.5633245273169931,-0.19418999913466878,0.9668698401668656,1.8389418751080624,2.4858648247449233,4.614961924444721
0,-2.6725797727152907,-2.203583029888163,-1.7433211528686319,-1.4088641780054518,-0.9999999999999994,-0.4666833294377132,-0.13002391185116802,0.6649314837987799,1.6672294443258748,2.6646554622980836,4.628238984343682
0,-2.6997199586301734,-2.1556166819283202,-1.5741004345820513,-1.3845657541414098,-1.0000000000000004,-0.6317434811076528,-0.2970251179776001,1.0505474210917765,1.6604245626128753,2.6217718550290106,4.410027589633543
1,-2.483622196828655,-2.4436663459332926,-1.710389669887627,-1.3654692552625936,-0.8825029263439153,-0.4988836106175299,-0.3812944057315447,0.7276264437884393,1.8511522322197678,2.565408143594578,4.621641591002376
0,-2.58475165572836,-2.0000000000000018,-1.8101043819612443,-1.3385243989268916,-1.0000000000000002,-0.5503453773146499,-0.3262300206193123,0.5266023233534091,2.02250157376443,2.6512247080845484,4.409627229348072
1,-2.489799883210905,-2.2277496500938603,-1.9069110320385627,-1.8019377358048436,-0.969226367338799,-0.4450418679126273,-0.15597377630052858,1.1784175819692086,1.2469796037174663,2.5231910620032236,5.0480520650102205
0,-2.5718660835650993,-2.095910168943718,-1.8553877648506598,-1.7187902938872908,-1.0000000000000002,-0.5495556378336677,-0.11360645294709493,1.0192085543810145,1.462552094495355,2.582498145747994,4.840857607403169
0,-2.4747859978310496,-2.171845619415562,-1.913495299084617,-1.6854261793642584,-0.9507243629699729,-0.4995299783495988,-0.3182307724235676,1.0486789161355718,1.617075177760815,2.514741771958466,4.833542343583774
0,-2.6693704618103378,-1.9674929689363385,-1.7800675638461112,-1.4760732705492698,-1.,-0.5983275692511418,-0.3358027152441384,1.167591222102683,1.7105991968678471,2.538547538621529,4.410396592045277
0,-2.4741266937332758,-2.1812557305593954,-1.945511532786192,-1.517188594208564,-0.9999999999999999,-0.47464456766843693,-0.22053453544065635,0.8435693870317071,1.846580960904087,2.496381174167519,4.626730132293207
1,-2.5727121359343266,-2.2275649932934307,-1.7423383355309312,-1.505629759932404,-1.,-0.5733364620060171,-0.18935609576423434,0.8894478954964764,1.7847041013393685,2.4939790470222465,4.6428067386032525
1,-2.781175936535533,-2.,-1.999999999999999,-1.4142135623730954,-1.3027756377319946,-0.29519453570577003,1.0690147654662102e-15,0.9505093108197241,1.4142135623730945,2.3027756377319952,5.125861161421579
1,-2.49505746094518,-2.3493124193735295,-1.5615528128088296,-1.4142135623730938,-1.0000000000000013,-0.9218622020894756,8.281234433465065e-16,1.3370123433524426,1.4142135623730958,2.56155281280883,4.429219739055744
1,-2.4640226188233325,-2.1778406908670567,-1.915834237556968,-1.6007686675906,-0.9999999999999999,-0.7611594287648475,-0.43493547384898845,1.345349746071563,1.641660242426958,2.3535933111566076,5.013957817796664
1,-2.35732618794159,-2.219157216581076,-1.8083178114306813,-1.5802963999729458,-0.9999999999999986,-0.9283549114492348,-0.44944043047680865,1.4448698531525201,1.7573134803697488,2.3422468363871145,4.798462787942948
1,-2.472833908995255,-2.251697376162177,-1.5955720441168122,-1.4625984229747744,-0.9999999999999998,-0.8644606211472086,-0.5436521891269092,1.3271240889620954,1.93543233197003,2.3284530333191396,4.599805108271872
0,-2.5798091715462412,-2.292537146052231,-1.6167166121288188,-1.0000000000000002,-1.0000000000000002,-0.9999999999999998,-0.4385191848151486,1.2636844550307478,1.8884481834313762,2.3469813383151807,4.428468137765133
1,-2.5263654141990135,-2.2734612171759947,-1.6014040399687148,-1.4378287795591496,-0.9999999999999992,-0.7622556449565033,-0.42883267138873965,0.9738917234938695,2.1401226681238827,2.3163500630349985,4.599783312595363
0,-2.5996792429452342,-1.9290842668353332,-1.8233249519715156,-1.588071994937674,-1.000000000000001,-0.8812596867203744,-0.4289913286016208,1.132269905298683,1.963980611750223,2.355831419820858,4.7983295351419875
0,-2.5615528128088303,-2.0000000000000004,-1.9043401572939236,-1.5930194027323274,-1.0000000000000004,-0.725195506624098,-0.4372432775954726,1.4447941246642282,1.5615528128088307,2.3821216516775783,4.832882567904015
1,-2.5545989180301976,-2.252222420931724,-1.6155302365585713,-1.4782074495720987,-0.9999999999999999,-0.821314181481831,-0.530823360288564,1.3698015364210938,1.677307188481775,2.3780104354001073,4.827577406560012
1,-2.3777216948623563,-2.0000000000000027,-1.9999999999999993,-1.8774753212226698,-0.9422759962700923,-0.6180339887498928,-0.40038975880591987,1.6115414332317433,1.6180339887498945,2.119857854860714,4.866463483068582
1,-2.2734612171759947,-2.253787674560819,-1.9999999999999991,-1.4378287795591498,-0.9450304213720471,-0.624457313561782,-0.4288326713887402,1.2755064218552787,2.1394560707188024,2.1401226681238845,4.408312916920562
1,-2.5786089068415783,-2.000000000000001,-1.847555211677493,-1.4823468990297488,-0.9999999999999998,-0.6160268675141204,-0.380899192717699,1.1943709916675858,1.9531388281749114,2.3447183823925926,4.413208875545549
1,-2.402127800551075,-2.325495095608538,-1.8540470181169193,-1.764018408755929,-1.0000000000000007,-0.5420944654049152,-0.20876611333859038,1.1769226864468674,1.3497015214698522,2.544713892683506,5.025210801175742
1,-2.4882633658721187,-2.1557734192332423,-1.8641982431168018,-1.5191763752199408,-1.0000000000000004,-0.5624159470850503,-0.35512533209530067,0.9256675873828367,1.9122146037880816,2.5126274494281167,4.5944430420234195
0,-2.4914684604969324,-2.0000000000000004,-1.9383406783965766,-1.7633356180051043,-0.9999999999999998,-0.5498341101219858,-0.3372818425268298,1.0517968532263855,1.6645781860186355,2.5595596580062105,4.8043260122961975
1,-2.3511720678829118,-2.0000000000000004,-1.8216637715491626,-1.8158691869224872,-1.275417403422344,-0.8461690905829222,-0.42869763769023755,1.4881997686824286,1.893219019187057,2.179633093449657,4.977937276730922
1,-2.3361249104196533,-2.0000000000000013,-1.8909342243943257,-1.7097945993407175,-1.209326019331238,-0.8601700677804213,-0.40537893349807436,1.5967499969748167,1.8786931910006008,2.1374156977451793,4.7988698690438305
1,-2.279693228435092,-2.2360679774997907,-1.7320508075688776,-1.6422960770523423,-0.9999999999999999,-0.9999999999999987,-0.34839277752361,1.6645382751085547,1.7320508075688765,2.236067977499788,4.605843807902493
1,-2.492117086249371,-2.102837509917824,-1.7471503515215272,-1.5153175462798418,-0.9999999999999999,-0.9160415760283356,-0.4118034129296401,1.4224404198239728,1.834532006036999,2.3194837415399654,4.608811315525604
0,-2.273461217175994,-2.272273284746492,-1.8382280858367521,-1.4378287795591498,-1.1932790414375605,-0.7634673880585451,-0.4288326713887391,1.3427545066976927,2.129668128120744,2.1401226681238845,4.594825165260913
1,-2.273461217175995,-2.2719765662428375,-1.9157698108163774,-1.4378287795591485,-1.2398266259429411,-0.7350810900517993,-0.4288326713887425,1.2321039924139674,2.1318412037801093,2.1401226681238867,4.798708896859878
1,-2.6248011456402334,-1.9999999999999978,-1.8903913259410545,-1.7542153641707248,-1.0000000000000004,-0.512987441829287,-0.41421356237309614,1.258173496390035,1.4829711477449263,2.414213562373094,5.041250633446339
0,-2.3612521559998845,-1.9999999999999993,-1.999999999999998,-1.7320508075688774,-0.9999999999999998,-0.7843330159715558,-0.41421356237309553,1.3515718821151752,1.7320508075688767,2.4142135623730927,4.794013289856267
0,-2.4889609099509697,-2.0000000000000036,-1.9443926227748016,-1.441347306671665,-1.,-0.9213871533047904,-0.3407919641483237,1.354937493320314,1.7371733430271241,2.446786448837291,4.597982671665823
1,-2.3013102039081867,-1.9999999999999996,-1.9999999999999996,-1.740081904268867,-1.4142135623730951,-0.6180339887498927,-0.3350767959820898,1.4142135623730965,1.6180339887498931,2.392537129089928,4.983931775069217
1,-2.3567908866501917,-1.9999999999999973,-1.9256262419697883,-1.7660735861707095,-1.23479104278468,-0.5996594566273948,-0.38296311908289343,1.26494625856008,1.8443717587733521,2.358177758354985,4.798408557597238
0,-2.325495095608538,-2.2796932284350913,-1.8540470181169204,-1.6422960770523423,-1.0000000000000009,-0.5420944654049158,-0.3483927775236106,1.1769226864468687,1.6645382751085531,2.544713892683506,4.60584380790249
1,-2.3144371805708386,-2.231895360773252,-2.,-1.2871328997998048,-1.2278251886501388,-0.5902686304838345,-0.4177726586652227,1.074222507987846,2.1176162028666314,2.2797388394684206,4.597754368620194
1,-2.5295295059773566,-2.1903735677151066,-1.7320508075688772,-1.4903076294354547,-1.0000000000000016,-0.8333663978585648,-0.7269702379756526,1.5511569767175855,1.7320508075688767,2.2143716641100215,5.0050186981345295
1,-2.4479514174789725,-2.216468809110341,-1.7520207089745778,-1.433547370907015,-1.0000000000000009,-0.8135159201472222,-0.7181526938324365,1.3952234555534695,1.9026980437897318,2.2896593198078907,4.794076101299472
0,-2.683737873338913,-2.0000000000000004,-1.7320508075688774,-1.0000000000000013,-1.0000000000000004,-0.9999999999999998,-0.7987017629421792,1.4801176676709507,1.7320508075688776,2.393771772038768,4.608550196571375
1,-2.4970694179833943,-2.276578093815619,-1.6920070593211995,-1.0000000000000002,-0.9999999999999996,-0.9999999999999993,-0.7386438449268808,1.2562965093533067,2.076343547241022,2.279536367332282,4.592121992120482
1,-2.4075843571698288,-2.23606797749979,-1.627654003662271,-1.0000000000000007,-1.0000000000000004,-1.0000000000000002,-0.7549876301617059,1.056520300212999,2.2360679774997907,2.318844645043892,4.414861045736914
0,-2.580546032129855,-2.065925592181049,-1.7042560641689641,-1.432722906838528,-0.9999999999999993,-0.8759966135514685,-0.4930559089623549,1.1995144189568068,1.97112126499569,2.3937360472971547,4.588131386582568
1,-2.6008285771947492,-2.0426617638168945,-1.7664659068859034,-1.4384934825524065,-1.,-0.8392059526113911,-0.6620572689974077,1.4184701484786157,1.9527565770086348,2.15582250177162,4.82266372479988
1,-2.378820879463162,-2.1636138182015,-1.837137658972077,-1.732050807568878,-1.0000000000000004,-0.8049898095638816,-0.33788516587816075,1.412103452940113,1.7320508075688803,2.2803767578490883,4.829967121289577
1,-2.516026418003885,-2.2704741261919903,-1.6854806815834058,-1.2770449241147386,-0.9999999999999992,-0.7607989542493898,-0.42046721535509507,1.1725092649339404,2.102810317500138,2.2443563119948164,4.410616425069608
0,-2.3560620654632194,-2.2251174922687156,-1.8396155913680645,-1.5854483945398414,-1.0000000000000002,-0.7554056053539598,-0.350883884051286,1.3002140064846877,1.899662859005725,2.2913063374387095,4.6213498301159674
1,-2.438945666029659,-2.438903518626036,-1.737782680967537,-1.3539274961159928,-1.116884348716497,-0.7350702900016132,-0.5192544973196761,1.2868459349115915,1.7774738340402363,2.24105536983205,5.035393358993133
1,-2.572525558336629,-2.0000000000000004,-1.8325807415540234,-1.3867203440185727,-1.3027756377319941,-0.6180339887498949,-0.6046240087690504,1.5737398544402625,1.6180339887498947,2.3027756377319957,4.822710798238013
0,-3.000000000000001,-1.6514422366441963,-1.561552812808829,-1.,-0.9999999999999999,-0.999999999999999,-0.5995007089664901,0.9999999999999996,1.8262036820215788,2.5615528128088316,4.424739263589112
1,-2.8018981285716116,-1.8722762128531791,-1.6506395756619263,-1.3703259454760128,-1.0000000000000002,-0.8288308196787295,-0.42872822024015966,0.7968151158702351,2.1219043626548877,2.445787042458958,4.588192381497539
1,-2.512236219803954,-2.158649405964329,-1.9455281154224862,-1.2889499329896585,-1.0000000000000004,-0.8665466939210779,-0.5131615593562473,1.6100748803117082,1.6852549386739757,2.133342559927977,4.856399548544093
0,-2.49991064081748,-2.084898273061658,-1.8855646716759267,-1.3662138234188212,-0.999999999999998,-0.7949933836031332,-0.571087456172269,1.4689922322110056,1.9118981965202608,2.19804574847279,4.62373207154523
1,-2.4391375705079072,-2.2360679774997902,-1.860325117205239,-1.,-0.9999999999999998,-0.999999999999999,-0.5012731068445921,1.397993815424623,2.,2.2360679774997885,4.402741979133114
0,-2.6180339887498953,-2.,-2.,-1.3027756377319946,-0.6180339887498952,-0.6180339887498951,-0.38196601125010454,1.618033988749895,1.6180339887498958,2.302775637731995,4.
1,-2.604320720893152,-2.4087686729258073,-1.8019377358048394,-1.4492406192812461,-0.9999999999999998,-0.44504186791262823,-0.18474540047274798,1.0000000000000007,1.2469796037174676,2.5902419926425977,5.056833420930357
1,-2.6924283732193044,-2.0614988506846417,-1.797289912486387,-1.4414679371824224,-0.9999999999999998,-0.3963385310144533,-0.34861053589440405,0.6938224565045134,1.7640149251945825,2.6850426621997645,4.594754096582756
1,-2.5492458081655016,-2.1063697047870846,-1.8370250040755824,-1.5592959531732395,-1.5456196225947223,-0.34613640747542196,-0.1575967324700611,1.1650943780071554,1.6581680124232305,2.201463916804459,5.076562925506767
1,-2.450859703158755,-2.000000000000001,-1.8586013125649405,-1.6691360866529652,-1.5456140697848708,-0.4160114147878716,-0.12269317871069459,1.2717198494108,1.6877087863679978,2.2325707920673263,4.8709163378139735
1,-2.4547688281932825,-2.1109590982571915,-1.8989422560869906,-1.431897626428256,-1.2857320250664719,-0.4962733597291868,-0.10932777209093053,1.2058213173060277,1.7353019031050918,2.411993292455586,4.434784452985604
0,-2.279881707250757,-2.18527291817072,-1.7669854101616451,-1.6491796578003193,-1.5478287270677185,-0.39780741759901594,-0.1191891027018178,1.104884922939518,1.966562508094666,2.233690077669234,4.641007432048581
0,-2.460504870018765,-2.450244394554343,-1.7658373972351638,-1.1624632135624522,-1.0000000000000007,-0.4042113570094981,-0.23912327825655438,0.9999999999999992,1.699628148275319,2.5665990550257454,4.2161573073357115
1,-2.5249816239316907,-2.2798817072507576,-1.6491796578003195,-1.5478287270677187,-1.153398036843438,-0.39780741759901567,-0.2183769905353299,0.7235153355108719,2.1732413157995865,2.233690077669233,4.641007432048579
1,-2.450244394554343,-2.0696279303558995,-1.765837397235164,-1.1624632135624529,-0.9999999999999998,-0.5827719754125512,-0.4042113570094989,0.36198928490127247,2.290410620867179,2.566599055025744,4.2161573073357115
1,-2.708028074999704,-1.9541644657799444,-1.8571125428454334,-1.3932243562177449,-1.2048720270366036,-0.44375015159936104,-0.1986196565284175,0.7576679725390497,1.9537492132490835,2.3974652164971975,4.650888872721879
1,-2.7579856321508034,-2.061498850684642,-1.8485273499567463,-1.3475084379135276,-1.0000000000000002,-0.3963385310144525,-0.22383698091158316,0.6938224565045141,1.7640149251945814,2.50501170057991,4.672846700352753
1,-2.5520404781072625,-1.9999999999999964,-1.8264793893158777,-1.73205080756888,-1.414213562373095,-0.45691991826273143,-1.6653345369377348e-16,1.4142135623730956,1.7320508075688759,1.9043349294359933,4.9311048562498785
1,-2.2931486611993463,-2.175327747161075,-2.000000000000003,-1.6484338402179177,-1.1260325006104934,-0.48384419257119105,1.3954659758457304e-15,1.1260325006104943,1.9583258890153359,2.1753277471610746,4.467100804973121
1,-2.944933659800248,-2.1835118039204553,-1.8019377358048394,-1.1644897922316095,-1.0000000000000009,-0.4450418679126306,-0.23902064461432884,0.9999999999999994,1.2469796037174685,2.390969813450713,5.140986087115929
1,-2.638657625586233,-2.076070269373823,-1.918985947228995,-1.3097214678905702,-1.2018333452101664,-0.30439223961451944,-0.2846296765465701,0.8308300260037726,1.682507065662362,2.5810896485235713,4.639863831261172
0,-3.0825471967221563,-1.8019377358048394,-1.4707928703824706,-1.1565833397933163,-0.9999999999999991,-0.4450418679126272,-0.35007557849967397,0.9999999999999982,1.2469796037174654,2.8398399665907377,4.220159018806883
1,-2.7699735152991956,-2.,-1.8608058531117004,-1.6931577315768154,-0.9999999999999994,-0.42315779285789157,-0.25410168836505154,0.9999999999999988,1.7741758662507905,2.1149075414767555,5.112113173483106
1,-2.333959792634101,-2.176326709665295,-1.9999999999999991,-1.654069774484213,-0.9999999999999991,-0.5443819280769743,-0.2513995086563153,1.099930831305716,2.011204578633632,2.197405891478053,4.651596412099498
1,-2.302775637731995,-2.192915360345685,-1.8608058531117027,-1.7204827629998523,-1.0000000000000002,-0.5802136234964795,-0.2541016883650529,1.3027756377319946,2.0612855917878536,2.1149075414767555,4.432326155054167
0,-2.5078577063672127,-2.3826632605369102,-1.6410430818112522,-1.2965693294727065,-0.9999999999999989,-0.4326712024598554,-0.3264666169365491,1.0000000000000004,2.0250098852981373,2.3501729592847105,4.212088353001636
1,-2.400098429058138,-2.0000000000000004,-1.9999999999999996,-1.8608058531117004,-0.999999999999999,-0.34424660000575796,-0.25410168836505415,1.0000000000000004,2.0725712538200893,2.114907541476756,4.671773775243803
1,-3.015153077026235,-2.0537112337721735,-1.6180339887498945,-1.4328328095109608,-1.414213562373096,-1.4140585073656024e-16,0.18502156071543538,0.6180339887498942,1.4142135623730958,2.103183666813797,5.21349189278014
1,-2.69118711992749,-1.9999999999999991,-1.9189859472289945,-1.4629294677332916,-1.3097214678905704,-0.28462967654656973,0.16755557443321978,0.8308300260037733,1.682507065662362,2.2316829099779407,4.754878103249622
1,-3.3588989435406735,-1.8793852415718175,-1.8793852415718162,-1.0000000000000004,-1.,-1.5178830414797062e-16,0.34729635533386033,0.3472963553338605,1.5320888862379562,1.5320888862379567,5.3588989435406695
1,-2.6661848599685274,-2.068275070901359,-1.81461362234497,-1.710367258942915,-1.0736529751106396,-0.5145029761092258,-0.2691955944589659,1.134399440586091,1.5808849385114045,2.335399087897064,5.06610889084204
1,-2.36286980123385,-2.1497211021567617,-1.8375098381495623,-1.710991444144182,-1.0000000000000002,-0.7132616735243152,-0.334234960197037,1.3268976070056804,1.8813902266082545,2.2746095869556737,4.6256913988361
1,-2.321501339470057,-2.2637930153886328,-1.9350356783987124,-1.540560732774194,-1.0935705791105357,-0.49834239440971634,-0.34997499277245747,1.1470925175635067,1.893260097955797,2.327195238176039,4.635230878628961
1,-2.4814763810178184,-2.1459045442846425,-1.9216294246206824,-1.5969535692725232,-1.0000000000000009,-0.36244378457668897,-0.3269085971936443,0.866925770869099,1.905609452643769,2.4286966489334176,4.634084428519714
1,-2.5251047779258022,-2.0680395647988723,-1.7968625424336198,-1.6489326814238845,-1.0932844866328086,-0.4985360951123526,-0.3160457113597779,0.9571138497895564,2.0428778375531187,2.325117100372518,4.621697071971923
0,-2.28610011747738,-2.264177217753059,-1.8841393575152774,-1.6925509345712269,-1.1025910389469638,-0.6439523529785729,-0.32084284346505215,1.2332468595537154,1.788760721150475,2.3497715266520056,4.822574755351338
1,-2.5526788809079983,-2.2400793549521403,-1.7171504093225478,-1.437715613825545,-1.0000000000000007,-0.4417660753113643,-0.30574955923276675,0.8125245951590793,2.081102287255209,2.3907736657037857,4.410739345434288
1,-2.578255646544808,-1.9999999999999982,-1.730448891368141,-1.532088886237955,-0.769952145050306,-0.4649930716604199,-0.3472963553338596,0.974839055185556,1.879385241571816,2.568810699438119,3.9999999999999973
0,-2.4811943040920155,-2.142883258880052,-1.9999999999999993,-1.5668197614848307,-0.6972528668922736,-0.6888921825340185,-3.266455467617325e-16,1.1700864866260345,1.28903193891658,2.7007832029589656,4.417140745381608
1,-2.552664115400057,-2.1178875992023016,-1.8019377358048396,-1.7137794545346203,-0.7073300728503383,-0.44504186791262906,-0.3568460347059105,1.246979603717468,1.4010042438890642,2.6189585296426556,4.428544503161506
0,-2.4724484848089756,-2.2469796037174667,-1.9148425415206902,-1.6270251473503103,-0.570851160285167,-0.55495813208737,-0.3393499110124661,0.8019377358048371,1.613080340876362,2.7066259106495285,4.60481099345172
0,-2.4862719019718353,-2.0000000000000013,-1.9999999999999998,-1.5615528128088292,-1.0000000000000002,-0.8221870677862483,-1.1634106296076965e-15,1.0000000000000007,1.697498011945581,2.5615528128088294,4.610960957812505
1,-2.851035499841455,-2.0706302113522157,-1.8019377358048376,-1.298464279748553,-1.0000000000000002,-0.661515119518899,-0.4450418679126274,1.246979603717466,1.4648914537388422,2.3280777676761955,5.088675889046084
0,-2.7160241762129997,-2.0000000000000004,-1.7746517659897003,-1.0000000000000004,-0.9999999999999999,-0.9999999999999996,-0.40361881822153045,1.2108708888742648,1.761496853389548,2.5161621180779568,4.405764900082461
0,-2.8869064769958044,-1.8019377358048407,-1.7654264844611567,-1.1357465524039154,-1.0000000000000002,-0.5726416082247424,-0.44504186791262834,1.2469796037174674,1.5341190749296034,2.614416617955077,4.21218542920094
1,-2.500768636599144,-2.1440731102563864,-1.9999999999999998,-1.1797935015135783,-1.000000000000001,-0.826704042893651,-0.3450836800777129,1.028541676148064,1.91018896092078,2.4466166839725023,4.61107565029913
1,-2.5378682455756314,-2.1960189878301817,-1.8019377358048396,-1.261594576288711,-0.9999999999999996,-0.8457352306744198,-0.44504186791263006,1.2469796037174683,1.8176615331014696,2.4025489703990215,4.621006536868455
1,-2.6051747555989677,-2.1518289057900053,-1.800574365997637,-1.3018246371740754,-0.9999999999999996,-0.6765708184654253,-0.23791229491486296,1.0057555118664134,1.9948899132060625,2.337332624625744,4.4359077282427535
0,-2.7699493049241917,-2.110211374187035,-1.5752348773035678,-1.158042424907182,-1.0000000000000002,-0.6877525135221991,-0.34726086939398854,1.2224483402724904,1.6992301737526978,2.511368708340288,4.215404141872691
1,-2.49899951931718,-2.1546920834086145,-2.,-1.3430236324072948,-0.9999999999999991,-0.6646709436771723,-0.29473068652532164,1.1452200604168443,1.7950686350836038,2.3600433465006287,4.655784823334507
1,-2.4391375705079064,-2.270922454034393,-1.8603251172052386,-1.4651631709774695,-1.0000000000000002,-0.5012731068445913,-0.1801522788777146,1.2526781016043425,1.397993815424622,2.6635598022852367,4.402741979133114
0,-2.618033988749894,-2.0000000000000004,-1.6180339887498945,-1.4728339089952553,-0.618033988749895,-0.46259842297477477,-0.3819660112501067,0.6180339887498942,1.6180339887498956,2.935432331970031,4.000000000000002
1,-2.7839591945112017,-2.3027756377319952,-1.2774365643137215,-1.000000000000002,-0.9999999999999999,-0.9999999999999993,-0.9999999999999979,1.302775637731994,1.9999999999999996,2.0000000000000013,5.061395758824923
1,-2.698516137627805,-2.2867757518910268,-1.0000000000000009,-1.0000000000000004,-1.0000000000000002,-0.9999999999999998,-0.9999999999999997,1.2120451407868433,1.9999999999999996,2.3665306990133343,4.406716049718654
1,-2.4000984290581378,-2.302775637731994,-2.,-1.0000000000000004,-0.9999999999999999,-0.9999999999999999,-0.3442466000057597,1.302775637731993,2.,2.072571253820092,4.671773775243808
1,-2.5078577063672127,-2.5070186440929754,-1.2965693294727065,-1.0000000000000007,-0.9999999999999997,-0.9999999999999993,-0.43267120245985635,1.2218761622631913,2.0250098852981377,2.285142481829786,4.212088353001636
1,-2.5070186440929763,-2.3878933244227656,-1.5547488476843487,-1.0000000000000002,-0.9999999999999996,-0.999999999999999,-0.6936097731387886,1.2218761622631926,2.0181823134558057,2.285142481829786,4.618069631790098
1,-2.4728339089952556,-1.9999999999999996,-1.9999999999999996,-1.4625984229747742,-1.0000000000000007,-1.0000000000000002,-0.618033988749895,1.6180339887498947,1.935432331970029,1.9999999999999982,5.000000000000001
1,-2.28282131208378,-2.2287580386325456,-1.8688110151421697,-1.6414472885038185,-0.9999999999999997,-0.9442889845388078,-0.3824769955544627,1.5816025945788394,1.8040328461918287,2.1400061801079895,4.82296201357693
1,-2.329048002088139,-2.212181611096849,-1.918936047009623,-1.5021983981365818,-0.9999999999999991,-0.8304344112183365,-0.38267583565010543,1.5503808059294955,1.8245353464359872,2.1652882326731397,4.6352699201610115
0,-2.328905775859138,-2.238669008537514,-1.8701144127098908,-1.4817212090028256,-0.9999999999999996,-0.8144453428956656,-0.23663610574164834,1.4804726925193346,1.742570381848899,2.3344862111521074,4.412962569226341
1,-2.302775637731994,-2.2785014435837545,-2.0000000000000004,-1.4117181137034862,-0.9999999999999997,-0.5665831245676162,-0.3013078726652737,1.3027756377319948,1.661776969492586,2.4831618408353013,4.413171744192244
1,-2.4728339089952556,-2.1966274574086353,-1.7554067511246911,-1.4625984229747742,-1.,-0.9999999999999998,-0.2212600134468478,1.5071474778234748,1.935432331970031,1.9999999999999987,4.6661467441567
1,-2.501411077741247,-2.1490608087084664,-1.9068809876512183,-1.3194966928474765,-0.9999999999999993,-0.6774807512797766,-0.12137684724656168,1.3803911306642347,1.6549446627065925,2.4308281539656504,4.209543218138267
1,-2.332179449641352,-1.9999999999999993,-1.8562040729364078,-1.8216637715491606,-1.0717668999409786,-0.8461690905829231,-0.2471752137793717,1.4881997686824295,1.8874596649252078,2.1796330934496564,4.619865971372901
1,-2.3612521559998854,-2.236067977499789,-2.0000000000000004,-1.0000000000000016,-0.9999999999999999,-0.9999999999999996,-0.7843330159715568,1.3515718821151763,2.000000000000002,2.23606797749979,4.794013289856267
0,-2.700539872591947,-2.29706853930192,-1.4992076392803266,-1.446497035291035,-0.9999999999999997,-0.3708002412180922,-0.175438839714379,1.019177049194205,1.2896747881044146,2.7420871851542774,4.438613144944804
0,-2.5238223251539686,-2.,-1.9999999999999998,-1.449420540757496,-0.7536265628678184,-0.44423488728940014,-0.13154248800733512,0.6400875546535746,1.6357632487075415,2.8157106031972328,4.211085397517669
0,-2.665435995400277,-2.1404609679899784,-1.8181151209279083,-1.4960202670805338,-0.9378408284915445,-0.548904916892854,-4.0178965905782687e-16,0.7600176132717509,1.5545030805959543,2.644429913436589,4.647827489478804
0,-2.919818564362061,-2.118015165218875,-1.6180339887498953,-1.414837676794606,-0.9358519403339721,-0.25324265781964667,3.3306690738754696e-16,0.618033988749895,1.1940966080952429,2.752444320276193,4.695225076157725
0,-2.586475795862875,-2.157220715102335,-1.8161416517016524,-1.4888331028816053,-0.9999999999999998,-0.5341546232921353,-9.090209975281134e-16,1.0235437945166705,1.5005076285532444,2.6227691895686895,4.436005276202001
0,-3.040594870598957,-1.88678158647357,-1.801937735804839,-1.4162378987714952,-0.4450418679126292,-0.218454925967774,-9.212373065700754e-16,3.3058886869950265e-17,1.2469796037174674,2.9009949185710107,4.661074363240786
0,-2.601124922788381,-2.359379387823889,-1.7300080986343633,-1.4544157055663571,-0.6074157401328107,-0.41643245531971446,-0.2557553815972571,0.8127352077574732,1.392499368718321,2.805681562700902,4.413615552686075
0,-2.799797920454095,-2.0427782387288485,-1.8019377358048343,-1.4642670379328864,-0.7015142598526845,-0.4450418679126293,-0.09692406454856389,0.8365362141597952,1.246979603717465,2.851598045844532,4.417147261512752
0,-2.4412909104124614,-2.166998522591245,-1.8567047468320164,-1.5668886275946297,-1.0000000000000004,-0.5149160526245797,-0.2931110702233377,1.3543216966186302,1.5230955906316705,2.5596955560511945,4.40279708697677
1,-2.482546945329196,-2.120151049396947,-1.7976831618747677,-1.5901693446052132,-0.9999999999999996,-0.6610342299975489,-0.22414918462971722,1.361390927944754,1.6373371780062136,2.46035541120141,4.4166503986810115
0,-2.5250372782500934,-2.2841552047369316,-1.7745067953314988,-1.552758664421159,-0.7275199327065697,-0.415311120551561,-0.3067337912131667,0.8121351391305708,1.7222632237294746,2.641907210938412,4.409717213412523
0,-2.537877074777467,-2.221348736528585,-1.7125513853984387,-1.5900634411188515,-0.9098929928972829,-0.6313850834771992,-0.3007852797785181,0.9786980011879958,1.7959599764570129,2.503907403565751,4.6253386127655824
1,-2.34931104378326,-2.000000000000001,-1.9999999999999993,-1.7801718476070703,-0.8238321034804458,-0.618033988749894,-0.15139400708356213,1.5623269236551118,1.618033988749894,2.331015713256542,4.211366365042682
1,-2.680561032642063,-2.0000000000000004,-1.9999999999999978,-1.7517876444463578,-1.0000000000000002,-0.41421356237309465,2.1933394605181392e-16,0.9999999999999984,1.3375740820732598,2.4142135623730923,5.09477459501516
0,-2.4519386498878704,-2.198150116516775,-1.9314232385494319,-1.672750843396441,-1.0000000000000007,-0.366337196164252,-0.03925177634274413,0.8186812099193786,1.6621777982965615,2.519483483476682,4.659509329164893
1,-2.4907178703996533,-2.2380519662744014,-1.8749580659601621,-1.5504045692025858,-0.9999999999999994,-0.5107544946348912,-0.10545266095347704,0.9230412212224849,1.7536347921737148,2.426795294970228,4.666868319058744
0,-2.8187224286571495,-2.149060808708466,-1.510372583222316,-1.3194966928474763,-0.9999999999999972,-0.4262442376355511,-0.12137684724656167,0.9999999999999998,1.3803911306642365,2.755339249515016,4.209543218138265
1,-2.4874111436711255,-1.9999999999999991,-1.947946913467749,-1.3147040901033848,-0.9999999999999983,-0.41421356237309614,-0.3550556985058268,0.6568023476517363,2.2387640394831805,2.414213562373095,4.2095514586131655
1,-2.5014110777412464,-2.1490608087084655,-1.9068809876512185,-1.3194966928474758,-1.0000000000000007,-0.6774807512797767,-0.12137684724656057,1.3803911306642331,1.6549446627065914,2.43082815396565,4.209543218138268
0,-2.5369379796030893,-2.1966274574086344,-1.7554067511246918,-1.657251763463075,-0.999999999999998,-0.4816275505340173,-0.2212600134468485,1.1938275980385822,1.5071474778234735,2.4819896955615963,4.6661467441567
0,-2.9070048516229803,-1.9999999999999996,-1.7523575037135621,-1.5615528128088292,-1.,-0.3073866533844942,1.2472872491718873e-15,0.999999999999998,1.036192880756344,2.561552812808829,4.930556127964693
0,-2.4641016151377553,-2.270922454034393,-2.0000000000000018,-1.46516317097747,-0.9999999999999994,-0.18015227887771537,1.598713145704917e-17,1.000000000000001,1.252678101604343,2.6635598022852363,4.464101615137757
0,-2.8806713980262195,-2.0000000000000004,-1.7457149991840475,-1.5455732948033523,-0.6470091087638976,-0.42397918144499547,-1.3873397776032428e-17,0.35204620947229914,1.4172351418231268,2.8405361940949527,4.633130436832135
0,-2.4920012479488176,-2.,-1.9999999999999993,-1.357895121043284,-0.6180339887498945,-0.37287416460496753,-8.161037338913911e-17,8.161037338913911e-17,1.618033988749895,3.0102162442518448,4.212554289345224
