Motif_4_cliques,Motif_4_cliques_per_Cn4,Motif_4_cycles,Motif_4_cycles_per_Cn4,Motif_induced_connected_per_4set,Motif_square_clustering_proxy,Motif_triangle_edge_frac_ge2,Motif_triangle_edge_frac_zero,Motif_triangle_edge_incidence_mean,Motif_triangle_edge_incidence_median,Motif_triangle_edge_incidence_q90,Motif_triangle_edge_incidence_std,Motif_triangles,Motif_triangles_per_Cn3,Motif_wedges,Motif_wedges_per_max,Motif_5_cliques,Motif_5_cliques_per_Cn5,Motif_5_cycles,Motif_5_cycles_per_Cn5,Motif_5_cycles_per_Kn,Motif_induced5_g_0_5,Motif_induced5_g_0_5_per_Cn5,Motif_induced5_g_10_5,Motif_induced5_g_10_5_per_Cn5,Motif_induced5_g_11_5,Motif_induced5_g_11_5_per_Cn5,Motif_induced5_g_12_5,Motif_induced5_g_12_5_per_Cn5,Motif_induced5_g_13_5,Motif_induced5_g_13_5_per_Cn5,Motif_induced5_g_14_5,Motif_induced5_g_14_5_per_Cn5,Motif_induced5_g_15_5,Motif_induced5_g_15_5_per_Cn5,Motif_induced5_g_16_5,Motif_induced5_g_16_5_per_Cn5,Motif_induced5_g_17_5,Motif_induced5_g_17_5_per_Cn5,Motif_induced5_g_18_5,Motif_induced5_g_18_5_per_Cn5,Motif_induced5_g_1_5,Motif_induced5_g_1_5_per_Cn5,Motif_induced5_g_20_5,Motif_induced5_g_20_5_per_Cn5,Motif_induced5_g_2_5,Motif_induced5_g_2_5_per_Cn5,Motif_induced5_g_3_5,Motif_induced5_g_3_5_per_Cn5,Motif_induced5_g_4_5,Motif_induced5_g_4_5_per_Cn5,Motif_induced5_g_5_5,Motif_induced5_g_5_5_per_Cn5,Motif_induced5_g_6_5,Motif_induced5_g_6_5_per_Cn5,Motif_induced5_g_7_5,Motif_induced5_g_7_5_per_Cn5,Motif_induced5_g_8_5,Motif_induced5_g_8_5_per_Cn5,Motif_induced5_g_9_5,Motif_induced5_g_9_5_per_Cn5,Motif_induced_connected_per_5set,Motif_induced_g_1_4,Motif_induced_g_1_4_per_Cn4,Motif_induced_g_2_4,Motif_induced_g_2_4_per_Cn4,Motif_induced_g_3_4,Motif_induced_g_3_4_per_Cn4,Motif_induced_g_4_4,Motif_induced_g_4_4_per_Cn4,Motif_induced_g_5_4,Motif_induced_g_5_4_per_Cn4,Motif_induced_g_6_4,Motif_induced_g_6_4_per_Cn4,sample_index
0.0,0.0,-0.17495604,0.0,0.0,0.0,0.0,0.09746549,0.0,0.0,0.0,0.0015791198,0.0,0.0,0.0,0.0,0.0,0.0,-0.0011480547,0.0,0.0,0.0,0.0,0.0,0.0,-0.014404792,0.0,0.0,0.0,0.0,0.0,0.0,0.0,0.030349832,0.0,0.0,0.0,0.0,0.0,0.035053257,0.0,0.04792357,0.0,0.0,0.0,0.111517176,0.0,0.0,0.0,0.029223384,0.0,-0.026291903,0.0,0.0,0.0,0.0,0.0,0.0,0.0,-0.0008477526,0.0,0.060385052,-0.36703587,0.0,0.045742515,0.0,0.09573728,0.0,1.4074438,0.0,0.0,0.0,0.0,0.0,0
0.0,0.0,0.046726346,0.0,0.0,0.0,0.0,0.14209048,0.0,0.0,0.0,0.0015791198,0.0,0.0,0.0,0.0,0.0,0.0,-0.00079537235,0.0,0.0,0.0,0.0,0.0,0.0,-0.041606538,0.0,0.0,0.0,0.0,0.0,0.0,0.0,0.04442253,0.0,0.0,0.0,0.0,0.0,0.13721927,0.0,-0.01247136,0.0,0.0,0.0,0.1167866,0.0,0.0,0.0,-0.0060744695,0.0,-0.014003553,0.0,0.0,0.0,0.0,0.0,0.0,0.0,-0.0021419688,0.0,0.009929914,-0.41679794,0.0,0.092878565,0.0,0.17786041,0.0,-0.20831998,0.0,0.0,0.0,0.0,0.0,1
0.0,0.0,-0.17692202,0.0,0.0,0.0,0.0,0.12093518,0.0,0.0,0.0,0.000932639,0.0,0.0,0.0,0.0,0.0,0.0,-0.0011480547,0.0,0.0,0.0,0.0,0.0,0.0,-0.0052551804,0.0,0.0,0.0,0.0,0.0,0.0,0.0,0.106031716,0.0,0.0,0.0,0.0,0.0,0.057044916,0.0,-0.004507651,0.0,0.0,0.0,-0.29347074,0.0,0.0,0.0,-0.00935499,0.0,-0.04212607,0.0,0.0,0.0,0.0,0.0,0.0,0.0,-0.0008477526,0.0,-0.1752521,-0.20155549,0.0,-0.0148417,0.0,-0.086844616,0.0,1.5670118,0.0,0.0,0.0,0.0,0.0,2
0.0,0.0,-0.17431676,0.0,0.0,0.0,0.0,0.09183763,0.0,0.0,0.0,0.0015791198,0.0,0.0,0.0,0.0,0.0,0.0,-0.0032860572,0.0,0.0,0.0,0.0,0.0,0.0,-0.03362225,0.0,0.0,0.0,0.0,0.0,0.0,0.0,0.030349832,0.0,0.0,0.0,0.0,0.0,0.035053257,0.0,0.04792357,0.0,0.0,0.0,0.10954198,0.0,0.0,0.0,0.01663058,0.0,0.04561744,0.0,0.0,0.0,0.0,0.0,0.0,0.0,0.009377207,0.0,0.060385052,-0.38330814,0.0,-0.013871196,0.0,0.08835407,0.0,1.1696038,0.0,0.0,0.0,0.0,0.0,3
0.0,0.0,0.038664334,0.0,0.0,0.0,0.0,0.0957452,0.0,0.0,0.0,0.0015791198,0.0,0.0,0.0,0.0,0.0,0.0,0.00036929472,0.0,0.0,0.0,0.0,0.0,0.0,0.053867072,0.0,0.0,0.0,0.0,0.0,0.0,0.0,-0.010855915,0.0,0.0,0.0,0.0,0.0,0.057044916,0.0,0.003940241,0.0,0.0,0.0,0.15115917,0.0,0.0,0.0,-0.0044623213,0.0,0.05616389,0.0,0.0,0.0,0.0,0.0,0.0,0.0,-0.0008477526,0.0,0.060385052,-0.38330814,0.0,-0.013871196,0.0,0.12624827,0.0,1.048508,0.0,0.0,0.0,0.0,0.0,4
0.0,0.0,0.07461226,0.0,0.0,0.0,0.0,0.16343768,0.0,0.0,0.0,0.0044053094,0.0,0.0,0.0,0.0,0.0,0.0,-0.00079537235,0.0,0.0,0.0,0.0,0.0,0.0,0.08389293,0.0,0.0,0.0,0.0,0.0,0.0,0.0,0.04442253,0.0,0.0,0.0,0.0,0.0,0.1446239,0.0,-0.01339224,0.0,0.0,0.0,0.2299526,0.0,0.0,0.0,-0.022954658,0.0,-0.097772434,0.0,0.0,0.0,0.0,0.0,0.0,0.0,-0.0007768915,0.0,-0.029614357,0.26175907,0.0,-0.0017105532,0.0,0.12474226,0.0,-0.26775113,0.0,0.0,0.0,0.0,0.0,5
0.0,0.0,-0.17692202,0.0,0.0,0.0,0.0,0.08296112,0.0,0.0,0.0,0.000932639,0.0,0.0,0.0,0.0,0.0,0.0,-0.0011480547,0.0,0.0,0.0,0.0,0.0,0.0,0.019802526,0.0,0.0,0.0,0.0,0.0,0.0,0.0,-0.035119716,0.0,0.0,0.0,0.0,0.0,0.057044916,0.0,-0.004507651,0.0,0.0,0.0,-0.28137505,0.0,0.0,0.0,0.029223384,0.0,-0.031359397,0.0,0.0,0.0,0.0,0.0,0.0,0.0,-0.0008477526,0.0,-0.1752521,-0.23057157,0.0,-0.0148417,0.0,0.045081962,0.0,1.5493764,0.0,0.0,0.0,0.0,0.0,6
0.0,0.0,-0.025437944,0.0,0.0,0.0,0.0,0.13346103,0.0,0.0,0.0,0.0015791198,0.0,0.0,0.0,0.0,0.0,0.0,-0.00079537235,0.0,0.0,0.0,0.0,0.0,0.0,0.0825913,0.0,0.0,0.0,0.0,0.0,0.0,0.0,-0.013074565,0.0,0.0,0.0,0.0,0.0,0.13721927,0.0,-0.026788477,0.0,0.0,0.0,0.17816085,0.0,0.0,0.0,-0.0044623213,0.0,0.09442208,0.0,0.0,0.0,0.0,0.0,0.0,0.0,-0.0021419688,0.0,0.008792735,-0.44018573,0.0,-0.014717071,0.0,0.12550746,0.0,-0.23152457,0.0,0.0,0.0,0.0,0.0,7
0.0,0.0,-0.17603995,0.0,0.0,0.0,0.0,0.12388107,0.0,0.0,0.0,0.0016817559,0.0,0.0,0.0,0.0,0.0,0.0,-0.0011480547,0.0,0.0,0.0,0.0,0.0,0.0,-0.025467131,0.0,0.0,0.0,0.0,0.0,0.0,0.0,0.1356052,0.0,0.0,0.0,0.0,0.0,0.059114013,0.0,0.003940241,0.0,0.0,0.0,-0.50828093,0.0,0.0,0.0,-0.00178293,0.0,0.056380175,0.0,0.0,0.0,0.0,0.0,0.0,0.0,-0.0008477526,0.0,0.060385052,0.13128415,0.0,-0.004424822,0.0,-0.086844616,0.0,1.5951862,0.0,0.0,0.0,0.0,0.0,8
0.0,0.0,-0.17603995,0.0,0.0,0.0,0.0,0.08715935,0.0,0.0,0.0,0.0015791198,0.0,0.0,0.0,0.0,0.0,0.0,-0.0011480547,0.0,0.0,0.0,0.0,0.0,0.0,0.033928383,0.0,0.0,0.0,0.0,0.0,0.0,0.0,-0.010855915,0.0,0.0,0.0,0.0,0.0,-0.18151668,0.0,-0.014787853,0.0,0.0,0.0,0.15071434,0.0,0.0,0.0,0.01663058,0.0,0.047321506,0.0,0.0,0.0,0.0,0.0,0.0,0.0,-0.0008477526,0.0,0.060385052,-0.3773202,0.0,-0.013871196,0.0,0.0503435,0.0,1.6609001,0.0,0.0,0.0,0.0,0.0,9
0.0,0.0,0.062407486,0.0,0.0,0.0,0.0,0.15088573,0.0,0.0,0.0,0.0044053094,0.0,0.0,0.0,0.0,0.0,0.0,-0.00079537235,0.0,0.0,0.0,0.0,0.0,0.0,-0.048348933,0.0,0.0,0.0,0.0,0.0,0.0,0.0,-0.011756756,0.0,0.0,0.0,0.0,0.0,-0.20590827,0.0,0.3250872,0.0,0.0,0.0,0.27739602,0.0,0.0,0.0,-0.006671647,0.0,-0.0058876313,0.0,0.0,0.0,0.0,0.0,0.0,0.0,0.0085933935,0.0,-0.029614357,0.26039618,0.0,-0.008883752,0.0,0.08518455,0.0,-0.2510047,0.0,0.0,0.0,0.0,0.0,10
0.0,0.0,0.11612601,0.0,0.0,0.0,0.0,0.15399559,0.0,0.0,0.0,0.0044053094,0.0,0.0,0.0,0.0,0.0,0.0,0.023081,0.0,0.0,0.0,0.0,0.0,0.0,0.05504486,0.0,0.0,0.0,0.0,0.0,0.0,0.0,-0.01219481,0.0,0.0,0.0,0.0,0.0,0.06480342,0.0,0.059505504,0.0,0.0,0.0,0.22991657,0.0,0.0,0.0,0.12721707,0.0,-0.051771626,0.0,0.0,0.0,0.0,0.0,0.0,0.0,-0.0007768915,0.0,-0.029614357,0.16613267,0.0,0.07952971,0.0,0.16496563,0.0,-0.624052,0.0,0.0,0.0,0.0,0.0,11
0.0,0.0,0.0016046856,0.0,0.0,0.0,0.0,0.17596188,0.0,0.0,0.0,0.0044053094,0.0,0.0,0.0,0.0,0.0,0.0,-0.00079537235,0.0,0.0,0.0,0.0,0.0,0.0,0.06081128,0.0,0.0,0.0,0.0,0.0,0.0,0.0,-0.013074565,0.0,0.0,0.0,0.0,0.0,-0.20590827,0.0,0.32600808,0.0,0.0,0.0,0.29088205,0.0,0.0,0.0,-0.005059499,0.0,0.12227568,0.0,0.0,0.0,0.0,0.0,0.0,0.0,-0.0021419688,0.0,0.009929914,0.26427418,0.0,-0.005270698,0.0,-0.17941572,0.0,-0.35294566,0.0,0.0,0.0,0.0,0.0,12
0.0,0.0,-0.17692202,0.0,0.0,0.0,0.0,0.1286623,0.0,0.0,0.0,0.0016817559,0.0,0.0,0.0,0.0,0.0,0.0,-0.0011480547,0.0,0.0,0.0,0.0,0.0,0.0,-0.036110073,0.0,0.0,0.0,0.0,0.0,0.0,0.0,-0.045895025,0.0,0.0,0.0,0.0,0.0,0.059114013,0.0,-0.004507651,0.0,0.0,0.0,-0.47649553,0.0,0.0,0.0,0.02345123,0.0,-0.019598994,0.0,0.0,0.0,0.0,0.0,0.0,0.0,-0.0008477526,0.0,-0.1752521,0.14646095,0.0,-0.0053953268,0.0,-0.086844616,0.0,1.6148989,0.0,0.0,0.0,0.0,0.0,13
0.0,0.0,-0.026320007,0.0,0.0,0.0,0.0,0.14285567,0.0,0.0,0.0,0.0015791198,0.0,0.0,0.0,0.0,0.0,0.0,-0.00079537235,0.0,0.0,0.0,0.0,0.0,0.0,-0.05921554,0.0,0.0,0.0,0.0,0.0,0.0,0.0,0.04442253,0.0,0.0,0.0,0.0,0.0,0.13721927,0.0,-0.01339224,0.0,0.0,0.0,0.115256235,0.0,0.0,0.0,0.029223384,0.0,-0.054565277,0.0,0.0,0.0,0.0,0.0,0.0,0.0,-0.0021419688,0.0,-0.029614357,-0.43045697,0.0,-0.018330125,0.0,0.107842304,0.0,-0.23078452,0.0,0.0,0.0,0.0,0.0,14
0.0,0.0,0.19373341,0.0,0.0,0.0,0.0,-0.44533917,0.0,0.0,0.0,0.0044053094,0.0,0.0,0.0,0.0,0.0,0.0,-0.011811335,0.0,0.0,0.0,0.0,0.0,0.0,-0.048348933,0.0,0.0,0.0,0.0,0.0,0.0,0.0,-0.010115268,0.0,0.0,0.0,0.0,0.0,0.13061517,0.0,-0.01247136,0.0,0.0,0.0,0.17277496,0.0,0.0,0.0,0.082772054,0.0,-0.03967593,0.0,0.0,0.0,0.0,0.0,0.0,0.0,-0.0007768915,0.0,0.009929914,0.12092276,0.0,-0.007686536,0.0,0.14993583,0.0,-0.7612361,0.0,0.0,0.0,0.0,0.0,15
0.0,0.0,0.07549433,0.0,0.0,0.0,0.0,0.15480821,0.0,0.0,0.0,0.0044053094,0.0,0.0,0.0,0.0,0.0,0.0,-0.00079537235,0.0,0.0,0.0,0.0,0.0,0.0,0.0825913,0.0,0.0,0.0,0.0,0.0,0.0,0.0,-0.013074565,0.0,0.0,0.0,0.0,0.0,0.1446239,0.0,-0.026788477,0.0,0.0,0.0,0.29132688,0.0,0.0,0.0,-0.005059499,0.0,0.17389466,0.0,0.0,0.0,0.0,0.0,0.0,0.0,-0.0007768915,0.0,0.008792735,0.27327177,0.0,-0.005270698,0.0,0.08461294,0.0,-0.26057127,0.0,0.0,0.0,0.0,0.0,16
0.0,0.0,-0.17692202,0.0,0.0,0.0,0.0,0.12859742,0.0,0.0,0.0,0.0016817559,0.0,0.0,0.0,0.0,0.0,0.0,-0.001803923,0.0,0.0,0.0,0.0,0.0,0.0,-0.025467131,0.0,0.0,0.0,0.0,0.0,0.0,0.0,0.1356052,0.0,0.0,0.0,0.0,0.0,-0.18796541,0.0,-0.014787853,0.0,0.0,0.0,-0.50828093,0.0,0.0,0.0,-0.0066755987,0.0,-0.043441124,0.0,0.0,0.0,0.0,0.0,0.0,0.0,-0.0008477526,0.0,0.060385052,0.123272315,0.0,-0.0053953268,0.0,-0.086844616,0.0,1.9715115,0.0,0.0,0.0,0.0,0.0,17
0.0,0.0,-0.017250651,0.0,0.0,0.0,0.0,0.18480146,0.0,0.0,0.0,0.0044053094,0.0,0.0,0.0,0.0,0.0,0.0,-0.0014512407,0.0,0.0,0.0,0.0,0.0,0.0,-0.0450454,0.0,0.0,0.0,0.0,0.0,0.0,0.0,-0.013074565,0.0,0.0,0.0,0.0,0.0,-0.45966417,0.0,-0.08138694,0.0,0.0,0.0,0.29088205,0.0,0.0,0.0,-0.006671647,0.0,-0.018622275,0.0,0.0,0.0,0.0,0.0,0.0,0.0,0.02369286,0.0,-0.029614357,0.2559559,0.0,-0.008883752,0.0,-0.15982908,0.0,-0.35739434,0.0,0.0,0.0,0.0,0.0,18
0.0,0.0,0.053340584,0.0,0.0,0.0,0.0,0.14818963,0.0,0.0,0.0,0.0016817559,0.0,0.0,0.0,0.0,0.0,0.0,0.00036929472,0.0,0.0,0.0,0.0,0.0,0.0,0.044606637,0.0,0.0,0.0,0.0,0.0,0.0,0.0,0.23593466,0.0,0.0,0.0,0.0,0.0,0.12389381,0.0,-0.00061732647,0.0,0.0,0.0,-0.42307752,0.0,0.0,0.0,-0.0033950778,0.0,-0.025417022,0.0,0.0,0.0,0.0,0.0,0.0,0.0,-0.0008477526,0.0,0.024449533,0.14990517,0.0,-0.0053953268,0.0,-0.1790559,0.0,0.2203828,0.0,0.0,0.0,0.0,0.0,19
0.0,0.0,-0.17603995,0.0,0.0,0.0,0.0,0.12388107,0.0,0.0,0.0,0.0016817559,0.0,0.0,0.0,0.0,0.0,0.0,-0.001803923,0.0,0.0,0.0,0.0,0.0,0.0,-0.025467131,0.0,0.0,0.0,0.0,0.0,0.0,0.0,0.1356052,0.0,0.0,0.0,0.0,0.0,0.059114013,0.0,0.003940241,0.0,0.0,0.0,-0.50828093,0.0,0.0,0.0,-0.00178293,0.0,0.056380175,0.0,0.0,0.0,0.0,0.0,0.0,0.0,-0.0008477526,0.0,0.060385052,0.12684387,0.0,-0.004424822,0.0,-0.086844616,0.0,1.6002823,0.0,0.0,0.0,0.0,0.0,20
0.0,0.0,-0.34735537,0.0,0.0,0.0,0.0,0.13020852,0.0,0.0,0.0,0.0015791198,0.0,0.0,0.0,0.0,0.0,0.0,-0.0032860572,0.0,0.0,0.0,0.0,0.0,0.0,-0.03481078,0.0,0.0,0.0,0.0,0.0,0.0,0.0,0.04442253,0.0,0.0,0.0,0.0,0.0,0.120133534,0.0,-0.00061732647,0.0,0.0,0.0,0.12951215,0.0,0.0,0.0,-0.0044623213,0.0,0.043429237,0.0,0.0,0.0,0.0,0.0,0.0,0.0,-0.0008477526,0.0,0.024449533,-0.38986075,0.0,-0.013871196,0.0,-0.15809453,0.0,0.08019123,0.0,0.0,0.0,0.0,0.0,21
0.0,0.0,0.045642428,0.0,0.0,0.0,0.0,0.1578098,0.0,0.0,0.0,0.0044053094,0.0,0.0,0.0,0.0,0.0,0.0,-0.00079537235,0.0,0.0,0.0,0.0,0.0,0.0,-0.05921554,0.0,0.0,0.0,0.0,0.0,0.0,0.0,0.04442253,0.0,0.0,0.0,0.0,0.0,0.1446239,0.0,-0.01247136,0.0,0.0,0.0,0.20299774,0.0,0.0,0.0,-0.00178293,0.0,0.10313309,0.0,0.0,0.0,0.0,0.0,0.0,0.0,-0.0021419688,0.0,0.009929914,0.27327177,0.0,-0.005270698,0.0,0.08518455,0.0,-0.13173161,0.0,0.0,0.0,0.0,0.0,22
0.0,0.0,0.0016046856,0.0,0.0,0.0,0.0,0.12338375,0.0,0.0,0.0,0.0016817559,0.0,0.0,0.0,0.0,0.0,0.0,-0.0014512407,0.0,0.0,0.0,0.0,0.0,0.0,0.04804662,0.0,0.0,0.0,0.0,0.0,0.0,0.0,-0.067184046,0.0,0.0,0.0,0.0,0.0,-0.45966417,0.0,-0.08046606,0.0,0.0,0.0,-0.7069466,0.0,0.0,0.0,-0.005059499,0.0,0.2680358,0.0,0.0,0.0,0.0,0.0,0.0,0.0,-0.0021419688,0.0,0.009929914,0.16155687,0.0,-0.005270698,0.0,-0.11343444,0.0,-0.53117913,0.0,0.0,0.0,0.0,0.0,23
0.0,0.0,-0.0696734,0.0,0.0,0.0,0.0,-0.5648678,0.0,0.0,0.0,0.0044053094,0.0,0.0,0.0,0.0,0.0,0.0,-0.0034846324,0.0,0.0,0.0,0.0,0.0,0.0,-0.03287717,0.0,0.0,0.0,0.0,0.0,0.0,0.0,-0.010115268,0.0,0.0,0.0,0.0,0.0,-0.4147396,0.0,-0.08138694,0.0,0.0,0.0,0.15827242,0.0,0.0,0.0,-0.029945273,0.0,-0.042700205,0.0,0.0,0.0,0.0,0.0,0.0,0.0,-0.0021419688,0.0,-0.029614357,0.14616695,0.0,-0.007686536,0.0,-0.2729936,0.0,-0.95963365,0.0,0.0,0.0,0.0,0.0,24
0.0,0.0,0.0016046856,0.0,0.0,0.0,0.0,0.17596188,0.0,0.0,0.0,0.0044053094,0.0,0.0,0.0,0.0,0.0,0.0,-0.00079537235,0.0,0.0,0.0,0.0,0.0,0.0,0.06081128,0.0,0.0,0.0,0.0,0.0,0.0,0.0,-0.013074565,0.0,0.0,0.0,0.0,0.0,-0.20590827,0.0,0.32600808,0.0,0.0,0.0,0.29088205,0.0,0.0,0.0,0.02775134,0.0,0.08829336,0.0,0.0,0.0,0.0,0.0,0.0,0.0,-0.0021419688,0.0,0.009929914,0.26427418,0.0,-0.005270698,0.0,-0.17941572,0.0,-0.3517742,0.0,0.0,0.0,0.0,0.0,25
0.0,0.0,-0.028100744,0.0,0.0,0.0,0.0,0.14014612,0.0,0.0,0.0,0.0044053094,0.0,0.0,0.0,0.0,0.0,0.0,-0.011811335,0.0,0.0,0.0,0.0,0.0,0.0,-0.060517162,0.0,0.0,0.0,0.0,0.0,0.0,0.0,-0.01219481,0.0,0.0,0.0,0.0,0.0,-0.20590827,0.0,0.3250872,0.0,0.0,0.0,0.22991657,0.0,0.0,0.0,-0.09916724,0.0,-0.11176495,0.0,0.0,0.0,0.0,0.0,0.0,0.0,-0.0021419688,0.0,-0.029614357,0.13490596,0.0,-0.0032120636,0.0,0.18291017,0.0,-0.8472429,0.0,0.0,0.0,0.0,0.0,26
0.0,0.0,-0.17692202,0.0,0.0,0.0,0.0,0.12859742,0.0,0.0,0.0,0.0016817559,0.0,0.0,0.0,0.0,0.0,0.0,-0.0011480547,0.0,0.0,0.0,0.0,0.0,0.0,-0.0052551804,0.0,0.0,0.0,0.0,0.0,0.0,0.0,0.106031716,0.0,0.0,0.0,0.0,0.0,-0.18796541,0.0,-0.014787853,0.0,0.0,0.0,-0.4989194,0.0,0.0,0.0,-0.0066755987,0.0,-0.043441124,0.0,0.0,0.0,0.0,0.0,0.0,0.0,-0.0008477526,0.0,0.060385052,0.12771259,0.0,-0.0053953268,0.0,-0.086844616,0.0,1.9664154,0.0,0.0,0.0,0.0,0.0,27
0.0,0.0,-0.34735537,0.0,0.0,0.0,0.0,0.094457775,0.0,0.0,0.0,0.0016817559,0.0,0.0,0.0,0.0,0.0,0.0,-0.0032860572,0.0,0.0,0.0,0.0,0.0,0.0,0.033963695,0.0,0.0,0.0,0.0,0.0,0.0,0.0,-0.067184046,0.0,0.0,0.0,0.0,0.0,-0.39676976,0.0,-0.1352866,0.0,0.0,0.0,-0.60579455,0.0,0.0,0.0,-0.00178293,0.0,0.045769107,0.0,0.0,0.0,0.0,0.0,0.0,0.0,-0.0008477526,0.0,0.014015996,0.1459266,0.0,-0.004424822,0.0,-0.1790559,0.0,0.0019523993,0.0,0.0,0.0,0.0,0.0,28
0.0,0.0,-0.34735537,0.0,0.0,0.0,0.0,0.098516114,0.0,0.0,0.0,0.0016817559,0.0,0.0,0.0,0.0,0.0,0.0,-0.0032860572,0.0,0.0,0.0,0.0,0.0,0.0,-0.038234126,0.0,0.0,0.0,0.0,0.0,0.0,0.0,0.23593466,0.0,0.0,0.0,0.0,0.0,-0.39676976,0.0,-0.1352866,0.0,0.0,0.0,-0.55398506,0.0,0.0,0.0,-0.00178293,0.0,0.045769107,0.0,0.0,0.0,0.0,0.0,0.0,0.0,-0.0008477526,0.0,0.014015996,0.12970813,0.0,-0.004424822,0.0,-0.15829313,0.0,0.0057194033,0.0,0.0,0.0,0.0,0.0,29
0.0,0.0,0.02644928,0.0,0.0,0.0,0.0,-0.4758207,0.0,0.0,0.0,0.0044053094,0.0,0.0,0.0,0.0,0.0,0.0,-0.00079537235,0.0,0.0,0.0,0.0,0.0,0.0,-0.048348933,0.0,0.0,0.0,0.0,0.0,0.0,0.0,-0.010115268,0.0,0.0,0.0,0.0,0.0,0.13061517,0.0,-0.01339224,0.0,0.0,0.0,0.1802898,0.0,0.0,0.0,-0.029945273,0.0,-0.029965553,0.0,0.0,0.0,0.0,0.0,0.0,0.0,-0.0007768915,0.0,-0.029614357,0.15734653,0.0,-0.008883752,0.0,0.13136187,0.0,-0.7515441,0.0,0.0,0.0,0.0,0.0,30
0.0,0.0,0.045642428,0.0,0.0,0.0,0.0,0.18903276,0.0,0.0,0.0,0.0044053094,0.0,0.0,0.0,0.0,0.0,0.0,-0.00079537235,0.0,0.0,0.0,0.0,0.0,0.0,-0.043743774,0.0,0.0,0.0,0.0,0.0,0.0,0.0,0.04442253,0.0,0.0,0.0,0.0,0.0,0.1446239,0.0,-0.01247136,0.0,0.0,0.0,0.20549189,0.0,0.0,0.0,-0.00178293,0.0,0.09039844,0.0,0.0,0.0,0.0,0.0,0.0,0.0,-0.0021419688,0.0,0.009929914,0.27327177,0.0,-0.005270698,0.0,-0.15963048,0.0,-0.14762832,0.0,0.0,0.0,0.0,0.0,31
0.0,0.0,0.045642428,0.0,0.0,0.0,0.0,0.18364257,0.0,0.0,0.0,0.0044053094,0.0,0.0,0.0,0.0,0.0,0.0,-0.00079537235,0.0,0.0,0.0,0.0,0.0,0.0,-0.0450454,0.0,0.0,0.0,0.0,0.0,0.0,0.0,-0.013074565,0.0,0.0,0.0,0.0,0.0,0.1446239,0.0,-0.022178864,0.0,0.0,0.0,0.2659024,0.0,0.0,0.0,-0.05721726,0.0,0.09039844,0.0,0.0,0.0,0.0,0.0,0.0,0.0,-0.0021419688,0.0,-0.025221046,0.25831684,0.0,-0.005270698,0.0,-0.15982908,0.0,-0.106320664,0.0,0.0,0.0,0.0,0.0,32
0.0,0.0,-0.17692202,0.0,0.0,0.0,0.0,0.144289,0.0,0.0,0.0,0.0044053094,0.0,0.0,0.0,0.0,0.0,0.0,-0.001803923,0.0,0.0,0.0,0.0,0.0,0.0,-0.014810177,0.0,0.0,0.0,0.0,0.0,0.0,0.0,0.030349832,0.0,0.0,0.0,0.0,0.0,-0.18796541,0.0,-0.023235746,0.0,0.0,0.0,0.19772834,0.0,0.0,0.0,-0.06210993,0.0,-0.043441124,0.0,0.0,0.0,0.0,0.0,0.0,0.0,-0.0008477526,0.0,-0.1752521,0.22281294,0.0,-0.0053953268,0.0,-0.086844616,0.0,1.7860289,0.0,0.0,0.0,0.0,0.0,33
0.0,0.0,0.072646275,0.0,0.0,0.0,0.0,0.19731727,0.0,0.0,0.0,0.0044053094,0.0,0.0,0.0,0.0,0.0,0.0,-0.00079537235,0.0,0.0,0.0,0.0,0.0,0.0,0.06081128,0.0,0.0,0.0,0.0,0.0,0.0,0.0,-0.013074565,0.0,0.0,0.0,0.0,0.0,0.1446239,0.0,-0.01339224,0.0,0.0,0.0,0.2933762,0.0,0.0,0.0,0.07384224,0.0,-0.080503345,0.0,0.0,0.0,0.0,0.0,0.0,0.0,-0.0007768915,0.0,-0.029614357,0.26939377,0.0,-0.008883752,0.0,-0.17921712,0.0,-0.25601354,0.0,0.0,0.0,0.0,0.0,34
0.0,0.0,-0.17692202,0.0,0.0,0.0,0.0,0.12093518,0.0,0.0,0.0,0.000932639,0.0,0.0,0.0,0.0,0.0,0.0,-0.0011480547,0.0,0.0,0.0,0.0,0.0,0.0,-0.0052551804,0.0,0.0,0.0,0.0,0.0,0.0,0.0,0.106031716,0.0,0.0,0.0,0.0,0.0,0.057044916,0.0,0.003940241,0.0,0.0,0.0,-0.20779783,0.0,0.0,0.0,-0.00935499,0.0,-0.04212607,0.0,0.0,0.0,0.0,0.0,0.0,0.0,-0.0008477526,0.0,0.060385052,-0.23057157,0.0,-0.0148417,0.0,-0.086844616,0.0,1.7590144,0.0,0.0,0.0,0.0,0.0,35
0.0,0.0,0.05530657,0.0,0.0,0.0,0.0,0.13100395,0.0,0.0,0.0,0.0015791198,0.0,0.0,0.0,0.0,0.0,0.0,0.00036929472,0.0,0.0,0.0,0.0,0.0,0.0,-0.050282545,0.0,0.0,0.0,0.0,0.0,0.0,0.0,0.04442253,0.0,0.0,0.0,0.0,0.0,0.120133534,0.0,-0.00061732647,0.0,0.0,0.0,0.12746283,0.0,0.0,0.0,-0.0060744695,0.0,-0.011367316,0.0,0.0,0.0,0.0,0.0,0.0,0.0,-0.0008477526,0.0,0.024449533,-0.37358847,0.0,0.013625216,0.0,0.10937826,0.0,0.2058817,0.0,0.0,0.0,0.0,0.0,36
0.0,0.0,-0.020628352,0.0,0.0,0.0,0.0,0.13346103,0.0,0.0,0.0,0.0015791198,0.0,0.0,0.0,0.0,0.0,0.0,-0.00079537235,0.0,0.0,0.0,0.0,0.0,0.0,-0.048348933,0.0,0.0,0.0,0.0,0.0,0.0,0.0,-0.011756756,0.0,0.0,0.0,0.0,0.0,0.13721927,0.0,-0.01339224,0.0,0.0,0.0,0.1896545,0.0,0.0,0.0,-0.00773889,0.0,0.12629932,0.0,0.0,0.0,0.0,0.0,0.0,0.0,-0.0021419688,0.0,-0.029614357,-0.4265267,0.0,0.013749844,0.0,0.107842304,0.0,-0.36066404,0.0,0.0,0.0,0.0,0.0,37
0.0,0.0,0.02644928,0.0,0.0,0.0,0.0,-0.43399978,0.0,0.0,0.0,0.0044053094,0.0,0.0,0.0,0.0,0.0,0.0,-0.00079537235,0.0,0.0,0.0,0.0,0.0,0.0,-0.05921554,0.0,0.0,0.0,0.0,0.0,0.0,0.0,0.0427254,0.0,0.0,0.0,0.0,0.0,-0.4147396,0.0,-0.08046606,0.0,0.0,0.0,0.16185912,0.0,0.0,0.0,-0.02545003,0.0,-0.10785782,0.0,0.0,0.0,0.0,0.0,0.0,0.0,-0.0007768915,0.0,0.009929914,0.17597806,0.0,-0.008883752,0.0,0.13136187,0.0,-0.6769749,0.0,0.0,0.0,0.0,0.0,38
0.0,0.0,0.00072262064,0.0,0.0,0.0,0.0,0.1660943,0.0,0.0,0.0,0.0044053094,0.0,0.0,0.0,0.0,0.0,0.0,-0.00079537235,0.0,0.0,0.0,0.0,0.0,0.0,-0.048348933,0.0,0.0,0.0,0.0,0.0,0.0,0.0,-0.011756756,0.0,0.0,0.0,0.0,0.0,0.1446239,0.0,-0.01339224,0.0,0.0,0.0,0.27739602,0.0,0.0,0.0,-0.006671647,0.0,-0.0058876313,0.0,0.0,0.0,0.0,0.0,0.0,0.0,-0.0021419688,0.0,-0.029614357,0.26939377,0.0,-0.008883752,0.0,0.08518455,0.0,-0.28970653,0.0,0.0,0.0,0.0,0.0,39
0.0,0.0,-0.3559356,0.0,0.0,0.0,0.0,0.11083726,0.0,0.0,0.0,0.0015791198,0.0,0.0,0.0,0.0,0.0,0.0,-0.00079537235,0.0,0.0,0.0,0.0,0.0,0.0,-0.05921554,0.0,0.0,0.0,0.0,0.0,0.0,0.0,0.04442253,0.0,0.0,0.0,0.0,0.0,0.13721927,0.0,-0.01247136,0.0,0.0,0.0,0.114811406,0.0,0.0,0.0,0.01663058,0.0,0.12275995,0.0,0.0,0.0,0.0,0.0,0.0,0.0,-0.0021419688,0.0,0.009929914,-0.44018573,0.0,-0.014717071,0.0,0.044290055,0.0,-0.28558397,0.0,0.0,0.0,0.0,0.0,40
0.0,0.0,-0.17692202,0.0,0.0,0.0,0.0,0.11687684,0.0,0.0,0.0,0.000932639,0.0,0.0,0.0,0.0,0.0,0.0,-0.0032860572,0.0,0.0,0.0,0.0,0.0,0.0,0.019322379,0.0,0.0,0.0,0.0,0.0,0.0,0.0,-0.045895025,0.0,0.0,0.0,0.0,0.0,0.035053257,0.0,0.039475676,0.0,0.0,0.0,-0.40195444,0.0,0.0,0.0,-0.00935499,0.0,-0.05273714,0.0,0.0,0.0,0.0,0.0,0.0,0.0,-0.0008477526,0.0,-0.1752521,-0.20155549,0.0,-0.0148417,0.0,-0.1786749,0.0,1.2238818,0.0,0.0,0.0,0.0,0.0,41
0.0,0.0,-0.17603995,0.0,0.0,0.0,0.0,0.14710054,0.0,0.0,0.0,0.0044053094,0.0,0.0,0.0,0.0,0.0,0.0,0.00036929472,0.0,0.0,0.0,0.0,0.0,0.0,0.033388667,0.0,0.0,0.0,0.0,0.0,0.0,0.0,0.03396664,0.0,0.0,0.0,0.0,0.0,0.059114013,0.0,0.003940241,0.0,0.0,0.0,0.20134515,0.0,0.0,0.0,-0.00178293,0.0,0.045769107,0.0,0.0,0.0,0.0,0.0,0.0,0.0,-0.0008477526,0.0,0.060385052,0.24577966,0.0,-0.004424822,0.0,-0.1786749,0.0,1.1584454,0.0,0.0,0.0,0.0,0.0,42
0.0,0.0,-0.17603995,0.0,0.0,0.0,0.0,0.1444078,0.0,0.0,0.0,0.0044053094,0.0,0.0,0.0,0.0,0.0,0.0,-0.0011480547,0.0,0.0,0.0,0.0,0.0,0.0,0.028686406,0.0,0.0,0.0,0.0,0.0,0.0,0.0,0.03396664,0.0,0.0,0.0,0.0,0.0,0.059114013,0.0,0.003940241,0.0,0.0,0.0,0.20383929,0.0,0.0,0.0,0.019309971,0.0,0.10253979,0.0,0.0,0.0,0.0,0.0,0.0,0.0,-0.0008477526,0.0,0.060385052,0.24577966,0.0,-0.004424822,0.0,-0.07274431,0.0,1.4334468,0.0,0.0,0.0,0.0,0.0,43
0.0,0.0,0.07461226,0.0,0.0,0.0,0.0,0.16288261,0.0,0.0,0.0,0.0044053094,0.0,0.0,0.0,0.0,0.0,0.0,-0.00079537235,0.0,0.0,0.0,0.0,0.0,0.0,0.0825913,0.0,0.0,0.0,0.0,0.0,0.0,0.0,-0.013074565,0.0,0.0,0.0,0.0,0.0,0.1446239,0.0,-0.01247136,0.0,0.0,0.0,0.29285723,0.0,0.0,0.0,-0.022954658,0.0,-0.097772434,0.0,0.0,0.0,0.0,0.0,0.0,0.0,-0.0007768915,0.0,0.009929914,0.26175907,0.0,-0.0017105532,0.0,0.12474226,0.0,-0.31176707,0.0,0.0,0.0,0.0,0.0,44
0.0,0.0,0.072646275,0.0,0.0,0.0,0.0,0.16340156,0.0,0.0,0.0,0.0044053094,0.0,0.0,0.0,0.0,0.0,0.0,-0.00079537235,0.0,0.0,0.0,0.0,0.0,0.0,0.0825913,0.0,0.0,0.0,0.0,0.0,0.0,0.0,-0.013074565,0.0,0.0,0.0,0.0,0.0,0.06480342,0.0,0.059505504,0.0,0.0,0.0,0.2933762,0.0,0.0,0.0,0.07384224,0.0,-0.0677687,0.0,0.0,0.0,0.0,0.0,0.0,0.0,-0.0007768915,0.0,-0.029614357,0.26175907,0.0,-0.0017105532,0.0,0.1030483,0.0,-0.22905605,0.0,0.0,0.0,0.0,0.0,45
0.0,0.0,-0.17603995,0.0,0.0,0.0,0.0,0.14710054,0.0,0.0,0.0,0.0044053094,0.0,0.0,0.0,0.0,0.0,0.0,-0.0011480547,0.0,0.0,0.0,0.0,0.0,0.0,-0.022043789,0.0,0.0,0.0,0.0,0.0,0.0,0.0,0.03396664,0.0,0.0,0.0,0.0,0.0,0.03712235,0.0,0.04792357,0.0,0.0,0.0,0.20134515,0.0,0.0,0.0,0.019309971,0.0,0.04583373,0.0,0.0,0.0,0.0,0.0,0.0,0.0,-0.0008477526,0.0,0.060385052,0.24577966,0.0,-0.004424822,0.0,-0.086844616,0.0,1.5327932,0.0,0.0,0.0,0.0,0.0,46
0.0,0.0,0.0016046856,0.0,0.0,0.0,0.0,0.14204617,0.0,0.0,0.0,0.0044053094,0.0,0.0,0.0,0.0,0.0,0.0,-0.00079537235,0.0,0.0,0.0,0.0,0.0,0.0,0.0825913,0.0,0.0,0.0,0.0,0.0,0.0,0.0,-0.013074565,0.0,0.0,0.0,0.0,0.0,-0.20590827,0.0,0.32600808,0.0,0.0,0.0,0.29088205,0.0,0.0,0.0,-0.005059499,0.0,0.17389466,0.0,0.0,0.0,0.0,0.0,0.0,0.0,-0.0021419688,0.0,0.009929914,0.26427418,0.0,-0.005270698,0.0,0.061955202,0.0,-0.33136222,0.0,0.0,0.0,0.0,0.0,47
0.0,0.0,-0.3559356,0.0,0.0,0.0,0.0,0.14475298,0.0,0.0,0.0,0.0015791198,0.0,0.0,0.0,0.0,0.0,0.0,-0.00079537235,0.0,0.0,0.0,0.0,0.0,0.0,-0.043743774,0.0,0.0,0.0,0.0,0.0,0.0,0.0,0.04442253,0.0,0.0,0.0,0.0,0.0,0.13721927,0.0,-0.01247136,0.0,0.0,0.0,0.114811406,0.0,0.0,0.0,-0.0044623213,0.0,0.08168743,0.0,0.0,0.0,0.0,0.0,0.0,0.0,-0.0021419688,0.0,0.009929914,-0.44018573,0.0,-0.014717071,0.0,-0.15982908,0.0,-0.29294443,0.0,0.0,0.0,0.0,0.0,48
0.0,0.0,-0.17495604,0.0,0.0,0.0,0.0,0.09746549,0.0,0.0,0.0,0.0015791198,0.0,0.0,0.0,0.0,0.0,0.0,-0.0011480547,0.0,0.0,0.0,0.0,0.0,0.0,-0.019458314,0.0,0.0,0.0,0.0,0.0,0.0,0.0,0.030349832,0.0,0.0,0.0,0.0,0.0,0.035053257,0.0,0.04792357,0.0,0.0,0.0,0.111517176,0.0,0.0,0.0,-0.00935499,0.0,-0.038298424,0.0,0.0,0.0,0.0,0.0,0.0,0.0,-0.0008477526,0.0,0.060385052,-0.36703587,0.0,0.013625216,0.0,0.06697453,0.0,1.5239623,0.0,0.0,0.0,0.0,0.0,49
0.0,0.0,0.056188636,0.0,0.0,0.0,0.0,0.1213992,0.0,0.0,0.0,0.0015791198,0.0,0.0,0.0,0.0,0.0,0.0,0.00036929472,0.0,0.0,0.0,0.0,0.0,0.0,0.051892065,0.0,0.0,0.0,0.0,0.0,0.0,0.0,0.04442253,0.0,0.0,0.0,0.0,0.0,0.120133534,0.0,-0.00061732647,0.0,0.0,0.0,0.1289932,0.0,0.0,0.0,0.01663058,0.0,0.04561744,0.0,0.0,0.0,0.0,0.0,0.0,0.0,-0.0008477526,0.0,0.024449533,-0.37620172,0.0,0.01459572,0.0,0.14591569,0.0,0.12388364,0.0,0.0,0.0,0.0,0.0,50
0.0,0.0,-0.026320007,0.0,0.0,0.0,0.0,0.14209048,0.0,0.0,0.0,0.0015791198,0.0,0.0,0.0,0.0,0.0,0.0,-0.00079537235,0.0,0.0,0.0,0.0,0.0,0.0,-0.041606538,0.0,0.0,0.0,0.0,0.0,0.0,0.0,0.04442253,0.0,0.0,0.0,0.0,0.0,0.13721927,0.0,-0.026788477,0.0,0.0,0.0,0.1167866,0.0,0.0,0.0,-0.00935499,0.0,-0.042638727,0.0,0.0,0.0,0.0,0.0,0.0,0.0,-0.0021419688,0.0,0.008792735,-0.41679794,0.0,0.092878565,0.0,0.17786041,0.0,-0.18559831,0.0,0.0,0.0,0.0,0.0,51
0.0,0.0,-0.026320007,0.0,0.0,0.0,0.0,0.14285567,0.0,0.0,0.0,0.0015791198,0.0,0.0,0.0,0.0,0.0,0.0,-0.00079537235,0.0,0.0,0.0,0.0,0.0,0.0,-0.05921554,0.0,0.0,0.0,0.0,0.0,0.0,0.0,0.04442253,0.0,0.0,0.0,0.0,0.0,0.057398785,0.0,0.06042638,0.0,0.0,0.0,0.115256235,0.0,0.0,0.0,0.029223384,0.0,-0.054565277,0.0,0.0,0.0,0.0,0.0,0.0,0.0,-0.0021419688,0.0,0.009929914,-0.41679794,0.0,0.010136791,0.0,0.107842304,0.0,-0.26129124,0.0,0.0,0.0,0.0,0.0,52
0.0,0.0,-0.026320007,0.0,0.0,0.0,0.0,0.14209048,0.0,0.0,0.0,0.0015791198,0.0,0.0,0.0,0.0,0.0,0.0,-0.00079537235,0.0,0.0,0.0,0.0,0.0,0.0,-0.041606538,0.0,0.0,0.0,0.0,0.0,0.0,0.0,0.04442253,0.0,0.0,0.0,0.0,0.0,0.057398785,0.0,0.06042638,0.0,0.0,0.0,0.1167866,0.0,0.0,0.0,0.029223384,0.0,-0.054565277,0.0,0.0,0.0,0.0,0.0,0.0,0.0,-0.0021419688,0.0,0.009929914,-0.41679794,0.0,0.010136791,0.0,0.17786041,0.0,-0.25308695,0.0,0.0,0.0,0.0,0.0,53
0.0,0.0,0.05530657,0.0,0.0,0.0,0.0,0.13100395,0.0,0.0,0.0,0.0015791198,0.0,0.0,0.0,0.0,0.0,0.0,0.00036929472,0.0,0.0,0.0,0.0,0.0,0.0,0.06981001,0.0,0.0,0.0,0.0,0.0,0.0,0.0,0.04442253,0.0,0.0,0.0,0.0,0.0,0.120133534,0.0,-0.00061732647,0.0,0.0,0.0,0.12746283,0.0,0.0,0.0,-0.00935499,0.0,-0.040002488,0.0,0.0,0.0,0.0,0.0,0.0,0.0,-0.0008477526,0.0,0.024449533,-0.37358847,0.0,0.013625216,0.0,0.12586728,0.0,0.22878455,0.0,0.0,0.0,0.0,0.0,54
0.0,0.0,-0.17692202,0.0,0.0,0.0,0.0,0.15594012,0.0,0.0,0.0,0.0044053094,0.0,0.0,0.0,0.0,0.0,0.0,-0.0011480547,0.0,0.0,0.0,0.0,0.0,0.0,-0.014810177,0.0,0.0,0.0,0.0,0.0,0.0,0.0,0.030349832,0.0,0.0,0.0,0.0,0.0,0.03712235,0.0,0.04792357,0.0,0.0,0.0,0.19772834,0.0,0.0,0.0,-0.0066755987,0.0,-0.043441124,0.0,0.0,0.0,0.0,0.0,0.0,0.0,-0.0008477526,0.0,0.060385052,0.24473798,0.0,-0.0053953268,0.0,-0.086844616,0.0,1.6421083,0.0,0.0,0.0,0.0,0.0,55
0.0,0.0,0.046726346,0.0,0.0,0.0,0.0,0.1423006,0.0,0.0,0.0,0.0015791198,0.0,0.0,0.0,0.0,0.0,0.0,-0.00079537235,0.0,0.0,0.0,0.0,0.0,0.0,0.0825913,0.0,0.0,0.0,0.0,0.0,0.0,0.0,-0.013074565,0.0,0.0,0.0,0.0,0.0,0.13721927,0.0,-0.01247136,0.0,0.0,0.0,0.17816085,0.0,0.0,0.0,-0.0060744695,0.0,-0.032869134,0.0,0.0,0.0,0.0,0.0,0.0,0.0,-0.0021419688,0.0,0.009929914,-0.43045697,0.0,-0.018330125,0.0,0.12550746,0.0,-0.22254743,0.0,0.0,0.0,0.0,0.0,56
0.0,0.0,-0.020628352,0.0,0.0,0.0,0.0,0.09044464,0.0,0.0,0.0,0.000932639,0.0,0.0,0.0,0.0,0.0,0.0,-0.00079537235,0.0,0.0,0.0,0.0,0.0,0.0,0.06982664,0.0,0.0,0.0,0.0,0.0,0.0,0.0,-0.067184046,0.0,0.0,0.0,0.0,0.0,0.13721927,0.0,-0.026788477,0.0,0.0,0.0,-0.5462878,0.0,0.0,0.0,0.025071947,0.0,0.13120133,0.0,0.0,0.0,0.0,0.0,0.0,0.0,-0.0021419688,0.0,0.008792735,-0.27640334,0.0,0.013749844,0.0,0.08461294,0.0,-0.4750648,0.0,0.0,0.0,0.0,0.0,57
0.0,0.0,-0.17692202,0.0,0.0,0.0,0.0,0.087019466,0.0,0.0,0.0,0.000932639,0.0,0.0,0.0,0.0,0.0,0.0,-0.0011480547,0.0,0.0,0.0,0.0,0.0,0.0,-0.03011527,0.0,0.0,0.0,0.0,0.0,0.0,0.0,0.1356052,0.0,0.0,0.0,0.0,0.0,0.057044916,0.0,0.003940241,0.0,0.0,0.0,-0.30283228,0.0,0.0,0.0,-0.0060744695,0.0,-0.009663251,0.0,0.0,0.0,0.0,0.0,0.0,0.0,-0.0008477526,0.0,0.060385052,-0.18789646,0.0,0.013625216,0.0,0.045081962,0.0,1.5965693,0.0,0.0,0.0,0.0,0.0,58
0.0,0.0,0.05530657,0.0,0.0,0.0,0.0,0.13100395,0.0,0.0,0.0,0.0015791198,0.0,0.0,0.0,0.0,0.0,0.0,0.00036929472,0.0,0.0,0.0,0.0,0.0,0.0,-0.050282545,0.0,0.0,0.0,0.0,0.0,0.0,0.0,0.04442253,0.0,0.0,0.0,0.0,0.0,0.120133534,0.0,-0.00061732647,0.0,0.0,0.0,0.12746283,0.0,0.0,0.0,0.020771837,0.0,-0.01616036,0.0,0.0,0.0,0.0,0.0,0.0,0.0,-0.0008477526,0.0,0.024449533,-0.37358847,0.0,0.013625216,0.0,0.10937826,0.0,0.18382843,0.0,0.0,0.0,0.0,0.0,59
0.0,0.0,0.00072262064,0.0,0.0,0.0,0.0,0.16395663,0.0,0.0,0.0,0.0044053094,0.0,0.0,0.0,0.0,0.0,0.0,-0.00079537235,0.0,0.0,0.0,0.0,0.0,0.0,-0.051981926,0.0,0.0,0.0,0.0,0.0,0.0,0.0,0.040805727,0.0,0.0,0.0,0.0,0.0,0.1446239,0.0,-0.026788477,0.0,0.0,0.0,0.22685476,0.0,0.0,0.0,-0.022954658,0.0,-0.097772434,0.0,0.0,0.0,0.0,0.0,0.0,0.0,-0.0021419688,0.0,0.008792735,0.26175907,0.0,-0.0017105532,0.0,0.085383154,0.0,-0.34203905,0.0,0.0,0.0,0.0,0.0,60
0.0,0.0,-0.021510417,0.0,0.0,0.0,0.0,0.14209048,0.0,0.0,0.0,0.0015791198,0.0,0.0,0.0,0.0,0.0,0.0,-0.00079537235,0.0,0.0,0.0,0.0,0.0,0.0,-0.05921554,0.0,0.0,0.0,0.0,0.0,0.0,0.0,0.04442253,0.0,0.0,0.0,0.0,0.0,0.13721927,0.0,-0.01339224,0.0,0.0,0.0,0.14176625,0.0,0.0,0.0,-0.009351038,0.0,-0.0009918846,0.0,0.0,0.0,0.0,0.0,0.0,0.0,-0.0021419688,0.0,-0.029614357,-0.41679794,0.0,0.010136791,0.0,0.10707712,0.0,-0.3573301,0.0,0.0,0.0,0.0,0.0,61
0.0,0.0,-0.17692202,0.0,0.0,0.0,0.0,0.13190018,0.0,0.0,0.0,0.0015791198,0.0,0.0,0.0,0.0,0.0,0.0,-0.0011480547,0.0,0.0,0.0,0.0,0.0,0.0,-0.014810177,0.0,0.0,0.0,0.0,0.0,0.0,0.0,0.030349832,0.0,0.0,0.0,0.0,0.0,0.035053257,0.0,0.04792357,0.0,0.0,0.0,0.11203613,0.0,0.0,0.0,0.020771837,0.0,-0.018283943,0.0,0.0,0.0,0.0,0.0,0.0,0.0,-0.0008477526,0.0,0.060385052,-0.3806949,0.0,-0.0148417,0.0,-0.08664601,0.0,1.58677,0.0,0.0,0.0,0.0,0.0,62
0.0,0.0,0.05530657,0.0,0.0,0.0,0.0,0.10004193,0.0,0.0,0.0,0.000932639,0.0,0.0,0.0,0.0,0.0,0.0,0.00036929472,0.0,0.0,0.0,0.0,0.0,0.0,-0.05370589,0.0,0.0,0.0,0.0,0.0,0.0,0.0,0.23593466,0.0,0.0,0.0,0.0,0.0,0.120133534,0.0,-0.00061732647,0.0,0.0,0.0,-0.2624187,0.0,0.0,0.0,0.029223384,0.0,-0.03306346,0.0,0.0,0.0,0.0,0.0,0.0,0.0,-0.0008477526,0.0,0.024449533,-0.22346516,0.0,0.013625216,0.0,0.10937826,0.0,0.22900046,0.0,0.0,0.0,0.0,0.0,63
0.0,0.0,-0.011042615,0.0,0.0,0.0,0.0,-0.3702355,0.0,0.0,0.0,0.0015791198,0.0,0.0,0.0,0.0,0.0,0.0,-0.00079537235,0.0,0.0,0.0,0.0,0.0,0.0,-0.048348933,0.0,0.0,0.0,0.0,0.0,0.0,0.0,-0.010995022,0.0,0.0,0.0,0.0,0.0,0.043390054,0.0,0.06042638,0.0,0.0,0.0,0.15580401,0.0,0.0,0.0,-0.008303698,0.0,0.15537228,0.0,0.0,0.0,0.0,0.0,0.0,0.0,-0.0021419688,0.0,0.009929914,-0.3718814,0.0,0.013749844,0.0,0.17837106,0.0,-0.44327968,0.0,0.0,0.0,0.0,0.0,64
0.0,0.0,-0.020628352,0.0,0.0,0.0,0.0,0.1332509,0.0,0.0,0.0,0.0015791198,0.0,0.0,0.0,0.0,0.0,0.0,-0.00079537235,0.0,0.0,0.0,0.0,0.0,0.0,-0.05921554,0.0,0.0,0.0,0.0,0.0,0.0,0.0,0.04442253,0.0,0.0,0.0,0.0,0.0,0.13721927,0.0,-0.01247136,0.0,0.0,0.0,0.14176625,0.0,0.0,0.0,-0.00773889,0.0,0.12629932,0.0,0.0,0.0,0.0,0.0,0.0,0.0,-0.0021419688,0.0,0.009929914,-0.4265267,0.0,0.013749844,0.0,0.10707712,0.0,-0.39757836,0.0,0.0,0.0,0.0,0.0,65
0.0,0.0,0.06802193,0.0,0.0,0.0,0.0,0.16288261,0.0,0.0,0.0,0.0044053094,0.0,0.0,0.0,0.0,0.0,0.0,-0.00079537235,0.0,0.0,0.0,0.0,0.0,0.0,-0.030739933,0.0,0.0,0.0,0.0,0.0,0.0,0.0,-0.010877002,0.0,0.0,0.0,0.0,0.0,0.06480342,0.0,0.059505504,0.0,0.0,0.0,0.22394538,0.0,0.0,0.0,0.12721707,0.0,-0.052606247,0.0,0.0,0.0,0.0,0.0,0.0,0.0,-0.0007768915,0.0,-0.029614357,0.18988475,0.0,0.081031226,0.0,0.25369346,0.0,-0.5659095,0.0,0.0,0.0,0.0,0.0,66
0.0,0.0,-0.020628352,0.0,0.0,0.0,0.0,0.13346103,0.0,0.0,0.0,0.0015791198,0.0,0.0,0.0,0.0,0.0,0.0,-0.00079537235,0.0,0.0,0.0,0.0,0.0,0.0,-0.048348933,0.0,0.0,0.0,0.0,0.0,0.0,0.0,-0.011756756,0.0,0.0,0.0,0.0,0.0,0.057398785,0.0,0.059505504,0.0,0.0,0.0,0.1896545,0.0,0.0,0.0,0.025071947,0.0,0.092317,0.0,0.0,0.0,0.0,0.0,0.0,0.0,-0.0021419688,0.0,-0.029614357,-0.4265267,0.0,0.013749844,0.0,0.107842304,0.0,-0.35256985,0.0,0.0,0.0,0.0,0.0,67
0.0,0.0,-0.17692202,0.0,0.0,0.0,0.0,0.09742939,0.0,0.0,0.0,0.0015791198,0.0,0.0,0.0,0.0,0.0,0.0,0.00036929472,0.0,0.0,0.0,0.0,0.0,0.0,-0.042157486,0.0,0.0,0.0,0.0,0.0,0.0,0.0,-0.010855915,0.0,0.0,0.0,0.0,0.0,0.035053257,0.0,0.039475676,0.0,0.0,0.0,0.15320848,0.0,0.0,0.0,-0.00935499,0.0,-0.040002488,0.0,0.0,0.0,0.0,0.0,0.0,0.0,-0.0008477526,0.0,-0.1752521,-0.3806949,0.0,-0.0148417,0.0,0.088552676,0.0,1.140003,0.0,0.0,0.0,0.0,0.0,68
0.0,0.0,-0.17692202,0.0,0.0,0.0,0.0,0.09798445,0.0,0.0,0.0,0.0015791198,0.0,0.0,0.0,0.0,0.0,0.0,-0.00079537235,0.0,0.0,0.0,0.0,0.0,0.0,0.035230007,0.0,0.0,0.0,0.0,0.0,0.0,0.0,0.03396664,0.0,0.0,0.0,0.0,0.0,0.057044916,0.0,0.003940241,0.0,0.0,0.0,0.11565294,0.0,0.0,0.0,0.020771837,0.0,-0.0144562945,0.0,0.0,0.0,0.0,0.0,0.0,0.0,-0.0008477526,0.0,0.060385052,-0.3806949,0.0,-0.0148417,0.0,0.050542098,0.0,1.4440352,0.0,0.0,0.0,0.0,0.0,69
0.0,0.0,0.04559375,0.0,0.0,0.0,0.0,-0.45062953,0.0,0.0,0.0,0.0044053094,0.0,0.0,0.0,0.0,0.0,0.0,-0.00079537235,0.0,0.0,0.0,0.0,0.0,0.0,0.0825913,0.0,0.0,0.0,0.0,0.0,0.0,0.0,-0.01231283,0.0,0.0,0.0,0.0,0.0,0.13061517,0.0,-0.01339224,0.0,0.0,0.0,0.20975572,0.0,0.0,0.0,-0.03103046,0.0,-0.015973028,0.0,0.0,0.0,0.0,0.0,0.0,0.0,-0.0007768915,0.0,-0.029614357,0.18079607,0.0,-0.008883752,0.0,0.27945915,0.0,-0.44476476,0.0,0.0,0.0,0.0,0.0,70
0.0,0.0,-0.026320007,0.0,0.0,0.0,0.0,0.14209048,0.0,0.0,0.0,0.0015791198,0.0,0.0,0.0,0.0,0.0,0.0,-0.00079537235,0.0,0.0,0.0,0.0,0.0,0.0,-0.051981926,0.0,0.0,0.0,0.0,0.0,0.0,0.0,0.040805727,0.0,0.0,0.0,0.0,0.0,0.13721927,0.0,-0.01247136,0.0,0.0,0.0,0.11316979,0.0,0.0,0.0,-0.0060744695,0.0,-0.032869134,0.0,0.0,0.0,0.0,0.0,0.0,0.0,-0.0021419688,0.0,0.009929914,-0.43045697,0.0,-0.018330125,0.0,0.10707712,0.0,-0.257648,0.0,0.0,0.0,0.0,0.0,71
0.0,0.0,-0.17692202,0.0,0.0,0.0,0.0,0.1518169,0.0,0.0,0.0,0.0044053094,0.0,0.0,0.0,0.0,0.0,0.0,-0.0011480547,0.0,0.0,0.0,0.0,0.0,0.0,-0.014810177,0.0,0.0,0.0,0.0,0.0,0.0,0.0,0.030349832,0.0,0.0,0.0,0.0,0.0,-0.18796541,0.0,-0.014787853,0.0,0.0,0.0,0.19772834,0.0,0.0,0.0,-0.0066755987,0.0,-0.043441124,0.0,0.0,0.0,0.0,0.0,0.0,0.0,-0.0008477526,0.0,0.060385052,0.24220812,0.0,-0.0053953268,0.0,-0.086844616,0.0,1.9365606,0.0,0.0,0.0,0.0,0.0,72
0.0,0.0,-0.17692202,0.0,0.0,0.0,0.0,0.10012214,0.0,0.0,0.0,0.0015791198,0.0,0.0,0.0,0.0,0.0,0.0,0.00036929472,0.0,0.0,0.0,0.0,0.0,0.0,0.053867072,0.0,0.0,0.0,0.0,0.0,0.0,0.0,-0.010855915,0.0,0.0,0.0,0.0,0.0,0.035053257,0.0,0.04792357,0.0,0.0,0.0,0.15071434,0.0,0.0,0.0,0.020771837,0.0,-0.01616036,0.0,0.0,0.0,0.0,0.0,0.0,0.0,-0.0008477526,0.0,0.060385052,-0.3806949,0.0,-0.0148417,0.0,0.10359052,0.0,1.208581,0.0,0.0,0.0,0.0,0.0,73
0.0,0.0,-0.06344765,0.0,0.0,0.0,0.0,-0.5992769,0.0,0.0,0.0,-0.049731072,0.0,0.0,0.0,0.0,0.0,0.0,-0.011811335,0.0,0.0,0.0,0.0,0.0,0.0,0.06081128,0.0,0.0,0.0,0.0,0.0,0.0,0.0,-0.011433076,0.0,0.0,0.0,0.0,0.0,0.13061517,0.0,-0.01339224,0.0,0.0,0.0,0.17693372,0.0,0.0,0.0,-0.046228286,0.0,-0.13458501,0.0,0.0,0.0,0.0,0.0,0.0,0.0,0.02369286,0.0,-0.029614357,0.10781164,0.0,-0.007686536,0.0,-0.29061028,0.0,-0.92793757,0.0,0.0,0.0,0.0,0.0,74
0.0,0.0,0.00072262064,0.0,0.0,0.0,0.0,0.20001003,0.0,0.0,0.0,0.0044053094,0.0,0.0,0.0,0.0,0.0,0.0,-0.00079537235,0.0,0.0,0.0,0.0,0.0,0.0,-0.0450454,0.0,0.0,0.0,0.0,0.0,0.0,0.0,-0.013074565,0.0,0.0,0.0,0.0,0.0,0.1446239,0.0,-0.01339224,0.0,0.0,0.0,0.29088205,0.0,0.0,0.0,-0.022954658,0.0,-0.11050707,0.0,0.0,0.0,0.0,0.0,0.0,0.0,-0.0021419688,0.0,-0.029614357,0.26939377,0.0,-0.008883752,0.0,-0.15982908,0.0,-0.33693713,0.0,0.0,0.0,0.0,0.0,75
0.0,0.0,-0.17692202,0.0,0.0,0.0,0.0,0.15538505,0.0,0.0,0.0,0.0044053094,0.0,0.0,0.0,0.0,0.0,0.0,-0.0011480547,0.0,0.0,0.0,0.0,0.0,0.0,0.027384786,0.0,0.0,0.0,0.0,0.0,0.0,0.0,-0.010855915,0.0,0.0,0.0,0.0,0.0,0.059114013,0.0,-0.004507651,0.0,0.0,0.0,0.23890068,0.0,0.0,0.0,-0.0033950778,0.0,-0.014805951,0.0,0.0,0.0,0.0,0.0,0.0,0.0,-0.0008477526,0.0,-0.1752521,0.24473798,0.0,-0.0053953268,0.0,-0.09277481,0.0,1.4408801,0.0,0.0,0.0,0.0,0.0,76
0.0,0.0,-0.026320007,0.0,0.0,0.0,0.0,0.12709203,0.0,0.0,0.0,0.0015791198,0.0,0.0,0.0,0.0,0.0,0.0,-0.00079537235,0.0,0.0,0.0,0.0,0.0,0.0,-0.060517162,0.0,0.0,0.0,0.0,0.0,0.0,0.0,-0.013074565,0.0,0.0,0.0,0.0,0.0,-0.4366215,0.0,-0.08138694,0.0,0.0,0.0,0.17816085,0.0,0.0,0.0,0.020771837,0.0,-0.03766218,0.0,0.0,0.0,0.0,0.0,0.0,0.0,-0.0021419688,0.0,-0.029614357,-0.40900722,0.0,-0.018330125,0.0,0.107842304,0.0,-0.3226411,0.0,0.0,0.0,0.0,0.0,77
0.0,0.0,0.07549433,0.0,0.0,0.0,0.0,0.15536328,0.0,0.0,0.0,0.0044053094,0.0,0.0,0.0,0.0,0.0,0.0,-0.00079537235,0.0,0.0,0.0,0.0,0.0,0.0,-0.05921554,0.0,0.0,0.0,0.0,0.0,0.0,0.0,0.04442253,0.0,0.0,0.0,0.0,0.0,0.1446239,0.0,-0.01247136,0.0,0.0,0.0,0.22842224,0.0,0.0,0.0,0.02775134,0.0,0.10102801,0.0,0.0,0.0,0.0,0.0,0.0,0.0,-0.0007768915,0.0,0.009929914,0.26563707,0.0,0.0019025004,0.0,0.107842304,0.0,-0.286855,0.0,0.0,0.0,0.0,0.0,78
0.0,0.0,0.19373341,0.0,0.0,0.0,0.0,-0.57811093,0.0,0.0,0.0,0.0044053094,0.0,0.0,0.0,0.0,0.0,0.0,0.023081,0.0,0.0,0.0,0.0,0.0,0.0,0.06081128,0.0,0.0,0.0,0.0,0.0,0.0,0.0,-0.011433076,0.0,0.0,0.0,0.0,0.0,0.13061517,0.0,-0.01339224,0.0,0.0,0.0,0.17175846,0.0,0.0,0.0,-0.046228286,0.0,-0.12635587,0.0,0.0,0.0,0.0,0.0,0.0,0.0,-0.0007768915,0.0,-0.029614357,0.12595975,0.0,-0.0032120636,0.0,-0.27400628,0.0,-0.7986231,0.0,0.0,0.0,0.0,0.0,79
0.0,0.0,-0.17603995,0.0,0.0,0.0,0.0,0.14297733,0.0,0.0,0.0,0.0044053094,0.0,0.0,0.0,0.0,0.0,0.0,-0.001803923,0.0,0.0,0.0,0.0,0.0,0.0,-0.022043789,0.0,0.0,0.0,0.0,0.0,0.0,0.0,0.03396664,0.0,0.0,0.0,0.0,0.0,-0.18796541,0.0,-0.014787853,0.0,0.0,0.0,0.20134515,0.0,0.0,0.0,-0.00178293,0.0,0.056380175,0.0,0.0,0.0,0.0,0.0,0.0,0.0,-0.0008477526,0.0,0.060385052,0.2388095,0.0,-0.004424822,0.0,-0.086844616,0.0,1.8428881,0.0,0.0,0.0,0.0,0.0,80
0.0,0.0,0.0016046856,0.0,0.0,0.0,0.0,0.1426507,0.0,0.0,0.0,0.0016817559,0.0,0.0,0.0,0.0,0.0,0.0,-0.00079537235,0.0,0.0,0.0,0.0,0.0,0.0,-0.026955169,0.0,0.0,0.0,0.0,0.0,0.0,0.0,0.20636117,0.0,0.0,0.0,0.0,0.0,0.1446239,0.0,-0.01247136,0.0,0.0,0.0,-0.5148681,0.0,0.0,0.0,-0.005059499,0.0,0.2680358,0.0,0.0,0.0,0.0,0.0,0.0,0.0,-0.0021419688,0.0,0.009929914,0.17499469,0.0,-0.005270698,0.0,-0.09384779,0.0,-0.42893293,0.0,0.0,0.0,0.0,0.0,81
0.0,0.0,-0.17692202,0.0,0.0,0.0,0.0,0.15594012,0.0,0.0,0.0,0.0044053094,0.0,0.0,0.0,0.0,0.0,0.0,-0.0011480547,0.0,0.0,0.0,0.0,0.0,0.0,-0.022043789,0.0,0.0,0.0,0.0,0.0,0.0,0.0,0.03396664,0.0,0.0,0.0,0.0,0.0,0.059114013,0.0,0.003940241,0.0,0.0,0.0,0.20134515,0.0,0.0,0.0,-0.0066755987,0.0,-0.043441124,0.0,0.0,0.0,0.0,0.0,0.0,0.0,-0.0008477526,0.0,0.060385052,0.24473798,0.0,-0.0053953268,0.0,-0.086844616,0.0,1.6640999,0.0,0.0,0.0,0.0,0.0,82
0.0,0.0,-0.17603995,0.0,0.0,0.0,0.0,0.10391405,0.0,0.0,0.0,0.000932639,0.0,0.0,0.0,0.0,0.0,0.0,-0.0011480547,0.0,0.0,0.0,0.0,0.0,0.0,0.024450663,0.0,0.0,0.0,0.0,0.0,0.0,0.0,-0.035119716,0.0,0.0,0.0,0.0,0.0,-0.18151668,0.0,-0.09225538,0.0,0.0,0.0,-0.36704797,0.0,0.0,0.0,0.01663058,0.0,0.04349386,0.0,0.0,0.0,0.0,0.0,0.0,0.0,-0.0008477526,0.0,0.049951516,-0.1981808,0.0,-0.013871196,0.0,-0.086844616,0.0,1.9170607,0.0,0.0,0.0,0.0,0.0,83
0.0,0.0,0.06328955,0.0,0.0,0.0,0.0,0.14204617,0.0,0.0,0.0,0.0044053094,0.0,0.0,0.0,0.0,0.0,0.0,-0.00079537235,0.0,0.0,0.0,0.0,0.0,0.0,0.0825913,0.0,0.0,0.0,0.0,0.0,0.0,0.0,-0.013074565,0.0,0.0,0.0,0.0,0.0,-0.45966417,0.0,-0.08138694,0.0,0.0,0.0,0.29088205,0.0,0.0,0.0,0.02775134,0.0,0.10102801,0.0,0.0,0.0,0.0,0.0,0.0,0.0,0.0085933935,0.0,-0.029614357,0.26427418,0.0,-0.005270698,0.0,0.1028497,0.0,-0.2976566,0.0,0.0,0.0,0.0,0.0,84
0.0,0.0,-0.025437944,0.0,0.0,0.0,0.0,0.09044464,0.0,0.0,0.0,0.000932639,0.0,0.0,0.0,0.0,0.0,0.0,-0.00079537235,0.0,0.0,0.0,0.0,0.0,0.0,-0.012721088,0.0,0.0,0.0,0.0,0.0,0.0,0.0,-0.05640874,0.0,0.0,0.0,0.0,0.0,0.13721927,0.0,-0.01247136,0.0,0.0,0.0,-0.42681316,0.0,0.0,0.0,0.01663058,0.0,0.12275995,0.0,0.0,0.0,0.0,0.0,0.0,0.0,-0.0021419688,0.0,0.009929914,-0.29006237,0.0,-0.014717071,0.0,0.066947795,0.0,-0.26654515,0.0,0.0,0.0,0.0,0.0,85
0.0,0.0,0.023127643,0.0,0.0,0.0,0.0,-0.5992769,0.0,0.0,0.0,-0.049731072,0.0,0.0,0.0,0.0,0.0,0.0,-0.011811335,0.0,0.0,0.0,0.0,0.0,0.0,-0.03287717,0.0,0.0,0.0,0.0,0.0,0.0,0.0,-0.010115268,0.0,0.0,0.0,0.0,0.0,0.13061517,0.0,-0.01339224,0.0,0.0,0.0,0.16344768,0.0,0.0,0.0,-0.029945273,0.0,-0.042700205,0.0,0.0,0.0,0.0,0.0,0.0,0.0,-0.0007768915,0.0,-0.029614357,0.10781164,0.0,-0.007686536,0.0,-0.27102366,0.0,-0.8842426,0.0,0.0,0.0,0.0,0.0,86
0.0,0.0,0.045642428,0.0,0.0,0.0,0.0,0.13859236,0.0,0.0,0.0,0.0016817559,0.0,0.0,0.0,0.0,0.0,0.0,-0.00079537235,0.0,0.0,0.0,0.0,0.0,0.0,0.0027506761,0.0,0.0,0.0,0.0,0.0,0.0,0.0,-0.05640874,0.0,0.0,0.0,0.0,0.0,0.1446239,0.0,-0.01247136,0.0,0.0,0.0,-0.587472,0.0,0.0,0.0,-0.00178293,0.0,0.23615855,0.0,0.0,0.0,0.0,0.0,0.0,0.0,-0.0021419688,0.0,0.009929914,0.17499469,0.0,-0.005270698,0.0,-0.09384779,0.0,-0.16027565,0.0,0.0,0.0,0.0,0.0,87
0.0,0.0,0.0647003,0.0,0.0,0.0,0.0,0.16288261,0.0,0.0,0.0,0.0044053094,0.0,0.0,0.0,0.0,0.0,0.0,0.023081,0.0,0.0,0.0,0.0,0.0,0.0,-0.030739933,0.0,0.0,0.0,0.0,0.0,0.0,0.0,-0.010877002,0.0,0.0,0.0,0.0,0.0,0.1446239,0.0,-0.01339224,0.0,0.0,0.0,0.21643053,0.0,0.0,0.0,-0.0274499,0.0,-0.001014594,0.0,0.0,0.0,0.0,0.0,0.0,0.0,-0.0007768915,0.0,-0.029614357,0.16613267,0.0,0.07952971,0.0,0.25369346,0.0,-0.72274584,0.0,0.0,0.0,0.0,0.0,88
0.0,0.0,0.045642428,0.0,0.0,0.0,0.0,0.18847771,0.0,0.0,0.0,0.0044053094,0.0,0.0,0.0,0.0,0.0,0.0,-0.00079537235,0.0,0.0,0.0,0.0,0.0,0.0,-0.03287717,0.0,0.0,0.0,0.0,0.0,0.0,0.0,-0.011756756,0.0,0.0,0.0,0.0,0.0,0.1446239,0.0,-0.01247136,0.0,0.0,0.0,0.2549105,0.0,0.0,0.0,-0.00178293,0.0,0.09039844,0.0,0.0,0.0,0.0,0.0,0.0,0.0,-0.0021419688,0.0,0.009929914,0.27327177,0.0,-0.005270698,0.0,-0.15963048,0.0,-0.15117915,0.0,0.0,0.0,0.0,0.0,89
0.0,0.0,0.045642428,0.0,0.0,0.0,0.0,0.19172552,0.0,0.0,0.0,0.0044053094,0.0,0.0,0.0,0.0,0.0,0.0,-0.0014512407,0.0,0.0,0.0,0.0,0.0,0.0,0.062112905,0.0,0.0,0.0,0.0,0.0,0.0,0.0,0.04442253,0.0,0.0,0.0,0.0,0.0,0.1446239,0.0,-0.01339224,0.0,0.0,0.0,0.20299774,0.0,0.0,0.0,-0.00178293,0.0,0.23615855,0.0,0.0,0.0,0.0,0.0,0.0,0.0,-0.0021419688,0.0,-0.029614357,0.2688315,0.0,-0.005270698,0.0,-0.11343444,0.0,-0.07922443,0.0,0.0,0.0,0.0,0.0,90
0.0,0.0,-0.17692202,0.0,0.0,0.0,0.0,0.1286623,0.0,0.0,0.0,0.0016817559,0.0,0.0,0.0,0.0,0.0,0.0,-0.0011480547,0.0,0.0,0.0,0.0,0.0,0.0,0.01462012,0.0,0.0,0.0,0.0,0.0,0.0,0.0,-0.045895025,0.0,0.0,0.0,0.0,0.0,0.059114013,0.0,-0.031245627,0.0,0.0,0.0,-0.60740304,0.0,0.0,0.0,0.031902775,0.0,-0.036502093,0.0,0.0,0.0,0.0,0.0,0.0,0.0,-0.0008477526,0.0,-0.13495609,0.13024247,0.0,-0.0053953268,0.0,-0.09277481,0.0,1.5231493,0.0,0.0,0.0,0.0,0.0,91
0.0,0.0,0.016083414,0.0,0.0,0.0,0.0,0.15725473,0.0,0.0,0.0,0.0044053094,0.0,0.0,0.0,0.0,0.0,0.0,-0.00079537235,0.0,0.0,0.0,0.0,0.0,0.0,0.0825913,0.0,0.0,0.0,0.0,0.0,0.0,0.0,-0.013074565,0.0,0.0,0.0,0.0,0.0,0.1446239,0.0,-0.01339224,0.0,0.0,0.0,0.2659024,0.0,0.0,0.0,0.019309971,0.0,0.09258664,0.0,0.0,0.0,0.0,0.0,0.0,0.0,0.0085933935,0.0,-0.029614357,0.27327177,0.0,-0.005270698,0.0,0.1028497,0.0,-0.12384005,0.0,0.0,0.0,0.0,0.0,92
0.0,0.0,-0.17603995,0.0,0.0,0.0,0.0,0.11975785,0.0,0.0,0.0,0.0016817559,0.0,0.0,0.0,0.0,0.0,0.0,-0.001803923,0.0,0.0,0.0,0.0,0.0,0.0,-0.0052551804,0.0,0.0,0.0,0.0,0.0,0.0,0.0,0.106031716,0.0,0.0,0.0,0.0,0.0,-0.11801915,0.0,0.1211334,0.0,0.0,0.0,-0.4989194,0.0,0.0,0.0,-0.00178293,0.0,0.056380175,0.0,0.0,0.0,0.0,0.0,0.0,0.0,-0.0008477526,0.0,0.060385052,0.12431399,0.0,-0.004424822,0.0,-0.086844616,0.0,1.6668755,0.0,0.0,0.0,0.0,0.0,93
0.0,0.0,0.045642428,0.0,0.0,0.0,0.0,0.19172552,0.0,0.0,0.0,0.0044053094,0.0,0.0,0.0,0.0,0.0,0.0,-0.00079537235,0.0,0.0,0.0,0.0,0.0,0.0,-0.036510162,0.0,0.0,0.0,0.0,0.0,0.0,0.0,0.040805727,0.0,0.0,0.0,0.0,0.0,0.1446239,0.0,-0.01247136,0.0,0.0,0.0,0.19938093,0.0,0.0,0.0,-0.00178293,0.0,0.23615855,0.0,0.0,0.0,0.0,0.0,0.0,0.0,-0.0021419688,0.0,0.009929914,0.27327177,0.0,-0.005270698,0.0,-0.09384779,0.0,-0.13511224,0.0,0.0,0.0,0.0,0.0,94
0.0,0.0,-0.06143462,0.0,0.0,0.0,0.0,-0.5295092,0.0,0.0,0.0,-0.049731072,0.0,0.0,0.0,0.0,0.0,0.0,-0.011811335,0.0,0.0,0.0,0.0,0.0,0.0,-0.0450454,0.0,0.0,0.0,0.0,0.0,0.0,0.0,-0.011433076,0.0,0.0,0.0,0.0,0.0,-0.4147396,0.0,-0.09017356,0.0,0.0,0.0,0.17693372,0.0,0.0,0.0,-0.06809173,0.0,-0.13458501,0.0,0.0,0.0,0.0,0.0,0.0,0.0,0.02369286,0.0,-0.025221046,0.094634525,0.0,-0.007686536,0.0,-0.27102366,0.0,-1.0096308,0.0,0.0,0.0,0.0,0.0,95
0.0,0.0,-0.17692202,0.0,0.0,0.0,0.0,0.1518169,0.0,0.0,0.0,0.0044053094,0.0,0.0,0.0,0.0,0.0,0.0,-0.001803923,0.0,0.0,0.0,0.0,0.0,0.0,-0.014810177,0.0,0.0,0.0,0.0,0.0,0.0,0.0,0.030349832,0.0,0.0,0.0,0.0,0.0,-0.18796541,0.0,-0.09225538,0.0,0.0,0.0,0.19772834,0.0,0.0,0.0,-0.0066755987,0.0,-0.043441124,0.0,0.0,0.0,0.0,0.0,0.0,0.0,-0.0008477526,0.0,0.049951516,0.23776785,0.0,-0.0053953268,0.0,-0.086844616,0.0,1.8939606,0.0,0.0,0.0,0.0,0.0,96
0.0,0.0,0.04476036,0.0,0.0,0.0,0.0,0.101730734,0.0,0.0,0.0,0.000932639,0.0,0.0,0.0,0.0,0.0,0.0,-0.00079537235,0.0,0.0,0.0,0.0,0.0,0.0,0.06982664,0.0,0.0,0.0,0.0,0.0,0.0,0.0,-0.067184046,0.0,0.0,0.0,0.0,0.0,0.13721927,0.0,-0.01339224,0.0,0.0,0.0,-0.46216446,0.0,0.0,0.0,-0.00935499,0.0,-0.061504304,0.0,0.0,0.0,0.0,0.0,0.0,0.0,-0.0021419688,0.0,-0.029614357,-0.2803336,0.0,-0.018330125,0.0,0.1028497,0.0,-0.12457148,0.0,0.0,0.0,0.0,0.0,97
0.0,0.0,0.07461226,0.0,0.0,0.0,0.0,0.16364779,0.0,0.0,0.0,0.0044053094,0.0,0.0,0.0,0.0,0.0,0.0,-0.00079537235,0.0,0.0,0.0,0.0,0.0,0.0,-0.060517162,0.0,0.0,0.0,0.0,0.0,0.0,0.0,-0.013074565,0.0,0.0,0.0,0.0,0.0,0.1446239,0.0,-0.026788477,0.0,0.0,0.0,0.29132688,0.0,0.0,0.0,0.031892594,0.0,-0.03411655,0.0,0.0,0.0,0.0,0.0,0.0,0.0,-0.0007768915,0.0,0.008792735,0.26939377,0.0,-0.008883752,0.0,0.107842304,0.0,-0.28977877,0.0,0.0,0.0,0.0,0.0,98
0.0,0.0,0.15691885,0.0,0.0,0.0,0.0,-0.44846928,0.0,0.0,0.0,-0.049731072,0.0,0.0,0.0,0.0,0.0,0.0,-0.0034846324,0.0,0.0,0.0,0.0,0.0,0.0,0.08389293,0.0,0.0,0.0,0.0,0.0,0.0,0.0,0.040902466,0.0,0.0,0.0,0.0,0.0,0.13061517,0.0,-0.01339224,0.0,0.0,0.0,0.10984966,0.0,0.0,0.0,-0.013519897,0.0,0.19825996,0.0,0.0,0.0,0.0,0.0,0.0,0.0,0.0085933935,0.0,-0.029614357,0.14593138,0.0,-0.004073482,0.0,0.16563106,0.0,-0.6767614,0.0,0.0,0.0,0.0,0.0,99
0.0,0.0,0.04476036,0.0,0.0,0.0,0.0,0.2005651,0.0,0.0,0.0,0.0044053094,0.0,0.0,0.0,0.0,0.0,0.0,-0.00079537235,0.0,0.0,0.0,0.0,0.0,0.0,-0.036510162,0.0,0.0,0.0,0.0,0.0,0.0,0.0,0.040805727,0.0,0.0,0.0,0.0,0.0,0.1446239,0.0,-0.01339224,0.0,0.0,0.0,0.19938093,0.0,0.0,0.0,0.031902775,0.0,-0.072195664,0.0,0.0,0.0,0.0,0.0,0.0,0.0,-0.0021419688,0.0,-0.029614357,0.26939377,0.0,-0.008883752,0.0,-0.15982908,0.0,-0.12362373,0.0,0.0,0.0,0.0,0.0,100
0.0,0.0,-0.17692202,0.0,0.0,0.0,0.0,0.12106953,0.0,0.0,0.0,0.0016817559,0.0,0.0,0.0,0.0,0.0,0.0,-0.001803923,0.0,0.0,0.0,0.0,0.0,0.0,0.025263064,0.0,0.0,0.0,0.0,0.0,0.0,0.0,0.1356052,0.0,0.0,0.0,0.0,0.0,-0.18796541,0.0,-0.09225538,0.0,0.0,0.0,-0.50828093,0.0,0.0,0.0,-0.06210993,0.0,-0.043441124,0.0,0.0,0.0,0.0,0.0,0.0,0.0,-0.0008477526,0.0,0.049951516,0.1083174,0.0,-0.0053953268,0.0,-0.09277481,0.0,1.8790152,0.0,0.0,0.0,0.0,0.0,101
0.0,0.0,0.035816282,0.0,0.0,0.0,0.0,0.13557146,0.0,0.0,0.0,0.0016817559,0.0,0.0,0.0,0.0,0.0,0.0,-0.0014512407,0.0,0.0,0.0,0.0,0.0,0.0,0.01462012,0.0,0.0,0.0,0.0,0.0,0.0,0.0,-0.045895025,0.0,0.0,0.0,0.0,0.0,0.059114013,0.0,-0.031245627,0.0,0.0,0.0,-0.60740304,0.0,0.0,0.0,0.031902775,0.0,-0.036502093,0.0,0.0,0.0,0.0,0.0,0.0,0.0,-0.0008477526,0.0,-0.13495609,0.12580219,0.0,-0.0053953268,0.0,-0.09277481,0.0,1.4059399,0.0,0.0,0.0,0.0,0.0,102
0.0,0.0,-0.17519884,0.0,0.0,0.0,0.0,0.11701119,0.0,0.0,0.0,0.0016817559,0.0,0.0,0.0,0.0,0.0,0.0,-0.001803923,0.0,0.0,0.0,0.0,0.0,0.0,0.024450663,0.0,0.0,0.0,0.0,0.0,0.0,0.0,-0.035119716,0.0,0.0,0.0,0.0,0.0,-0.11801915,0.0,0.1211334,0.0,0.0,0.0,-0.57249653,0.0,0.0,0.0,-0.06210993,0.0,-0.043441124,0.0,0.0,0.0,0.0,0.0,0.0,0.0,0.009377207,0.0,0.060385052,0.1083174,0.0,-0.0053953268,0.0,-0.086844616,0.0,1.8423935,0.0,0.0,0.0,0.0,0.0,103
0.0,0.0,-0.17692202,0.0,0.0,0.0,0.0,0.15126184,0.0,0.0,0.0,0.0044053094,0.0,0.0,0.0,0.0,0.0,0.0,-0.0011480547,0.0,0.0,0.0,0.0,0.0,0.0,-0.011177182,0.0,0.0,0.0,0.0,0.0,0.0,0.0,-0.009538107,0.0,0.0,0.0,0.0,0.0,-0.18796541,0.0,-0.09225538,0.0,0.0,0.0,0.22541463,0.0,0.0,0.0,-0.0033950778,0.0,-0.014805951,0.0,0.0,0.0,0.0,0.0,0.0,0.0,-0.0008477526,0.0,0.049951516,0.24220812,0.0,-0.0053953268,0.0,-0.086844616,0.0,1.8660724,0.0,0.0,0.0,0.0,0.0,104
0.0,0.0,-0.026320007,0.0,0.0,0.0,0.0,0.1423006,0.0,0.0,0.0,0.0015791198,0.0,0.0,0.0,0.0,0.0,0.0,-0.00079537235,0.0,0.0,0.0,0.0,0.0,0.0,0.0825913,0.0,0.0,0.0,0.0,0.0,0.0,0.0,-0.013074565,0.0,0.0,0.0,0.0,0.0,0.13721927,0.0,-0.022178864,0.0,0.0,0.0,0.17816085,0.0,0.0,0.0,-0.0060744695,0.0,-0.032869134,0.0,0.0,0.0,0.0,0.0,0.0,0.0,-0.0021419688,0.0,-0.025221046,-0.43045697,0.0,-0.018330125,0.0,0.12550746,0.0,-0.20233728,0.0,0.0,0.0,0.0,0.0,105
0.0,0.0,0.045642428,0.0,0.0,0.0,0.0,0.15725473,0.0,0.0,0.0,0.0044053094,0.0,0.0,0.0,0.0,0.0,0.0,-0.00079537235,0.0,0.0,0.0,0.0,0.0,0.0,0.0825913,0.0,0.0,0.0,0.0,0.0,0.0,0.0,-0.013074565,0.0,0.0,0.0,0.0,0.0,0.1446239,0.0,-0.01247136,0.0,0.0,0.0,0.2659024,0.0,0.0,0.0,-0.00178293,0.0,0.10313309,0.0,0.0,0.0,0.0,0.0,0.0,0.0,-0.0021419688,0.0,0.009929914,0.27327177,0.0,-0.005270698,0.0,0.1028497,0.0,-0.12127937,0.0,0.0,0.0,0.0,0.0,106
0.0,0.0,0.04476036,0.0,0.0,0.0,0.0,0.15149024,0.0,0.0,0.0,0.0016817559,0.0,0.0,0.0,0.0,0.0,0.0,-0.00079537235,0.0,0.0,0.0,0.0,0.0,0.0,-0.026955169,0.0,0.0,0.0,0.0,0.0,0.0,0.0,0.20636117,0.0,0.0,0.0,0.0,0.0,0.1446239,0.0,-0.022178864,0.0,0.0,0.0,-0.43029997,0.0,0.0,0.0,-0.0033950778,0.0,-0.050499525,0.0,0.0,0.0,0.0,0.0,0.0,0.0,-0.0021419688,0.0,-0.025221046,0.17111672,0.0,-0.008883752,0.0,-0.15982908,0.0,-0.09787133,0.0,0.0,0.0,0.0,0.0,107
0.0,0.0,0.045642428,0.0,0.0,0.0,0.0,0.13590756,0.0,0.0,0.0,0.0015791198,0.0,0.0,0.0,0.0,0.0,0.0,-0.00079537235,0.0,0.0,0.0,0.0,0.0,0.0,0.0825913,0.0,0.0,0.0,0.0,0.0,0.0,0.0,-0.013074565,0.0,0.0,0.0,0.0,0.0,0.13721927,0.0,-0.026788477,0.0,0.0,0.0,0.17771603,0.0,0.0,0.0,0.01663058,0.0,0.12275995,0.0,0.0,0.0,0.0,0.0,0.0,0.0,-0.0021419688,0.0,0.008792735,-0.44018573,0.0,-0.014717071,0.0,0.061955202,0.0,-0.19279051,0.0,0.0,0.0,0.0,0.0,108
0.0,0.0,-0.34823745,0.0,0.0,0.0,0.0,0.10782512,0.0,0.0,0.0,0.0015791198,0.0,0.0,0.0,0.0,0.0,0.0,-0.0032860572,0.0,0.0,0.0,0.0,0.0,0.0,-0.050282545,0.0,0.0,0.0,0.0,0.0,0.0,0.0,0.04442253,0.0,0.0,0.0,0.0,0.0,0.120133534,0.0,-0.00061732647,0.0,0.0,0.0,0.127018,0.0,0.0,0.0,0.020771837,0.0,-0.01616036,0.0,0.0,0.0,0.0,0.0,0.0,0.0,-0.0008477526,0.0,0.024449533,-0.3872475,0.0,-0.0148417,0.0,0.08672051,0.0,0.13357778,0.0,0.0,0.0,0.0,0.0,109
0.0,0.0,0.035146244,0.0,0.0,0.0,0.0,-0.44740573,0.0,0.0,0.0,0.0044053094,0.0,0.0,0.0,0.0,0.0,0.0,-0.0034846324,0.0,0.0,0.0,0.0,0.0,0.0,0.08389293,0.0,0.0,0.0,0.0,0.0,0.0,0.0,0.040902466,0.0,0.0,0.0,0.0,0.0,0.13061517,0.0,-0.01247136,0.0,0.0,0.0,0.13367948,0.0,0.0,0.0,-0.013519897,0.0,0.22198191,0.0,0.0,0.0,0.0,0.0,0.0,0.0,-0.0007768915,0.0,0.009929914,0.1590425,0.0,-0.004073482,0.0,0.14902702,0.0,-0.78715664,0.0,0.0,0.0,0.0,0.0,110
0.0,0.0,0.10649061,0.0,0.0,0.0,0.0,-0.43810165,0.0,0.0,0.0,0.0044053094,0.0,0.0,0.0,0.0,0.0,0.0,0.023081,0.0,0.0,0.0,0.0,0.0,0.0,0.0825913,0.0,0.0,0.0,0.0,0.0,0.0,0.0,-0.011433076,0.0,0.0,0.0,0.0,0.0,0.13061517,0.0,-0.01339224,0.0,0.0,0.0,0.1761707,0.0,0.0,0.0,-0.013519897,0.0,0.19825996,0.0,0.0,0.0,0.0,0.0,0.0,0.0,-0.0007768915,0.0,-0.029614357,0.12983775,0.0,0.00040099001,0.0,0.21822162,0.0,-0.659325,0.0,0.0,0.0,0.0,0.0,111
0.0,0.0,-0.016368587,0.0,0.0,0.0,0.0,0.11585586,0.0,0.0,0.0,0.0016817559,0.0,0.0,0.0,0.0,0.0,0.0,-0.0014512407,0.0,0.0,0.0,0.0,0.0,0.0,0.04804662,0.0,0.0,0.0,0.0,0.0,0.0,0.0,-0.067184046,0.0,0.0,0.0,0.0,0.0,-0.45966417,0.0,-0.08138694,0.0,0.0,0.0,-0.7913383,0.0,0.0,0.0,-0.060493827,0.0,0.12227568,0.0,0.0,0.0,0.0,0.0,0.0,0.0,0.02369286,0.0,-0.029614357,0.13038346,0.0,-0.005270698,0.0,-0.17941572,0.0,-0.4706968,0.0,0.0,0.0,0.0,0.0,112
0.0,0.0,-0.017250651,0.0,0.0,0.0,0.0,0.2005651,0.0,0.0,0.0,0.0044053094,0.0,0.0,0.0,0.0,0.0,0.0,-0.0014512407,0.0,0.0,0.0,0.0,0.0,0.0,-0.036510162,0.0,0.0,0.0,0.0,0.0,0.0,0.0,0.040805727,0.0,0.0,0.0,0.0,0.0,0.06480342,0.0,0.059505504,0.0,0.0,0.0,0.22436062,0.0,0.0,0.0,-0.006671647,0.0,-0.018622275,0.0,0.0,0.0,0.0,0.0,0.0,0.0,0.02369286,0.0,-0.029614357,0.2649535,0.0,-0.008883752,0.0,-0.15982908,0.0,-0.26217273,0.0,0.0,0.0,0.0,0.0,113
0.0,0.0,0.0016046856,0.0,0.0,0.0,0.0,0.12338375,0.0,0.0,0.0,0.0016817559,0.0,0.0,0.0,0.0,0.0,0.0,-0.00079537235,0.0,0.0,0.0,0.0,0.0,0.0,0.04804662,0.0,0.0,0.0,0.0,0.0,0.0,0.0,-0.067184046,0.0,0.0,0.0,0.0,0.0,-0.45966417,0.0,-0.08046606,0.0,0.0,0.0,-0.7069466,0.0,0.0,0.0,-0.005059499,0.0,0.12227568,0.0,0.0,0.0,0.0,0.0,0.0,0.0,-0.0021419688,0.0,0.009929914,0.16599713,0.0,-0.005270698,0.0,-0.17941572,0.0,-0.54879135,0.0,0.0,0.0,0.0,0.0,114
0.0,0.0,0.00072262064,0.0,0.0,0.0,0.0,0.14530219,0.0,0.0,0.0,0.0015791198,0.0,0.0,0.0,0.0,0.0,0.0,-0.00079537235,0.0,0.0,0.0,0.0,0.0,0.0,-0.051981926,0.0,0.0,0.0,0.0,0.0,0.0,0.0,0.040805727,0.0,0.0,0.0,0.0,0.0,0.057398785,0.0,0.059505504,0.0,0.0,0.0,0.13617426,0.0,0.0,0.0,-0.02563405,0.0,-0.09287669,0.0,0.0,0.0,0.0,0.0,0.0,0.0,-0.0021419688,0.0,-0.029614357,-0.43045697,0.0,-0.018330125,0.0,0.08518455,0.0,-0.3863541,0.0,0.0,0.0,0.0,0.0,115
0.0,0.0,-0.17692202,0.0,0.0,0.0,0.0,0.15126184,0.0,0.0,0.0,0.0044053094,0.0,0.0,0.0,0.0,0.0,0.0,-0.001803923,0.0,0.0,0.0,0.0,0.0,0.0,-0.023345409,0.0,0.0,0.0,0.0,0.0,0.0,0.0,-0.010855915,0.0,0.0,0.0,0.0,0.0,-0.18796541,0.0,-0.09225538,0.0,0.0,0.0,0.23890068,0.0,0.0,0.0,-0.0066755987,0.0,-0.043441124,0.0,0.0,0.0,0.0,0.0,0.0,0.0,-0.0008477526,0.0,0.049951516,0.23776785,0.0,-0.0053953268,0.0,-0.086844616,0.0,1.9030843,0.0,0.0,0.0,0.0,0.0,116
0.0,0.0,0.016210487,0.0,0.0,0.0,0.0,-0.48513633,0.0,0.0,0.0,0.0044053094,0.0,0.0,0.0,0.0,0.0,0.0,-0.00079537235,0.0,0.0,0.0,0.0,0.0,0.0,-0.060517162,0.0,0.0,0.0,0.0,0.0,0.0,0.0,-0.011433076,0.0,0.0,0.0,0.0,0.0,0.13061517,0.0,-0.022178864,0.0,0.0,0.0,0.1792733,0.0,0.0,0.0,-0.046228286,0.0,-0.12185036,0.0,0.0,0.0,0.0,0.0,0.0,0.0,0.0085933935,0.0,-0.025221046,0.15734653,0.0,-0.008883752,0.0,0.12939195,0.0,-0.7776162,0.0,0.0,0.0,0.0,0.0,117
0.0,0.0,0.023127643,0.0,0.0,0.0,0.0,-0.6085925,0.0,0.0,0.0,-0.049731072,0.0,0.0,0.0,0.0,0.0,0.0,0.023081,0.0,0.0,0.0,0.0,0.0,0.0,-0.03287717,0.0,0.0,0.0,0.0,0.0,0.0,0.0,-0.010115268,0.0,0.0,0.0,0.0,0.0,0.13061517,0.0,-0.01339224,0.0,0.0,0.0,0.14894515,0.0,0.0,0.0,-0.046228286,0.0,-0.13458501,0.0,0.0,0.0,0.0,0.0,0.0,0.0,-0.0007768915,0.0,-0.029614357,0.11508586,0.0,-0.007686536,0.0,-0.2729936,0.0,-0.8904693,0.0,0.0,0.0,0.0,0.0,118
0.0,0.0,0.04476036,0.0,0.0,0.0,0.0,0.1660943,0.0,0.0,0.0,0.0044053094,0.0,0.0,0.0,0.0,0.0,0.0,-0.00079537235,0.0,0.0,0.0,0.0,0.0,0.0,0.0825913,0.0,0.0,0.0,0.0,0.0,0.0,0.0,-0.013074565,0.0,0.0,0.0,0.0,0.0,0.06480342,0.0,0.059505504,0.0,0.0,0.0,0.2659024,0.0,0.0,0.0,-0.0066755987,0.0,-0.06640005,0.0,0.0,0.0,0.0,0.0,0.0,0.0,-0.0021419688,0.0,-0.029614357,0.26939377,0.0,-0.008883752,0.0,0.1028497,0.0,-0.044834673,0.0,0.0,0.0,0.0,0.0,119
0.0,0.0,0.04476036,0.0,0.0,0.0,0.0,0.1514408,0.0,0.0,0.0,0.0044053094,0.0,0.0,0.0,0.0,0.0,0.0,-0.00079537235,0.0,0.0,0.0,0.0,0.0,0.0,0.08389293,0.0,0.0,0.0,0.0,0.0,0.0,0.0,0.04442253,0.0,0.0,0.0,0.0,0.0,-0.45966417,0.0,-0.08046606,0.0,0.0,0.0,0.20299774,0.0,0.0,0.0,-0.0066755987,0.0,-0.06640005,0.0,0.0,0.0,0.0,0.0,0.0,0.0,-0.0021419688,0.0,0.009929914,0.26039618,0.0,-0.008883752,0.0,0.1028497,0.0,-0.17341976,0.0,0.0,0.0,0.0,0.0,120
0.0,0.0,0.0399793,0.0,0.0,0.0,0.0,-0.4777245,0.0,0.0,0.0,0.0044053094,0.0,0.0,0.0,0.0,0.0,0.0,-0.00079537235,0.0,0.0,0.0,0.0,0.0,0.0,0.08389293,0.0,0.0,0.0,0.0,0.0,0.0,0.0,0.0427254,0.0,0.0,0.0,0.0,0.0,0.13061517,0.0,-0.022178864,0.0,0.0,0.0,0.19121476,0.0,0.0,0.0,-0.02545003,0.0,-0.10785782,0.0,0.0,0.0,0.0,0.0,0.0,0.0,0.0085933935,0.0,-0.025221046,0.22922084,0.0,-0.008883752,0.0,0.17202795,0.0,-0.26520294,0.0,0.0,0.0,0.0,0.0,121
0.0,0.0,0.023127643,0.0,0.0,0.0,0.0,-0.6085925,0.0,0.0,0.0,-0.049731072,0.0,0.0,0.0,0.0,0.0,0.0,-0.011811335,0.0,0.0,0.0,0.0,0.0,0.0,-0.03287717,0.0,0.0,0.0,0.0,0.0,0.0,0.0,-0.010115268,0.0,0.0,0.0,0.0,0.0,0.13061517,0.0,-0.01339224,0.0,0.0,0.0,0.14894515,0.0,0.0,0.0,-0.046228286,0.0,-0.13458501,0.0,0.0,0.0,0.0,0.0,0.0,0.0,-0.0007768915,0.0,-0.029614357,0.10781164,0.0,-0.007686536,0.0,-0.2729936,0.0,-0.9155765,0.0,0.0,0.0,0.0,0.0,122
0.0,0.0,0.04476036,0.0,0.0,0.0,0.0,0.19787234,0.0,0.0,0.0,0.0044053094,0.0,0.0,0.0,0.0,0.0,0.0,-0.00079537235,0.0,0.0,0.0,0.0,0.0,0.0,-0.043743774,0.0,0.0,0.0,0.0,0.0,0.0,0.0,0.04442253,0.0,0.0,0.0,0.0,0.0,0.1446239,0.0,-0.01339224,0.0,0.0,0.0,0.20549189,0.0,0.0,0.0,-0.0066755987,0.0,-0.079134695,0.0,0.0,0.0,0.0,0.0,0.0,0.0,-0.0021419688,0.0,-0.029614357,0.26939377,0.0,-0.008883752,0.0,-0.15963048,0.0,-0.07810633,0.0,0.0,0.0,0.0,0.0,123
0.0,0.0,0.072646275,0.0,0.0,0.0,0.0,0.18480146,0.0,0.0,0.0,0.0044053094,0.0,0.0,0.0,0.0,0.0,0.0,-0.00079537235,0.0,0.0,0.0,0.0,0.0,0.0,-0.0450454,0.0,0.0,0.0,0.0,0.0,0.0,0.0,-0.013074565,0.0,0.0,0.0,0.0,0.0,-0.20590827,0.0,0.3250872,0.0,0.0,0.0,0.29088205,0.0,0.0,0.0,-0.022954658,0.0,-0.11050707,0.0,0.0,0.0,0.0,0.0,0.0,0.0,-0.0007768915,0.0,-0.029614357,0.26039618,0.0,-0.008883752,0.0,-0.15982908,0.0,-0.29910383,0.0,0.0,0.0,0.0,0.0,124
0.0,0.0,0.12974474,0.0,0.0,0.0,0.0,-0.4024663,0.0,0.0,0.0,-0.049731072,0.0,0.0,0.0,0.0,0.0,0.0,0.023081,0.0,0.0,0.0,0.0,0.0,0.0,-0.048348933,0.0,0.0,0.0,0.0,0.0,0.0,0.0,-0.010115268,0.0,0.0,0.0,0.0,0.0,-0.4147396,0.0,-0.09017356,0.0,0.0,0.0,0.15335739,0.0,0.0,0.0,-0.046228286,0.0,-0.11362122,0.0,0.0,0.0,0.0,0.0,0.0,0.0,-0.0007768915,0.0,-0.025221046,0.103851065,0.0,-0.0032120636,0.0,0.20055647,0.0,-0.84876597,0.0,0.0,0.0,0.0,0.0,125
0.0,0.0,-0.17692202,0.0,0.0,0.0,0.0,0.14912415,0.0,0.0,0.0,0.0044053094,0.0,0.0,0.0,0.0,0.0,0.0,-0.0011480547,0.0,0.0,0.0,0.0,0.0,0.0,-0.022043789,0.0,0.0,0.0,0.0,0.0,0.0,0.0,0.03396664,0.0,0.0,0.0,0.0,0.0,-0.18796541,0.0,-0.014787853,0.0,0.0,0.0,0.20383929,0.0,0.0,0.0,-0.0066755987,0.0,-0.043441124,0.0,0.0,0.0,0.0,0.0,0.0,0.0,-0.0008477526,0.0,0.060385052,0.24220812,0.0,-0.0053953268,0.0,-0.08664601,0.0,1.9365606,0.0,0.0,0.0,0.0,0.0,126
0.0,0.0,0.035146244,0.0,0.0,0.0,0.0,-0.45481756,0.0,0.0,0.0,0.0044053094,0.0,0.0,0.0,0.0,0.0,0.0,-0.00079537235,0.0,0.0,0.0,0.0,0.0,0.0,0.0825913,0.0,0.0,0.0,0.0,0.0,0.0,0.0,-0.011433076,0.0,0.0,0.0,0.0,0.0,0.13061517,0.0,-0.01339224,0.0,0.0,0.0,0.1792733,0.0,0.0,0.0,-0.013519897,0.0,0.22198191,0.0,0.0,0.0,0.0,0.0,0.0,0.0,-0.0007768915,0.0,-0.029614357,0.16122453,0.0,-0.005270698,0.0,0.1470571,0.0,-0.66279095,0.0,0.0,0.0,0.0,0.0,127
0.0,0.0,0.053340584,0.0,0.0,0.0,0.0,0.1881583,0.0,0.0,0.0,0.0044053094,0.0,0.0,0.0,0.0,0.0,0.0,0.00036929472,0.0,0.0,0.0,0.0,0.0,0.0,0.046728358,0.0,0.0,0.0,0.0,0.0,0.0,0.0,-0.013074565,0.0,0.0,0.0,0.0,0.0,0.12389381,0.0,-0.00061732647,0.0,0.0,0.0,0.27810895,0.0,0.0,0.0,0.031902775,0.0,-0.047113165,0.0,0.0,0.0,0.0,0.0,0.0,0.0,-0.0008477526,0.0,0.024449533,0.2481822,0.0,-0.0053953268,0.0,-0.1790559,0.0,0.19109547,0.0,0.0,0.0,0.0,0.0,128
0.0,0.0,0.19373341,0.0,0.0,0.0,0.0,-0.44533917,0.0,0.0,0.0,-0.049731072,0.0,0.0,0.0,0.0,0.0,0.0,0.023081,0.0,0.0,0.0,0.0,0.0,0.0,0.0825913,0.0,0.0,0.0,0.0,0.0,0.0,0.0,-0.011433076,0.0,0.0,0.0,0.0,0.0,0.13061517,0.0,-0.01339224,0.0,0.0,0.0,0.17693372,0.0,0.0,0.0,0.1247217,0.0,-0.07332808,0.0,0.0,0.0,0.0,0.0,0.0,0.0,-0.0007768915,0.0,-0.029614357,0.11508586,0.0,-0.007686536,0.0,0.16760097,0.0,-0.68995833,0.0,0.0,0.0,0.0,0.0,129
0.0,0.0,0.045642428,0.0,0.0,0.0,0.0,0.15511705,0.0,0.0,0.0,0.0044053094,0.0,0.0,0.0,0.0,0.0,0.0,-0.00079537235,0.0,0.0,0.0,0.0,0.0,0.0,-0.05921554,0.0,0.0,0.0,0.0,0.0,0.0,0.0,0.04442253,0.0,0.0,0.0,0.0,0.0,0.1446239,0.0,-0.01247136,0.0,0.0,0.0,0.20549189,0.0,0.0,0.0,0.019309971,0.0,0.09258664,0.0,0.0,0.0,0.0,0.0,0.0,0.0,-0.0021419688,0.0,0.009929914,0.27327177,0.0,-0.005270698,0.0,0.085383154,0.0,-0.14227808,0.0,0.0,0.0,0.0,0.0,130
0.0,0.0,-0.17692202,0.0,0.0,0.0,0.0,0.09655399,0.0,0.0,0.0,0.0015791198,0.0,0.0,0.0,0.0,0.0,0.0,-0.0011480547,0.0,0.0,0.0,0.0,0.0,0.0,-0.026691927,0.0,0.0,0.0,0.0,0.0,0.0,0.0,0.03396664,0.0,0.0,0.0,0.0,0.0,-0.18151668,0.0,-0.014787853,0.0,0.0,0.0,0.11315879,0.0,0.0,0.0,0.020771837,0.0,-0.0144562945,0.0,0.0,0.0,0.0,0.0,0.0,0.0,-0.0008477526,0.0,0.060385052,-0.37470695,0.0,-0.0148417,0.0,0.045081962,0.0,1.766996,0.0,0.0,0.0,0.0,0.0,131
0.0,0.0,0.038664334,0.0,0.0,0.0,0.0,0.0957452,0.0,0.0,0.0,0.0015791198,0.0,0.0,0.0,0.0,0.0,0.0,-0.00079537235,0.0,0.0,0.0,0.0,0.0,0.0,0.033928383,0.0,0.0,0.0,0.0,0.0,0.0,0.0,-0.010855915,0.0,0.0,0.0,0.0,0.0,0.057044916,0.0,-0.004507651,0.0,0.0,0.0,0.15115917,0.0,0.0,0.0,0.01663058,0.0,0.047321506,0.0,0.0,0.0,0.0,0.0,0.0,0.0,-0.0008477526,0.0,-0.1752521,-0.38330814,0.0,-0.013871196,0.0,0.073001236,0.0,1.1049199,0.0,0.0,0.0,0.0,0.0,132
0.0,0.0,-0.025437944,0.0,0.0,0.0,0.0,0.1022301,0.0,0.0,0.0,0.0016817559,0.0,0.0,0.0,0.0,0.0,0.0,-0.00079537235,0.0,0.0,0.0,0.0,0.0,0.0,0.06982664,0.0,0.0,0.0,0.0,0.0,0.0,0.0,-0.067184046,0.0,0.0,0.0,0.0,0.0,0.1446239,0.0,-0.01339224,0.0,0.0,0.0,-0.6219337,0.0,0.0,0.0,-0.00178293,0.0,0.10313309,0.0,0.0,0.0,0.0,0.0,0.0,0.0,-0.0021419688,0.0,-0.029614357,0.16736001,0.0,0.0019025004,0.0,0.12550746,0.0,-0.14923565,0.0,0.0,0.0,0.0,0.0,133
0.0,0.0,0.07461226,0.0,0.0,0.0,0.0,0.11106967,0.0,0.0,0.0,0.0016817559,0.0,0.0,0.0,0.0,0.0,0.0,-0.00079537235,0.0,0.0,0.0,0.0,0.0,0.0,0.06982664,0.0,0.0,0.0,0.0,0.0,0.0,0.0,-0.067184046,0.0,0.0,0.0,0.0,0.0,0.06480342,0.0,0.059505504,0.0,0.0,0.0,-0.7065018,0.0,0.0,0.0,0.07384224,0.0,-0.0677687,0.0,0.0,0.0,0.0,0.0,0.0,0.0,-0.0007768915,0.0,-0.029614357,0.16348203,0.0,-0.0017105532,0.0,0.12550746,0.0,-0.38283843,0.0,0.0,0.0,0.0,0.0,134
0.0,0.0,0.072646275,0.0,0.0,0.0,0.0,0.1135162,0.0,0.0,0.0,0.0016817559,0.0,0.0,0.0,0.0,0.0,0.0,-0.00079537235,0.0,0.0,0.0,0.0,0.0,0.0,-0.012721088,0.0,0.0,0.0,0.0,0.0,0.0,0.0,-0.05640874,0.0,0.0,0.0,0.0,0.0,0.06480342,0.0,0.059505504,0.0,0.0,0.0,-0.6720401,0.0,0.0,0.0,0.07384224,0.0,-0.0677687,0.0,0.0,0.0,0.0,0.0,0.0,0.0,-0.0007768915,0.0,-0.029614357,0.16348203,0.0,-0.0017105532,0.0,0.08518455,0.0,-0.37421948,0.0,0.0,0.0,0.0,0.0,135
0.0,0.0,0.03922087,0.0,0.0,0.0,0.0,-0.44370657,0.0,0.0,0.0,0.0044053094,0.0,0.0,0.0,0.0,0.0,0.0,-0.00079537235,0.0,0.0,0.0,0.0,0.0,0.0,-0.048348933,0.0,0.0,0.0,0.0,0.0,0.0,0.0,-0.010995022,0.0,0.0,0.0,0.0,0.0,0.13061517,0.0,-0.01247136,0.0,0.0,0.0,0.20558836,0.0,0.0,0.0,0.0168146,0.0,0.16054392,0.0,0.0,0.0,0.0,0.0,0.0,0.0,0.02369286,0.0,0.009929914,0.23309883,0.0,-0.005270698,0.0,0.13747655,0.0,-0.1876532,0.0,0.0,0.0,0.0,0.0,136
0.0,0.0,0.18349461,0.0,0.0,0.0,0.0,-0.44533917,0.0,0.0,0.0,0.0044053094,0.0,0.0,0.0,0.0,0.0,0.0,-0.0014512407,0.0,0.0,0.0,0.0,0.0,0.0,-0.048348933,0.0,0.0,0.0,0.0,0.0,0.0,0.0,-0.010115268,0.0,0.0,0.0,0.0,0.0,0.05079469,0.0,0.059505504,0.0,0.0,0.0,0.1802898,0.0,0.0,0.0,0.1247217,0.0,-0.07332808,0.0,0.0,0.0,0.0,0.0,0.0,0.0,0.0085933935,0.0,-0.029614357,0.14527155,0.0,-0.0017105532,0.0,0.14993583,0.0,-0.6062656,0.0,0.0,0.0,0.0,0.0,137
0.0,0.0,-0.025437944,0.0,0.0,0.0,0.0,0.13269585,0.0,0.0,0.0,0.0015791198,0.0,0.0,0.0,0.0,0.0,0.0,-0.00079537235,0.0,0.0,0.0,0.0,0.0,0.0,-0.042908162,0.0,0.0,0.0,0.0,0.0,0.0,0.0,-0.013074565,0.0,0.0,0.0,0.0,0.0,0.13721927,0.0,-0.01247136,0.0,0.0,0.0,0.17969121,0.0,0.0,0.0,0.01663058,0.0,0.08387563,0.0,0.0,0.0,0.0,0.0,0.0,0.0,-0.0021419688,0.0,0.009929914,-0.4265267,0.0,0.013749844,0.0,0.17786041,0.0,-0.2602884,0.0,0.0,0.0,0.0,0.0,138
0.0,0.0,0.056188636,0.0,0.0,0.0,0.0,0.12084414,0.0,0.0,0.0,0.0015791198,0.0,0.0,0.0,0.0,0.0,0.0,0.00036929472,0.0,0.0,0.0,0.0,0.0,0.0,0.06850839,0.0,0.0,0.0,0.0,0.0,0.0,0.0,-0.013074565,0.0,0.0,0.0,0.0,0.0,0.120133534,0.0,-0.00061732647,0.0,0.0,0.0,0.19189781,0.0,0.0,0.0,-0.0044623213,0.0,0.05616389,0.0,0.0,0.0,0.0,0.0,0.0,0.0,-0.0008477526,0.0,0.024449533,-0.37620172,0.0,0.01459572,0.0,0.12510209,0.0,0.13377489,0.0,0.0,0.0,0.0,0.0,139
0.0,0.0,-0.0696734,0.0,0.0,0.0,0.0,-0.47008651,0.0,0.0,0.0,0.0016817559,0.0,0.0,0.0,0.0,0.0,0.0,-0.011811335,0.0,0.0,0.0,0.0,0.0,0.0,-0.05781006,0.0,0.0,0.0,0.0,0.0,0.0,0.0,-0.05489455,0.0,0.0,0.0,0.0,0.0,0.13061517,0.0,-0.01339224,0.0,0.0,0.0,-0.46754494,0.0,0.0,0.0,-0.046228286,0.0,-0.13458501,0.0,0.0,0.0,0.0,0.0,0.0,0.0,-0.0021419688,0.0,-0.029614357,0.083323,0.0,-0.007686536,0.0,-0.2729936,0.0,-0.88488185,0.0,0.0,0.0,0.0,0.0,140
0.0,0.0,0.023127643,0.0,0.0,0.0,0.0,-0.34663033,0.0,0.0,0.0,0.0016817559,0.0,0.0,0.0,0.0,0.0,0.0,-0.011811335,0.0,0.0,0.0,0.0,0.0,0.0,0.06982664,0.0,0.0,0.0,0.0,0.0,0.0,0.0,-0.05489455,0.0,0.0,0.0,0.0,0.0,0.13061517,0.0,-0.01339224,0.0,0.0,0.0,-0.46754494,0.0,0.0,0.0,0.082772054,0.0,-0.047905065,0.0,0.0,0.0,0.0,0.0,0.0,0.0,-0.0007768915,0.0,-0.029614357,0.083323,0.0,-0.007686536,0.0,0.1470571,0.0,-0.7334812,0.0,0.0,0.0,0.0,0.0,141
0.0,0.0,0.04476036,0.0,0.0,0.0,0.0,0.12469543,0.0,0.0,0.0,0.0016817559,0.0,0.0,0.0,0.0,0.0,0.0,-0.00079537235,0.0,0.0,0.0,0.0,0.0,0.0,0.04804662,0.0,0.0,0.0,0.0,0.0,0.0,0.0,-0.067184046,0.0,0.0,0.0,0.0,0.0,-0.45966417,0.0,-0.09017356,0.0,0.0,0.0,-0.70677024,0.0,0.0,0.0,-0.05882941,0.0,-0.050499525,0.0,0.0,0.0,0.0,0.0,0.0,0.0,-0.0021419688,0.0,-0.025221046,0.13094574,0.0,-0.008883752,0.0,-0.17941572,0.0,-0.20054112,0.0,0.0,0.0,0.0,0.0,142
0.0,0.0,-0.3568177,0.0,0.0,0.0,0.0,0.09907007,0.0,0.0,0.0,0.0016817559,0.0,0.0,0.0,0.0,0.0,0.0,-0.0014512407,0.0,0.0,0.0,0.0,0.0,0.0,-0.05781006,0.0,0.0,0.0,0.0,0.0,0.0,0.0,-0.067184046,0.0,0.0,0.0,0.0,0.0,-0.45966417,0.0,-0.09017356,0.0,0.0,0.0,-0.70677024,0.0,0.0,0.0,-0.05882941,0.0,-0.050499525,0.0,0.0,0.0,0.0,0.0,0.0,0.0,-0.0021419688,0.0,-0.025221046,0.12650546,0.0,-0.008883752,0.0,-0.15982908,0.0,-0.27265844,0.0,0.0,0.0,0.0,0.0,143
0.0,0.0,-0.0696734,0.0,0.0,0.0,0.0,-0.47008651,0.0,0.0,0.0,0.0016817559,0.0,0.0,0.0,0.0,0.0,0.0,-0.00079537235,0.0,0.0,0.0,0.0,0.0,0.0,-0.05781006,0.0,0.0,0.0,0.0,0.0,0.0,0.0,-0.05489455,0.0,0.0,0.0,0.0,0.0,0.13061517,0.0,-0.01339224,0.0,0.0,0.0,-0.5444218,0.0,0.0,0.0,0.1247217,0.0,-0.094291866,0.0,0.0,0.0,0.0,0.0,0.0,0.0,-0.0021419688,0.0,-0.029614357,0.103528276,0.0,-0.008883752,0.0,-0.2729936,0.0,-0.6839011,0.0,0.0,0.0,0.0,0.0,144
0.0,0.0,-0.35200807,0.0,0.0,0.0,0.0,0.10659797,0.0,0.0,0.0,0.0016817559,0.0,0.0,0.0,0.0,0.0,0.0,-0.0014512407,0.0,0.0,0.0,0.0,0.0,0.0,-0.05781006,0.0,0.0,0.0,0.0,0.0,0.0,0.0,-0.067184046,0.0,0.0,0.0,0.0,0.0,-0.45966417,0.0,-0.08138694,0.0,0.0,0.0,-0.7069466,0.0,0.0,0.0,-0.022954658,0.0,-0.11050707,0.0,0.0,0.0,0.0,0.0,0.0,0.0,-0.0021419688,0.0,-0.029614357,0.15767887,0.0,-0.008883752,0.0,-0.15982908,0.0,-0.56578904,0.0,0.0,0.0,0.0,0.0,145
0.0,0.0,-0.06097643,0.0,0.0,0.0,0.0,-0.39604303,0.0,0.0,0.0,0.0016817559,0.0,0.0,0.0,0.0,0.0,0.0,-0.011811335,0.0,0.0,0.0,0.0,0.0,0.0,0.04804662,0.0,0.0,0.0,0.0,0.0,0.0,0.0,-0.05489455,0.0,0.0,0.0,0.0,0.0,-0.4147396,0.0,-0.08138694,0.0,0.0,0.0,-0.5097008,0.0,0.0,0.0,-0.013519897,0.0,0.35500738,0.0,0.0,0.0,0.0,0.0,0.0,0.0,-0.0021419688,0.0,-0.029614357,0.07345083,0.0,-0.004073482,0.0,-0.22659892,0.0,-0.78279406,0.0,0.0,0.0,0.0,0.0,146
0.0,0.0,-0.045474377,0.0,0.0,0.0,0.0,-0.44404352,0.0,0.0,0.0,0.0016817559,0.0,0.0,0.0,0.0,0.0,0.0,-0.011811335,0.0,0.0,0.0,0.0,0.0,0.0,0.04804662,0.0,0.0,0.0,0.0,0.0,0.0,0.0,-0.05489455,0.0,0.0,0.0,0.0,0.0,0.13061517,0.0,-0.01339224,0.0,0.0,0.0,-0.5097008,0.0,0.0,0.0,-0.06809173,0.0,-0.13458501,0.0,0.0,0.0,0.0,0.0,0.0,0.0,-0.0021419688,0.0,-0.029614357,0.07439085,0.0,-0.007686536,0.0,-0.29258022,0.0,-0.851846,0.0,0.0,0.0,0.0,0.0,147
0.0,0.0,0.072646275,0.0,0.0,0.0,0.0,0.098307595,0.0,0.0,0.0,0.0016817559,0.0,0.0,0.0,0.0,0.0,0.0,-0.00079537235,0.0,0.0,0.0,0.0,0.0,0.0,-0.073281825,0.0,0.0,0.0,0.0,0.0,0.0,0.0,-0.067184046,0.0,0.0,0.0,0.0,0.0,-0.45966417,0.0,-0.08138694,0.0,0.0,0.0,-0.7913383,0.0,0.0,0.0,-0.022954658,0.0,-0.097772434,0.0,0.0,0.0,0.0,0.0,0.0,0.0,-0.0007768915,0.0,-0.029614357,0.14590065,0.0,-0.008883752,0.0,0.08518455,0.0,-0.47438034,0.0,0.0,0.0,0.0,0.0,148
0.0,0.0,0.072646275,0.0,0.0,0.0,0.0,0.1660943,0.0,0.0,0.0,0.0044053094,0.0,0.0,0.0,0.0,0.0,0.0,-0.00079537235,0.0,0.0,0.0,0.0,0.0,0.0,-0.060517162,0.0,0.0,0.0,0.0,0.0,0.0,0.0,-0.013074565,0.0,0.0,0.0,0.0,0.0,0.06480342,0.0,0.059505504,0.0,0.0,0.0,0.29088205,0.0,0.0,0.0,-0.022954658,0.0,-0.097772434,0.0,0.0,0.0,0.0,0.0,0.0,0.0,-0.0007768915,0.0,-0.029614357,0.26939377,0.0,-0.008883752,0.0,0.08518455,0.0,-0.2562217,0.0,0.0,0.0,0.0,0.0,149
0.0,0.0,-0.0696734,0.0,0.0,0.0,0.0,-0.5648678,0.0,0.0,0.0,0.0044053094,0.0,0.0,0.0,0.0,0.0,0.0,-0.0034846324,0.0,0.0,0.0,0.0,0.0,0.0,-0.0450454,0.0,0.0,0.0,0.0,0.0,0.0,0.0,-0.011433076,0.0,0.0,0.0,0.0,0.0,-0.4147396,0.0,-0.08138694,0.0,0.0,0.0,0.17175846,0.0,0.0,0.0,-0.046228286,0.0,-0.13458501,0.0,0.0,0.0,0.0,0.0,0.0,0.0,-0.0021419688,0.0,-0.029614357,0.14616695,0.0,-0.007686536,0.0,-0.2729936,0.0,-0.9909676,0.0,0.0,0.0,0.0,0.0,150
0.0,0.0,0.00072262064,0.0,0.0,0.0,0.0,0.14743191,0.0,0.0,0.0,0.0016817559,0.0,0.0,0.0,0.0,0.0,0.0,-0.00079537235,0.0,0.0,0.0,0.0,0.0,0.0,-0.05781006,0.0,0.0,0.0,0.0,0.0,0.0,0.0,-0.067184046,0.0,0.0,0.0,0.0,0.0,0.06480342,0.0,0.059505504,0.0,0.0,0.0,-0.7069466,0.0,0.0,0.0,0.07384224,0.0,-0.080503345,0.0,0.0,0.0,0.0,0.0,0.0,0.0,-0.0021419688,0.0,-0.029614357,0.17111672,0.0,-0.008883752,0.0,-0.15982908,0.0,-0.4484737,0.0,0.0,0.0,0.0,0.0,151
0.0,0.0,0.1014719,0.0,0.0,0.0,0.0,0.1550696,0.0,0.0,0.0,0.0044053094,0.0,0.0,0.0,0.0,0.0,0.0,-0.0014512407,0.0,0.0,0.0,0.0,0.0,0.0,0.08389293,0.0,0.0,0.0,0.0,0.0,0.0,0.0,0.04442253,0.0,0.0,0.0,0.0,0.0,0.06480342,0.0,0.059505504,0.0,0.0,0.0,0.23047157,0.0,0.0,0.0,-0.006671647,0.0,-0.00505301,0.0,0.0,0.0,0.0,0.0,0.0,0.0,-0.0007768915,0.0,-0.029614357,0.2573188,0.0,-0.0017105532,0.0,0.104955696,0.0,-0.22445686,0.0,0.0,0.0,0.0,0.0,152
0.0,0.0,-0.17692202,0.0,0.0,0.0,0.0,0.13272065,0.0,0.0,0.0,0.0016817559,0.0,0.0,0.0,0.0,0.0,0.0,-0.001803923,0.0,0.0,0.0,0.0,0.0,0.0,0.025263064,0.0,0.0,0.0,0.0,0.0,0.0,0.0,0.1356052,0.0,0.0,0.0,0.0,0.0,0.059114013,0.0,0.003940241,0.0,0.0,0.0,-0.50828093,0.0,0.0,0.0,-0.0066755987,0.0,-0.043441124,0.0,0.0,0.0,0.0,0.0,0.0,0.0,-0.0008477526,0.0,0.060385052,0.12580219,0.0,-0.0053953268,0.0,-0.09277481,0.0,1.6542507,0.0,0.0,0.0,0.0,0.0,153
0.0,0.0,0.045642428,0.0,0.0,0.0,0.0,0.17596188,0.0,0.0,0.0,0.0044053094,0.0,0.0,0.0,0.0,0.0,0.0,-0.00079537235,0.0,0.0,0.0,0.0,0.0,0.0,0.06081128,0.0,0.0,0.0,0.0,0.0,0.0,0.0,-0.013074565,0.0,0.0,0.0,0.0,0.0,-0.45966417,0.0,-0.08046606,0.0,0.0,0.0,0.2659024,0.0,0.0,0.0,-0.00178293,0.0,0.09039844,0.0,0.0,0.0,0.0,0.0,0.0,0.0,-0.0021419688,0.0,0.009929914,0.26427418,0.0,-0.005270698,0.0,-0.17941572,0.0,-0.22560064,0.0,0.0,0.0,0.0,0.0,154
0.0,0.0,0.04476036,0.0,0.0,0.0,0.0,0.2005651,0.0,0.0,0.0,0.0044053094,0.0,0.0,0.0,0.0,0.0,0.0,-0.00079537235,0.0,0.0,0.0,0.0,0.0,0.0,-0.043743774,0.0,0.0,0.0,0.0,0.0,0.0,0.0,0.04442253,0.0,0.0,0.0,0.0,0.0,0.1446239,0.0,-0.01339224,0.0,0.0,0.0,0.20299774,0.0,0.0,0.0,-0.0033950778,0.0,-0.050499525,0.0,0.0,0.0,0.0,0.0,0.0,0.0,-0.0021419688,0.0,-0.029614357,0.26939377,0.0,-0.008883752,0.0,-0.15982908,0.0,-0.11002202,0.0,0.0,0.0,0.0,0.0,155
0.0,0.0,0.023127643,0.0,0.0,0.0,0.0,-0.5388248,0.0,0.0,0.0,-0.049731072,0.0,0.0,0.0,0.0,0.0,0.0,-0.011811335,0.0,0.0,0.0,0.0,0.0,0.0,-0.03287717,0.0,0.0,0.0,0.0,0.0,0.0,0.0,-0.010115268,0.0,0.0,0.0,0.0,0.0,-0.4147396,0.0,-0.09017356,0.0,0.0,0.0,0.14894515,0.0,0.0,0.0,-0.051808715,0.0,-0.042700205,0.0,0.0,0.0,0.0,0.0,0.0,0.0,-0.0007768915,0.0,-0.025221046,0.094634525,0.0,-0.007686536,0.0,-0.2729936,0.0,-0.9535964,0.0,0.0,0.0,0.0,0.0,156
0.0,0.0,0.09625182,0.0,0.0,0.0,0.0,-0.4354545,0.0,0.0,0.0,0.0044053094,0.0,0.0,0.0,0.0,0.0,0.0,0.023081,0.0,0.0,0.0,0.0,0.0,0.0,-0.030739933,0.0,0.0,0.0,0.0,0.0,0.0,0.0,-0.010115268,0.0,0.0,0.0,0.0,0.0,0.05079469,0.0,0.059505504,0.0,0.0,0.0,0.16762738,0.0,0.0,0.0,0.040578824,0.0,0.12170188,0.0,0.0,0.0,0.0,0.0,0.0,0.0,0.0085933935,0.0,-0.029614357,0.13207498,0.0,-0.004073482,0.0,0.26374984,0.0,-0.63263583,0.0,0.0,0.0,0.0,0.0,157
0.0,0.0,0.19373341,0.0,0.0,0.0,0.0,-0.44533917,0.0,0.0,0.0,0.0044053094,0.0,0.0,0.0,0.0,0.0,0.0,-0.0034846324,0.0,0.0,0.0,0.0,0.0,0.0,-0.060517162,0.0,0.0,0.0,0.0,0.0,0.0,0.0,-0.011433076,0.0,0.0,0.0,0.0,0.0,0.13061517,0.0,-0.022178864,0.0,0.0,0.0,0.186261,0.0,0.0,0.0,-0.046228286,0.0,-0.11362122,0.0,0.0,0.0,0.0,0.0,0.0,0.0,-0.0007768915,0.0,-0.025221046,0.15516451,0.0,-0.007686536,0.0,0.14993583,0.0,-0.7868242,0.0,0.0,0.0,0.0,0.0,158
0.0,0.0,-0.021705566,0.0,0.0,0.0,0.0,-0.5648678,0.0,0.0,0.0,0.0044053094,0.0,0.0,0.0,0.0,0.0,0.0,-0.00079537235,0.0,0.0,0.0,0.0,0.0,0.0,-0.03287717,0.0,0.0,0.0,0.0,0.0,0.0,0.0,-0.010995022,0.0,0.0,0.0,0.0,0.0,-0.4147396,0.0,-0.09478317,0.0,0.0,0.0,0.22121304,0.0,0.0,0.0,-0.02545003,0.0,-0.120592475,0.0,0.0,0.0,0.0,0.0,0.0,0.0,-0.0021419688,0.0,0.008792735,0.22022328,0.0,-0.008883752,0.0,-0.24999265,0.0,-0.46056944,0.0,0.0,0.0,0.0,0.0,159
0.0,0.0,-0.17692202,0.0,0.0,0.0,0.0,0.12113441,0.0,0.0,0.0,0.0016817559,0.0,0.0,0.0,0.0,0.0,0.0,-0.001803923,0.0,0.0,0.0,0.0,0.0,0.0,0.01462012,0.0,0.0,0.0,0.0,0.0,0.0,0.0,-0.045895025,0.0,0.0,0.0,0.0,0.0,0.059114013,0.0,-0.004507651,0.0,0.0,0.0,-0.60740304,0.0,0.0,0.0,-0.06210993,0.0,-0.043441124,0.0,0.0,0.0,0.0,0.0,0.0,0.0,-0.0008477526,0.0,-0.1752521,0.11084727,0.0,-0.0053953268,0.0,-0.09277481,0.0,1.5873206,0.0,0.0,0.0,0.0,0.0,160
0.0,0.0,-0.023476401,0.0,0.0,0.0,0.0,0.14743191,0.0,0.0,0.0,0.0016817559,0.0,0.0,0.0,0.0,0.0,0.0,-0.0014512407,0.0,0.0,0.0,0.0,0.0,0.0,0.0027506761,0.0,0.0,0.0,0.0,0.0,0.0,0.0,-0.05640874,0.0,0.0,0.0,0.0,0.0,0.1446239,0.0,-0.022178864,0.0,0.0,0.0,-0.7564318,0.0,0.0,0.0,-0.022954658,0.0,-0.11050707,0.0,0.0,0.0,0.0,0.0,0.0,0.0,-0.0021419688,0.0,-0.025221046,0.15045795,0.0,-0.008883752,0.0,-0.15982908,0.0,-0.42973652,0.0,0.0,0.0,0.0,0.0,161
0.0,0.0,-0.35200807,0.0,0.0,0.0,0.0,0.15917608,0.0,0.0,0.0,0.0044053094,0.0,0.0,0.0,0.0,0.0,0.0,-0.0014512407,0.0,0.0,0.0,0.0,0.0,0.0,-0.0450454,0.0,0.0,0.0,0.0,0.0,0.0,0.0,-0.013074565,0.0,0.0,0.0,0.0,0.0,-0.45966417,0.0,-0.08046606,0.0,0.0,0.0,0.29088205,0.0,0.0,0.0,-0.022954658,0.0,-0.11050707,0.0,0.0,0.0,0.0,0.0,0.0,0.0,-0.0021419688,0.0,0.009929914,0.2559559,0.0,-0.008883752,0.0,-0.15982908,0.0,-0.4750938,0.0,0.0,0.0,0.0,0.0,162
0.0,0.0,0.04555583,0.0,0.0,0.0,0.0,0.1059883,0.0,0.0,0.0,0.0016817559,0.0,0.0,0.0,0.0,0.0,0.0,-0.011811335,0.0,0.0,0.0,0.0,0.0,0.0,-0.012721088,0.0,0.0,0.0,0.0,0.0,0.0,0.0,-0.04968866,0.0,0.0,0.0,0.0,0.0,0.1446239,0.0,-0.01339224,0.0,0.0,0.0,-0.5675396,0.0,0.0,0.0,-0.09916724,0.0,-0.11176495,0.0,0.0,0.0,0.0,0.0,0.0,0.0,-0.0007768915,0.0,-0.029614357,0.08810825,0.0,-0.0032120636,0.0,0.062183637,0.0,-0.84076214,0.0,0.0,0.0,0.0,0.0,163
