"COEFFICIENT_DEN","DEN_EIGEN1","DEN_EIGEN2","DEN_EIGEN3","DEN_EIGEN4","DEN_EIGEN5","DEN_EIGEN6","DEN_EIGEN7","DEN_EIGEN8","DEN_EIGEN9","DEN_EIGEN10","DEN_EIGEN11","FGRAPH_EIGEN1","FGRAPH_EIGEN2","FGRAPH_EIGEN3","FGRAPH_EIGEN4","FGRAPH_EIGEN5","FGRAPH_EIGEN6","FGRAPH_EIGEN7","FGRAPH_EIGEN8","FGRAPH_EIGEN9","FGRAPH_EIGEN10","FGRAPH_EIGEN11"
1,-2.2360679774997907,-2.22580021572915,-1.7320508075688774,-1.7320508075688765,-1.0000000000000004,-0.999999999999999,-0.7258601557039951,1.7320508075688754,1.732050807568878,2.2360679774997907,4.951660371433146,-3.1170843138736393,-2.9746931930049225,-2.208823701401384,-1.8090224549498741,-0.774300000401838,-0.7624530733982191,-0.10639953962916644,2.4367559559196517,2.5495902693192085,2.766430051420177,4.000000000000003
0,-2.2360679774997907,-2.22580021572915,-1.7320508075688774,-1.7320508075688765,-1.0000000000000004,-0.999999999999999,-0.7258601557039951,1.7320508075688754,1.732050807568878,2.2360679774997907,4.951660371433146,-3.10324021849737,-2.7619971973018105,-1.9999999999999998,-1.868882830309787,-1.135502122935115,-0.6604713745029953,-0.4464025754676956,2.4733429196084784,2.572814341833132,2.930339057573164,3.999999999999999
1,-2.2360679774997907,-2.22580021572915,-1.7320508075688774,-1.7320508075688765,-1.0000000000000004,-0.999999999999999,-0.7258601557039951,1.7320508075688754,1.732050807568878,2.2360679774997907,4.951660371433146,-3.40906650420927,-2.859975916490961,-2.5712014225481217,-1.2200705347189245,-1.,-0.2859239286197552,-0.14327732183964387,2.049886910348178,2.7144787443877654,2.7251499736907334,4.
1,-2.2360679774997907,-2.22580021572915,-1.7320508075688774,-1.7320508075688765,-1.0000000000000004,-0.999999999999999,-0.7258601557039951,1.7320508075688754,1.732050807568878,2.2360679774997907,4.951660371433146,-3.407683768683046,-2.8052997977092056,-2.0830014421871192,-1.3470709337799869,-1.0000000000000004,-0.9999999999999987,-0.1594776525831497,2.430873860720787,2.650162863453315,2.721496870768405,3.999999999999996
1,-2.2360679774997907,-2.22580021572915,-1.7320508075688774,-1.7320508075688765,-1.0000000000000004,-0.999999999999999,-0.7258601557039951,1.7320508075688754,1.732050807568878,2.2360679774997907,4.951660371433146,-2.999999999999999,-2.9254229177777082,-2.5181986993263403,-1.5615528128088303,-1.178194080020756,-0.5519294302312638,7.875644580934704e-16,2.4773523480089703,2.561552812808831,2.6963927793470983,4.000000000000002
0,-2.2360679774997907,-2.22580021572915,-1.7320508075688774,-1.7320508075688765,-1.0000000000000004,-0.999999999999999,-0.7258601557039951,1.7320508075688754,1.732050807568878,2.2360679774997907,4.951660371433146,-3.,-2.5181986993263408,-2.0000000000000004,-1.56155281280883,-1.4728339089952562,-1.178194080020757,-0.4625984229747764,2.5615528128088294,2.6963927793470965,2.9354323319700333,4.0000000000000036
0,-2.2360679774997907,-2.22580021572915,-1.7320508075688774,-1.7320508075688765,-1.0000000000000004,-0.999999999999999,-0.7258601557039951,1.7320508075688754,1.732050807568878,2.2360679774997907,4.951660371433146,-2.948820556449356,-2.69027630421477,-2.221754598082345,-1.5516410936874308,-1.4393782514336135,-0.9155459795835174,-0.2587569204977917,2.2494258752683254,2.8687103264631086,2.908037502217392,4.
1,-2.4728339089952525,-2.065541370996918,-1.7688644836490013,-1.4625984229747746,-1.,-0.9999999999999994,-0.6863910231749292,1.459032091208827,1.9354323319700286,2.291832545116636,4.769932241495385,-3.063418932538824,-2.8133687990861898,-2.36790949496686,-1.2416950920838927,-0.9999999999999987,-0.5202856366231932,-0.3366206806376048,2.097501929149338,2.556183091019796,2.6896136157674295,4.
0,-2.4728339089952525,-2.065541370996918,-1.7688644836490013,-1.4625984229747746,-1.,-0.9999999999999994,-0.6863910231749292,1.459032091208827,1.9354323319700286,2.291832545116636,4.769932241495385,-3.0618710443626043,-2.4964453502260384,-2.184877117387926,-1.5566230569412447,-1.193591973260511,-0.552861155788928,-0.460784850229539,1.965061129853024,2.63872377432344,2.9032696440203285,3.999999999999999
0,-2.4728339089952525,-2.065541370996918,-1.7688644836490013,-1.4625984229747746,-1.,-0.9999999999999994,-0.6863910231749292,1.459032091208827,1.9354323319700286,2.291832545116636,4.769932241495385,-3.0409050014247767,-2.5898339070946688,-2.4413844147087382,-1.4631665511164538,-0.9601946406073177,-0.6267647107820667,-0.2212254870631799,1.8373284518281694,2.601258672780787,2.904887588188246,3.9999999999999987
1,-2.3966679225525374,-2.000000000000001,-1.8552503762744967,-1.7664390312640197,-1.532088886237956,-0.4503403335994656,-0.34729635533386016,1.3341257718205863,1.8793852415718146,2.107839813332694,5.026732078537241,-3.990844088565531,-2.6227778358377547,-2.0629853230247344,-1.5890648165753098,-1.2231879741462153,-0.4198362418547459,0.10645534535694898,2.275030581205142,2.3903833066068345,3.1368270468353616,4.000000000000001
1,-2.3966679225525374,-2.000000000000001,-1.8552503762744967,-1.7664390312640197,-1.532088886237956,-0.4503403335994656,-0.34729635533386016,1.3341257718205863,1.8793852415718146,2.107839813332694,5.026732078537241,-3.3969896633547436,-2.5116498743425826,-1.9556356937978914,-1.77222289576562,-1.455886780102867,-0.580644092858294,-0.16214720864702836,2.390256884515515,2.433630662603336,3.011288661750177,4.000000000000001
1,-2.360938541604449,-2.0000000000000013,-2.,-1.566155344968527,-1.532088886237958,-0.3472963553338614,-0.3393613302204317,1.1592682540315828,1.8793852415718177,2.277269780450591,4.8299171823112355,-3.8253468607981453,-2.793604493334843,-1.9396257412968216,-1.284079043840409,-0.957386213893506,-0.442463484164949,-0.2736389121789972,2.2400161984437292,2.5201470213402017,2.755981529723739,4.000000000000001
1,-2.3379987399677584,-1.9999999999999991,-1.856406178417135,-1.7364526766583617,-1.499008804868059,-0.4882383321392958,-0.3375159098913412,1.3122827869413722,2.025563666903548,2.0950441964674105,4.822729991629618,-3.2535458180158265,-2.420239196659465,-2.,-1.7349561103235334,-1.2779978639705023,-0.43018724212096343,-0.2769147817870187,1.9633488124104566,2.5541150860745,2.8763771143923536,3.999999999999998
0,-2.3164401709691673,-2.2281724339207476,-1.8068447549220528,-1.6419555072131207,-1.0926071704213094,-0.5164892622160877,-0.3354390489467702,1.329460632079813,1.8714321965295133,2.3264401527561613,4.410615367243763,-2.814518562121187,-2.1968597944660972,-1.8820752379363983,-1.5787158152377945,-1.3226258366369243,-0.46334079409265766,-0.3458768645064165,1.6624287747032624,2.1872514239345264,2.7543327063596847,3.9999999999999996
1,-2.2734612171759947,-2.247940971793001,-1.8610293571013152,-1.6052474294721362,-1.4378287795591482,-0.4288326713887401,-0.32665684844882303,1.27194572162005,1.922828019318337,2.1401226681238863,4.846100865876889,-3.440020713626275,-2.186263157626361,-2.18362867872638,-1.621587835259449,-1.4295670563765348,-0.35893826405681223,0.12895024415416473,1.5903909398071752,2.4842454909487515,3.0164190307617225,4.
0,-2.400417722495225,-2.101764501169933,-1.7699667068145348,-1.606908593805909,-1.4315640030865164,-0.3896690597852816,-0.33225213948660387,1.1548620215121612,1.9933744921400254,2.2610624579789134,4.623243755012898,-3.251741362299547,-2.1963637833342675,-1.9461119626671473,-1.5340648593516617,-1.182512899148274,-0.47479039890447716,-0.34328139335474667,1.6446726211448346,2.478464290639923,2.805729747275367,3.999999999999998
1,-2.4334652675627506,-2.2734612171759965,-1.9525094728004344,-1.4378287795591504,-1.2809767792270668,-0.4571967282612473,-0.42883267138874004,1.2497589705911583,1.820792501055876,2.1401226681238836,5.053596776204469,-3.9341875915171185,-2.951196141626483,-1.672329244115218,-1.624937117920123,-1.1377008292174062,-0.4454667219321218,-0.05480501950305435,2.250546688349137,2.396539192560281,3.1735367849221077,4.
1,-2.283568293285086,-2.2734612171759934,-2.000000000000001,-1.4378287795591498,-1.1783815890665639,-0.6799370835372309,-0.42883267138874004,1.5554662741725902,1.7400725302312985,2.1401226681238836,4.846348161484994,-3.1759478508807932,-2.8593952822705977,-2.1938182013121956,-1.19618591343426,-1.1641788814148133,-0.3349683958634127,-0.2119544012761885,1.5994567772243595,2.552081133571792,2.9849110156561074,4.000000000000002
1,-2.4826000659682785,-2.282168111576221,-1.7971401665735203,-1.0000000000000004,-1.0000000000000002,-1.,-0.3658588463750867,1.261501044080243,1.8217545596438542,2.4396581751628417,4.404853411606167,-2.9682645894014272,-2.6694327777976805,-1.8769217611215925,-1.1912889523684187,-0.7650863497183787,-0.6589466029680064,-0.2357022308095092,1.7204877244289791,1.9368362678023725,2.708319271953662,4.
1,-2.4079698926508186,-2.,-1.9999999999999998,-1.1815233508314116,-1.,-0.7627549332153168,-0.4142135623730945,1.043296335428172,2.0975973637188425,2.414213562373096,4.211354477550533,-2.8756034817105203,-2.,-1.9129968880414943,-1.383065858791813,-0.7676990291167332,-0.5754930965811594,-0.3230710894582968,0.9434391134852393,2.0829292561338266,2.8115610740809487,4.000000000000001
1,-2.7487445525020813,-2.1181348489809038,-1.6504413050340814,-1.2169682011427303,-0.9999999999999986,-0.7888433751881099,-0.3404308792021997,0.7844442166026812,2.0152409212025852,2.438998501751519,4.624879522493319,-3.7709108482827323,-2.0560445145527266,-1.635153943371568,-1.4034341658914335,-1.,-0.4691351680011914,-0.39911383072025186,1.7188383130824065,2.48639334563325,2.5285608121042515,3.9999999999999956
1,-2.4440027348763813,-2.126252653850535,-1.8340476893832032,-1.667017482314636,-1.3076403833956676,-0.5052954757321471,-0.2915728393612478,1.47500695823439,1.760302093269433,2.0643367240789434,4.876183483331049,-4.029536991700377,-2.079067116360745,-1.9276054062847083,-1.5030800832235693,-1.3016854318021582,-0.542420304283255,-0.062167732594376975,1.803504175359912,2.4312294533001997,3.210829437589079,4.
0,-2.3559796263927346,-2.1517937650864054,-1.8444520623040204,-1.6681910195614358,-1.1683651673009623,-0.5945516212317764,-0.337994396323523,1.463483453710188,1.9428644161511117,2.0653043114219076,4.6496754769176505,-3.64328618335161,-2.4867045694044703,-1.9180029102654093,-1.560526985966861,-0.6815031012804827,-0.41513515221139813,-0.32158840726590165,1.5130783075350063,2.4414737077786524,3.0721952944324773,3.9999999999999973
0,-2.5154874944783687,-2.2440658399842524,-1.794178599605271,-1.204042433052552,-1.0000000000000007,-0.6646570740611153,-0.3350419951900954,1.4431764050450244,1.7549179678008995,2.347366648013175,4.212012415512554,-2.796440442882634,-2.3175263684891356,-1.8336060506096965,-1.3328105267486647,-0.7716608756905334,-0.6180339887498941,-0.33494424852732074,1.618033988749894,1.7811745572953162,2.60581395565267,4.000000000000001
1,-2.3981359863640144,-1.9999999999999998,-1.9999999999999996,-1.5320888862379562,-1.2530891581881225,-0.3906932272652141,-0.34729635533385994,1.377628858285636,1.8793852415718175,2.2317285801670677,4.432560933364647,-2.8593952822705977,-2.1938182013121956,-2.,-1.5320888862379565,-1.19618591343426,-0.3472963553338628,-0.3349683958634143,1.59945677722436,1.8793852415718195,2.984911015656107,4.000000000000002
1,-2.8307588506041785,-2.,-1.8966815533024084,-1.4363309145664749,-1.414213562373095,-0.10297405808504569,2.511834987706677e-16,0.8704486180417598,1.4142135623730956,2.2480674167529684,5.148229341763384,-5.112135701929491,-2.1620500054260443,-1.8270909152852026,-1.4064293241245618,-1.338261212717717,-0.1685729704268511,0.2090569265353067,1.9562952014676123,2.1902072131662123,3.6589807887407346,4.000000000000001
1,-2.5067655780123843,-2.1246233717109,-1.9999999999999998,-1.4142135623730954,-1.1591998993739345,-0.3851245930343751,-2.4139390838680025e-16,1.205689587205517,1.4142135623730963,2.4936157259904648,4.476408128935611,-3.8253468607981453,-1.9999999999999996,-1.939625741296819,-1.4142135623730947,-0.9573862138935071,-0.273638912178997,-5.826553558769168e-16,1.4142135623730963,2.2400161984437283,2.755981529723739,4.
1,-2.4514050313476723,-2.305921563519773,-1.860084548325701,-1.4771743198394691,-1.2571673526382734,-0.25697549776512824,-5.832093400421729e-17,0.7619969090399473,1.7963227112034663,2.358300641190677,4.692108052001926,-3.851818508346313,-2.229119143642171,-1.9236738954713062,-1.4449973953015383,-1.1963620144656217,-0.09159226333615994,7.635307279192412e-16,1.2420062516579677,2.3458087387594975,3.1497482301456463,3.9999999999999987
1,-2.6734137895630443,-2.189191614030892,-1.8924415136330832,-1.4386471291903444,-1.1427841429468901,-0.4318810322581681,-0.2514533595083885,1.1231233178840503,1.3771829436347018,2.451313968666046,5.068192350946015,-4.371071358420776,-2.5435917309121305,-1.8723148841618555,-1.4709400071525862,-0.7887704256245408,-0.4734977371994346,-0.14952785124622045,2.310916881924427,2.3734237184127256,2.9853733943803906,4.
0,-2.474129685082873,-2.1263062393427132,-1.884508087131011,-1.5635318555808146,-1.2671768347228116,-0.5371986044929081,-0.23471245125958604,1.2006059466897272,1.5594872743959365,2.5034067268416025,4.824063809685448,-3.251738775165298,-2.505871918981773,-2.1300518882125297,-1.4161267872323935,-1.2188917285714296,-0.6504633901346539,-0.17790885914137228,1.793232604580237,2.7374095841105017,2.8204111587487093,4.000000000000002
0,-2.4627389110755735,-2.1283066838923834,-1.9033822312565578,-1.5615187161701694,-1.093177395618226,-0.5633245273169947,-0.19418999913466992,0.9668698401668642,1.8389418751080622,2.4858648247449233,4.614961924444723,-2.859624969098019,-2.5371678850121793,-1.8682020010659408,-1.5051563943550395,-1.2995118265476846,-0.5951749212655015,-0.16591199190243627,1.1317592703675439,2.7097955834506,2.989195135428656,4.000000000000001
1,-2.4627389110755735,-2.1283066838923834,-1.9033822312565578,-1.5615187161701694,-1.093177395618226,-0.5633245273169947,-0.19418999913466992,0.9668698401668642,1.8389418751080622,2.4858648247449233,4.614961924444723,-3.070101617870633,-2.5848149640623728,-2.203677012622449,-1.503657300579076,-0.9775694250890914,-0.23266618645966927,-0.0697964852731278,1.4042225771832109,2.4307439642131894,2.807316450560022,3.9999999999999982
0,-2.6725797727152907,-2.203583029888163,-1.743321152868632,-1.4088641780054518,-1.0000000000000009,-0.466683329437713,-0.13002391185116813,0.664931483798781,1.667229444325875,2.6646554622980845,4.628238984343678,-3.3458316416947302,-2.5845823009353555,-1.6431404583490086,-1.4166498442108506,-0.9048821107483334,-0.5071114083699673,-0.3369004255827121,1.3974267799097597,2.601793090480871,2.7398783195003302,3.9999999999999996
0,-2.699719958630173,-2.1556166819283207,-1.5741004345820515,-1.38456575414141,-0.9999999999999983,-0.631743481107652,-0.2970251179776001,1.050547421091778,1.660424562612872,2.6217718550290123,4.410027589633541,-2.91179140294805,-2.339521368335192,-1.861976962043253,-1.4316191740898276,-0.9999999999999987,-0.6000762602745929,-0.26739270223007,1.2760195470605082,2.1935364944935927,2.9428218283668817,4.000000000000002
1,-2.483622196828656,-2.443666345933293,-1.7103896698876286,-1.3654692552625942,-0.882502926343916,-0.4988836106175295,-0.3812944057315451,0.7276264437884371,1.8511522322197667,2.565408143594583,4.6216415910023745,-3.3076627021361436,-2.661271161743789,-1.8651242148849865,-1.4648865844155514,-0.8472996914390176,-0.43973153285096506,-0.045258522308917554,1.5069746515553097,2.4223056087365697,2.701954149487492,4.000000000000001
0,-2.5847516557283594,-2.,-1.8101043819612441,-1.3385243989268916,-1.0000000000000029,-0.5503453773146492,-0.32623002061931144,0.5266023233534084,2.022501573764431,2.651224708084548,4.40962722934807,-2.973070793439636,-2.1204158585282378,-1.9050075114166494,-1.4383467995734311,-1.0000000000000013,-0.5094935126851603,-0.17545840086615858,0.5959157759406318,2.5991586026578872,2.926718497910756,4.
0,-2.4897998832109063,-2.22774965009386,-1.9069110320385623,-1.8019377358048376,-0.9692263673387983,-0.4450418679126293,-0.15597377630052936,1.1784175819692075,1.2469796037174676,2.523191062003223,5.048052065010223,-4.189908225767351,-2.391382380630903,-1.9660018009851774,-1.3806003044127657,-0.9165541807069684,-0.7728655578293129,-0.3229865268721579,2.164247938460216,2.733632977740635,3.042418061003784,3.9999999999999996
1,-2.4897998832109063,-2.22774965009386,-1.9069110320385623,-1.8019377358048376,-0.9692263673387983,-0.4450418679126293,-0.15597377630052936,1.1784175819692075,1.2469796037174676,2.523191062003223,5.048052065010223,-4.193900644769267,-2.9062498779036656,-1.810918053277415,-1.4811943040920168,-0.9394718799002931,-0.500153117953509,0.3111078174659818,2.170086486626031,2.3305545172626347,3.020139056541519,3.9999999999999996
0,-2.5718660835651006,-2.095910168943718,-1.8553877648506607,-1.7187902938872912,-0.999999999999999,-0.549555637833667,-0.11360645294709604,1.0192085543810148,1.462552094495355,2.582498145747995,4.840857607403167,-3.7939937528350867,-2.869183676686067,-1.5575333433732217,-1.451568198424124,-1.,-0.6601114540473333,-0.1213084468390923,1.7752169096798927,2.5984096754928725,3.0800722870321597,4.
0,-2.47478599783105,-2.171845619415562,-1.9134952990846177,-1.6854261793642604,-0.9507243629699729,-0.4995299783495993,-0.31823077242356707,1.0486789161355727,1.6170751777608148,2.514741771958465,4.833542343583772,-3.8282273276656573,-2.4717656718666627,-1.908134031573393,-1.4854926027981716,-0.9471951595129904,-0.6717461767410288,-0.25020515187269593,1.7418999629375866,2.889159627016748,2.9317065320762614,3.9999999999999982
0,-2.669370461810337,-1.9674929689363387,-1.7800675638461123,-1.4760732705492698,-1.0000000000000004,-0.5983275692511414,-0.33580271524413885,1.1675912221026836,1.7105991968678467,2.5385475386215313,4.410396592045272,-2.8556970471467373,-2.2360679774997894,-1.9101390600494415,-1.6970205923526924,-1.0000000000000013,-0.5416001489537937,-0.16246137935327015,1.2725472582449306,2.2360679774997902,2.8943709696110043,3.999999999999999
0,-2.474126693733277,-2.1812557305593954,-1.9455115327861925,-1.5171885942085646,-0.9999999999999992,-0.47464456766843666,-0.22053453544065593,0.8435693870317081,1.8465809609040882,2.4963811741675186,4.626730132293204,-3.3112128958575107,-2.1972965713314174,-1.9558395993421445,-1.5559375381469995,-0.9360094544924243,-0.46865010474723345,-0.3926032359795387,1.4054257110975799,2.4929186840305624,2.9192050047691245,4.000000000000002
1,-2.572712135934326,-2.2275649932934307,-1.7423383355309308,-1.5056297599324058,-0.9999999999999986,-0.5733364620060165,-0.18935609576423346,0.8894478954964757,1.784704101339369,2.493979047022246,4.64280673860325,-3.582723880739003,-2.20127085655543,-1.7194628037906494,-1.5029090117325858,-0.9174207280979504,-0.4650584992930363,-0.40650310635778353,1.7097476515540537,2.430737218186409,2.6548640168259765,4.000000000000002
1,-2.7811759365355324,-2.000000000000001,-1.9999999999999976,-1.4142135623730951,-1.3027756377319948,-0.29519453570577103,-1.0763477032774377e-15,0.9505093108197246,1.4142135623730947,2.3027756377319935,5.125861161421579,-4.773957336805939,-2.252533688306271,-2.000000000000001,-1.302775637731995,-1.0000000000000002,-0.4304107542333347,-1.5241935789022497e-15,1.9999999999999991,2.3027756377319966,3.4569017793455434,3.9999999999999987
1,-2.4950574609451803,-2.3493124193735304,-1.5615528128088303,-1.4142135623730945,-0.9999999999999997,-0.9218622020894754,-1.3877787807814457e-15,1.337012343352442,1.414213562373095,2.561552812808831,4.4292197390557435,-3.4142135623730954,-2.2360679774997902,-1.5615528128088305,-1.4142135623730958,-1.0000000000000007,-0.5857864376269053,-7.585078398708589e-16,1.4142135623730958,2.2360679774997907,2.5615528128088303,4.000000000000002
0,-2.4640226188233325,-2.1778406908670562,-1.9158342375569686,-1.6007686675905999,-0.9999999999999992,-0.7611594287648471,-0.4349354738489893,1.3453497460715624,1.6416602424269593,2.3535933111566045,5.013957817796664,-3.8394091500842413,-2.410724083339321,-1.9796783423193343,-1.534000777109755,-1.3787752125281394,-0.6835539780399806,-0.385787177595629,2.3921439328824885,2.891684025960377,2.9281007621735324,4.000000000000001
1,-2.4640226188233325,-2.1778406908670562,-1.9158342375569686,-1.6007686675905999,-0.9999999999999992,-0.7611594287648471,-0.4349354738489893,1.3453497460715624,1.6416602424269593,2.3535933111566045,5.013957817796664,-3.9394135185303822,-3.1532018620030393,-1.8406786229436793,-1.527951653467587,-0.9534387704892574,-0.4169187569192167,0.1804643692550069,2.3196619433323757,2.4344197993233845,2.8970570724423945,4.
1,-2.4640226188233325,-2.1778406908670562,-1.9158342375569686,-1.6007686675905999,-0.9999999999999992,-0.7611594287648471,-0.4349354738489893,1.3453497460715624,1.6416602424269593,2.3535933111566045,5.013957817796664,-3.58529832600995,-2.7015586094434143,-1.9893862734565397,-1.661523773449152,-0.9788630852859987,-0.4651029973448337,-0.3217688219967086,2.4123716771219277,2.5165253274155543,2.7746048824491134,4.000000000000001
0,-2.357326187941589,-2.219157216581075,-1.8083178114306808,-1.5802963999729467,-0.9999999999999998,-0.9283549114492347,-0.4494404304768109,1.4448698531525224,1.7573134803697517,2.3422468363871127,4.798462787942947,-3.1152476904406345,-2.0000000000000004,-1.9999999999999998,-1.8577865745771014,-1.4578916456320887,-0.8771743449722487,-0.3297867725133651,2.053573914064192,2.6681074240272267,2.9162056900440163,4.
1,-2.357326187941589,-2.219157216581075,-1.8083178114306808,-1.5802963999729467,-0.9999999999999998,-0.9283549114492347,-0.4494404304768109,1.4448698531525224,1.7573134803697517,2.3422468363871127,4.798462787942947,-3.213733704160252,-2.9103964183211346,-1.942653723052862,-1.79128784747792,-0.8829689655764984,-0.33801411557320576,1.7011090396393284e-16,1.7308189804846092,2.556947946199342,2.791287847477921,3.9999999999999996
1,-2.472833908995256,-2.2516973761621775,-1.5955720441168122,-1.4625984229747766,-1.0000000000000002,-0.8644606211472093,-0.5436521891269102,1.3271240889620965,1.9354323319700315,2.3284530333191427,4.599805108271868,-3.252493787093421,-2.8449750384634993,-1.8384525309920796,-1.1850051417424443,-0.8970113402025641,-0.3697004820589212,-0.24465412681109527,1.4965801934149345,2.328512843054302,2.8071994108947895,4.
1,-2.472833908995256,-2.2516973761621775,-1.5955720441168122,-1.4625984229747766,-1.0000000000000002,-0.8644606211472093,-0.5436521891269102,1.3271240889620965,1.9354323319700315,2.3284530333191427,4.599805108271868,-3.1651833235040048,-2.296048816068455,-1.9551555658950155,-1.657931754152097,-0.9999999999999999,-0.6914269860732835,-0.16455175888222234,1.6941097415537762,2.453151529976192,2.7830369330451106,4.
0,-2.5798091715462412,-2.2925371460522306,-1.6167166121288188,-1.0000000000000022,-1.0000000000000013,-0.9999999999999999,-0.4385191848151497,1.2636844550307493,1.8884481834313729,2.3469813383151807,4.428468137765139,-3.265546015872264,-2.494800534149041,-1.82966336559883,-1.1312284366863612,-0.6625700405763171,-0.6180339887498952,-0.26844397566952355,1.6180339887498947,2.0504031089314063,2.601849259620932,4.
1,-2.526365414199013,-2.2734612171759943,-1.6014040399687148,-1.4378287795591504,-1.0000000000000002,-0.762255644956504,-0.4288326713887393,0.9738917234938695,2.1401226681238823,2.316350063034999,4.599783312595364,-3.2270520559339633,-2.397540452594515,-1.8279995321812512,-1.7834428499595838,-0.9999999999999998,-0.4167861121599694,-0.22786316089015368,1.8419672825597169,2.481447623549876,2.55726925760984,4.000000000000002
0,-2.599679242945234,-1.9290842668353334,-1.8233249519715153,-1.5880719949376736,-0.9999999999999989,-0.8812596867203744,-0.42899132860162137,1.1322699052986844,1.963980611750223,2.3558314198208583,4.798329535141987,-3.1772244168756525,-2.34182397990316,-1.9104110052534227,-1.8082201539149938,-1.2544307074488084,-0.7636789405857323,-0.2728981695822127,2.065953559640043,2.529370234449049,2.933363579474896,3.9999999999999973
0,-2.561552812808831,-1.9999999999999987,-1.9043401572939238,-1.5930194027323268,-0.9999999999999998,-0.7251955066240978,-0.4372432775954714,1.4447941246642282,1.5615528128088298,2.382121651677578,4.832882567904014,-3.4253264084492905,-2.410440853057389,-2.,-1.472833908995255,-0.9222105475812858,-0.6180339887498947,-0.4625984229747743,1.618033988749895,2.7579778090879663,2.9354323319700315,3.9999999999999996
1,-2.5545989180301976,-2.252222420931722,-1.615530236558572,-1.4782074495720987,-0.999999999999996,-0.8213141814818314,-0.5308233602885649,1.3698015364210943,1.6773071884817725,2.378010435400106,4.8275774065600086,-3.797913930117601,-2.256456434690625,-1.9326171619584833,-1.398780899464077,-0.9999999999999984,-0.6427207958841864,-0.08464615295770941,1.8104746112260348,2.5181422826539257,2.7845184811927184,4.000000000000002
1,-2.377721694862356,-2.000000000000001,-1.9999999999999982,-1.8774753212226705,-0.9422759962700912,-0.6180339887498939,-0.40038975880591793,1.6115414332317437,1.618033988749895,2.119857854860711,4.866463483068581,-3.979066037229137,-2.0910203447858753,-2.0000000000000018,-1.4728339089952538,-1.3092375206964275,-0.4625984229747741,-0.27550124802519155,2.035038693298421,2.6197864574382135,2.9354323319700293,3.9999999999999996
1,-2.273461217175992,-2.253787674560819,-2.,-1.4378287795591511,-0.945030421372047,-0.62445731356178,-0.42883267138874187,1.2755064218552794,2.139456070718804,2.140122668123886,4.408312916920564,-2.618033988749896,-1.9999999999999998,-1.9999999999999998,-1.7912878474779197,-1.3027756377319955,-0.6180339887498956,-0.3819660112501053,1.6180339887498956,2.3027756377319966,2.79128784747792,3.999999999999999
1,-2.5786089068415787,-2.0000000000000004,-1.8475552116774938,-1.4823468990297481,-0.9999999999999994,-0.61602686751412,-0.38089919271769923,1.1943709916675855,1.953138828174911,2.344718382392594,4.413208875545552,-3.0272624583654077,-2.105016503395927,-2.0000000000000018,-1.6058510281430534,-1.,-0.5298647949386939,-0.1623235596974015,1.5830471239021278,2.0598588756613543,2.7874123449770005,4.
0,-2.402127800551074,-2.3254950956085376,-1.8540470181169202,-1.764018408755929,-1.0000000000000004,-0.5420944654049153,-0.20876611333859124,1.1769226864468663,1.3497015214698522,2.544713892683507,5.025210801175741,-4.021534603611701,-2.303514216032797,-1.9200578585696613,-1.448111891269531,-1.2920764640950753,-0.6709825141388983,-0.49752087413809754,2.444143225052928,2.6353874274156883,3.074267769387144,3.999999999999999
1,-2.402127800551074,-2.3254950956085376,-1.8540470181169202,-1.764018408755929,-1.0000000000000004,-0.5420944654049153,-0.20876611333859124,1.1769226864468663,1.3497015214698522,2.544713892683507,5.025210801175741,-3.8526799610694518,-2.744163655238784,-1.825665637987813,-1.5410969443225415,-0.6939739314670933,-0.4988565408293256,-0.39155582858558585,2.389662370600188,2.4793066654446716,2.6790234634557355,4.
0,-2.4882633658721196,-2.1557734192332427,-1.864198243116802,-1.5191763752199408,-0.9999999999999994,-0.5624159470850512,-0.355125332095298,0.9256675873828367,1.9122146037880812,2.512627449428115,4.5944430420234195,-2.9328845650371105,-2.2680934899219505,-1.9235474908843933,-1.5108283760292038,-1.372557008791271,-0.6762873948490784,-0.40684620516291553,1.5689188669073961,2.5936424537857445,2.928483209982783,4.000000000000002
1,-2.4882633658721196,-2.1557734192332427,-1.864198243116802,-1.5191763752199408,-0.9999999999999994,-0.5624159470850512,-0.355125332095298,0.9256675873828367,1.9122146037880812,2.512627449428115,4.5944430420234195,-3.1583891763921406,-2.8358131013507886,-1.819520170946803,-1.592192491971133,-0.6860862364400886,-0.5156599051074643,-0.043134169194448145,1.5598556989602972,2.488247850031996,2.6026917024105733,3.9999999999999996
0,-2.4914684604969315,-2.,-1.9383406783965769,-1.763335618005105,-0.9999999999999994,-0.5498341101219862,-0.3372818425268294,1.051796853226386,1.6645781860186366,2.5595596580062097,4.804326012296196,-3.2107842037651073,-2.7965031878378093,-2.0662240313615694,-1.4266309583229688,-0.9477399973958204,-0.6689734285888413,-0.20269419094746888,1.9849454878314592,2.5964349087319194,2.738169601656203,4.000000000000002
1,-2.3511720678829118,-2.0000000000000013,-1.8216637715491653,-1.8158691869224861,-1.2754174034223442,-0.8461690905829214,-0.4286976376902361,1.4881997686824282,1.8932190191870568,2.179633093449655,4.977937276730925,-3.257048264526638,-2.9655333283411704,-1.813375245074434,-1.7885473622653596,-1.3129278263160427,-0.4064035215373472,-0.21891167017982546,2.4618409209928087,2.473412038459919,2.8274942587880902,4.000000000000001
1,-2.3511720678829118,-2.0000000000000013,-1.8216637715491653,-1.8158691869224861,-1.2754174034223442,-0.8461690905829214,-0.4286976376902361,1.4881997686824282,1.8932190191870568,2.179633093449655,4.977937276730925,-3.234902338239919,-2.556482300315932,-2.2460714864673585,-1.7082766645791843,-1.4926405860419902,-0.5112168601940095,-0.07296800683125455,2.396162291758858,2.5161755637747794,2.910220387136009,4.000000000000002
0,-2.3511720678829118,-2.0000000000000013,-1.8216637715491653,-1.8158691869224861,-1.2754174034223442,-0.8461690905829214,-0.4286976376902361,1.4881997686824282,1.8932190191870568,2.179633093449655,4.977937276730925,-2.9655333283411713,-2.5621451196478997,-1.9005060018200193,-1.7885473622653594,-1.3129278263160427,-1.2398569682940384,-0.4064035215373466,2.47341203845992,2.7351834538965254,2.9673246358654337,3.9999999999999987
0,-2.3511720678829118,-2.0000000000000013,-1.8216637715491653,-1.8158691869224861,-1.2754174034223442,-0.8461690905829214,-0.4286976376902361,1.4881997686824282,1.8932190191870568,2.179633093449655,4.977937276730925,-3.0000000000000004,-2.884737814746159,-2.348894217500716,-1.6348678544369308,-1.395931860181207,-0.43411804716646407,-1.2095624967428772e-15,1.9537237163495567,2.74482607768192,3.0000000000000018,3.999999999999998
1,-2.3511720678829118,-2.0000000000000013,-1.8216637715491653,-1.8158691869224861,-1.2754174034223442,-0.8461690905829214,-0.4286976376902361,1.4881997686824282,1.8932190191870568,2.179633093449655,4.977937276730925,-3.587602921012842,-2.553647653768005,-2.318970439814985,-1.933256788990301,-0.8557758341658063,-0.1964336380461099,0.09434279807959292,1.8075872216014996,2.5730691822150584,2.9706880739018953,4.
1,-2.3511720678829118,-2.0000000000000013,-1.8216637715491653,-1.8158691869224861,-1.2754174034223442,-0.8461690905829214,-0.4286976376902361,1.4881997686824282,1.8932190191870568,2.179633093449655,4.977937276730925,-3.7320508075688754,-2.877403745700037,-2.4276916770172847,-1.4764520397307908,-1.0930321664700173,-0.26794919243112314,0.10442345730636207,2.353855785430827,2.3671702748436925,3.0491301113372473,4.
1,-2.3511720678829118,-2.0000000000000013,-1.8216637715491653,-1.8158691869224861,-1.2754174034223442,-0.8461690905829214,-0.4286976376902361,1.4881997686824282,1.8932190191870568,2.179633093449655,4.977937276730925,-3.587602921012838,-2.4032998398407543,-1.9332567889903014,-1.8901495633472598,-0.938579262736734,-0.8557758341658052,-0.19643363804611022,2.4116965718266927,2.573069182215055,2.8203320940980534,4.
0,-2.3511720678829118,-2.0000000000000013,-1.8216637715491653,-1.8158691869224861,-1.2754174034223442,-0.8461690905829214,-0.4286976376902361,1.4881997686824282,1.8932190191870568,2.179633093449655,4.977937276730925,-3.732050807568877,-2.877403745700038,-1.9200578585696615,-1.4764520397307908,-1.2920764640950755,-0.4975208741380992,-0.26794919243112264,2.3538557854308277,2.6353874274156914,3.0742677693871454,4.
1,-2.3361249104196538,-1.9999999999999998,-1.8909342243943261,-1.7097945993407169,-1.2093260193312383,-0.8601700677804189,-0.4053789334980753,1.5967499969748207,1.8786931910006008,2.137415697745176,4.798869869043831,-3.0186562768585024,-2.876664989275354,-1.8605647857969303,-1.632669812789823,-1.233067206321672,-0.5471632283510166,-0.2054759016351339,1.9200406189031647,2.550595083120453,2.903626499004814,4.000000000000001
0,-2.3361249104196538,-1.9999999999999998,-1.8909342243943261,-1.7097945993407169,-1.2093260193312383,-0.8601700677804189,-0.4053789334980753,1.5967499969748207,1.8786931910006008,2.137415697745176,4.798869869043831,-3.231041587187152,-2.747143055575373,-2.0405505648382847,-1.7060953790361262,-0.7821998110867797,-0.5718702876093095,-0.10776459043971527,1.7008964842187355,2.5869943711569605,2.898774420397046,4.000000000000001
1,-2.3361249104196538,-1.9999999999999998,-1.8909342243943261,-1.7097945993407169,-1.2093260193312383,-0.8601700677804189,-0.4053789334980753,1.5967499969748207,1.8786931910006008,2.137415697745176,4.798869869043831,-3.207659625815085,-2.3282065728170207,-1.9424419161948148,-1.666493356805672,-1.3002324027442151,-0.7194060530640206,-0.4032514001569535,2.097365278602979,2.671298096583727,2.7990279524110764,3.9999999999999996
1,-2.2796932284350913,-2.23606797749979,-1.7320508075688779,-1.642296077052342,-1.000000000000002,-1.0000000000000004,-0.3483927775236106,1.6645382751085547,1.7320508075688767,2.2360679774997925,4.605843807902488,-2.8847378147461593,-2.7888194494698073,-1.74895432704535,-1.6348678544369308,-0.9999999999999996,-0.51799841456712,-0.4341180471664642,1.9537237163495562,2.2881922714511465,2.76757991963113,3.999999999999999
1,-2.4921170862493702,-2.102837509917825,-1.747150351521528,-1.5153175462798418,-0.9999999999999989,-0.9160415760283349,-0.411803412929642,1.4224404198239724,1.8345320060369985,2.319483741539965,4.6088113155256005,-3.159214832104077,-2.579493322869721,-1.8254697857184417,-1.6501567539164859,-0.9610692617401069,-0.48591738555225283,-0.2287904797827932,2.049643986473888,2.1185728722292874,2.7218949629807017,4.000000000000001
0,-2.2734612171759934,-2.272273284746491,-1.8382280858367521,-1.4378287795591498,-1.1932790414375603,-0.7634673880585466,-0.4288326713887399,1.3427545066976947,2.1296681281207404,2.1401226681238814,4.594825165260918,-2.903908967914278,-2.781481564319308,-1.93424463154218,-1.4444158775219405,-1.000000000000003,-0.5102350243991354,-0.33147384101006705,1.6034538969966416,2.6035615453505945,2.698744464359675,4.
1,-2.2734612171759943,-2.271976566242836,-1.9157698108163772,-1.4378287795591493,-1.239826625942941,-0.7350810900517997,-0.428832671388739,1.232103992413968,2.1318412037801076,2.1401226681238836,4.798708896859875,-3.240997709869801,-2.2618022452599718,-2.23606797749979,-1.739530772797533,-0.9999999999999997,-0.6693622226305674,-0.3398768866231829,2.2360679774997902,2.6016791318831545,2.649890705297898,4.000000000000003
1,-2.6248011456402325,-2.0000000000000013,-1.8903913259410547,-1.7542153641707257,-0.9999999999999997,-0.5129874418292872,-0.4142135623730957,1.258173496390035,1.482971147744926,2.4142135623730967,5.0412506334463405,-4.0590703520191695,-2.1260082126819175,-1.9999999999999973,-1.5188479982743306,-1.0000000000000013,-0.47860306698266875,-0.41421356237309503,2.414213562373095,2.4520345440533826,2.7304950859047064,4.
0,-2.361252155999885,-2.000000000000001,-2.0000000000000004,-1.7320508075688774,-0.9999999999999978,-0.7843330159715567,-0.41421356237309537,1.3515718821151759,1.7320508075688772,2.4142135623730976,4.794013289856266,-3.0127545128277116,-2.787215094409748,-2.1257108330139323,-1.63914691390819,-0.9646026286171719,-0.6926664570277911,-0.1041869692114364,1.8238127974484504,2.5733187525007284,2.9291518590668,4.
0,-2.361252155999885,-2.000000000000001,-2.0000000000000004,-1.7320508075688774,-0.9999999999999978,-0.7843330159715567,-0.41421356237309537,1.3515718821151759,1.7320508075688772,2.4142135623730976,4.794013289856266,-2.9453552700474033,-2.763723818475938,-2.1269810069199693,-1.6259302483133964,-0.9999999999999998,-0.7007897876764342,-0.12524558241336864,1.4958839252689138,2.888969400889305,2.9031723876882896,4.
0,-2.48896090995097,-2.0000000000000004,-1.9443926227748016,-1.4413473066716656,-0.9999999999999989,-0.921387153304791,-0.3407919641483228,1.3549374933203133,1.7371733430271232,2.4467864488372886,4.597982671665821,-2.912748936982022,-2.3696403408446765,-1.9999999999999998,-1.6981729854003365,-1.2003156620960516,-0.5641713824963387,-0.3224191284515978,1.9091918308241123,2.2589950153662404,2.89928159008067,3.9999999999999987
0,-2.3013102039081867,-2.000000000000001,-1.9999999999999998,-1.7400819042688684,-1.4142135623730916,-0.6180339887498952,-0.33507679598208967,1.414213562373094,1.6180339887498953,2.3925371290899276,4.983931775069215,-2.9561222434423566,-2.82842712474619,-1.9999999999999984,-1.675130870566646,-1.3750493656708334,-0.6583385343656489,-0.5391888728108902,2.214319743377536,2.828427124746189,2.9895101434788396,3.999999999999999
1,-2.3013102039081867,-2.000000000000001,-1.9999999999999998,-1.7400819042688684,-1.4142135623730916,-0.6180339887498952,-0.33507679598208967,1.414213562373094,1.6180339887498953,2.3925371290899276,4.983931775069215,-3.4780066865289516,-2.63564459868748,-1.9224025240966656,-1.6398124624851635,-1.405771762633215,-0.6612123007693214,1.8187788955495254e-15,2.4057717626332105,2.41467604847092,2.9224025240966633,3.9999999999999982
0,-2.3013102039081867,-2.000000000000001,-1.9999999999999998,-1.7400819042688684,-1.4142135623730916,-0.6180339887498952,-0.33507679598208967,1.414213562373094,1.6180339887498953,2.3925371290899276,4.983931775069215,-3.4758226219330566,-2.5757734726519366,-1.7912878474779217,-1.6483476777594348,-1.258330712004375,-0.8127162748897779,-0.3547209230501978,2.388489747541713,2.737221934747065,2.791287847477922,4.
1,-2.3013102039081867,-2.000000000000001,-1.9999999999999998,-1.7400819042688684,-1.4142135623730916,-0.6180339887498952,-0.33507679598208967,1.414213562373094,1.6180339887498953,2.3925371290899276,4.983931775069215,-3.833220672830689,-2.8511858087827067,-2.554870050636933,-1.2730337185047063,-0.8591962361479875,-0.37049408608976603,4.749518627892589e-17,2.327934286207869,2.5090887404695,2.904977546315418,4.000000000000001
1,-2.3013102039081867,-2.000000000000001,-1.9999999999999998,-1.7400819042688684,-1.4142135623730916,-0.6180339887498952,-0.33507679598208967,1.414213562373094,1.6180339887498953,2.3925371290899276,4.983931775069215,-3.8734974485117366,-3.0000000000000013,-2.40518389272119,-1.5615528128088303,-0.6632711235031425,-2.210391067811707e-16,5.609148472061954e-16,1.9419524647360698,2.561552812808832,2.9999999999999964,3.9999999999999982
0,-2.3567908866501908,-1.9999999999999971,-1.9256262419697867,-1.7660735861707093,-1.234791042784679,-0.5996594566273941,-0.38296311908289427,1.264946258560081,1.8443717587733506,2.358177758354985,4.798408557597236,-2.9228813457485177,-2.854700742269807,-1.933270239434966,-1.4395545467654085,-1.3117692889358992,-0.6997957198032897,-0.28703480064227804,1.8309201943228561,2.620577270452156,2.997509218825152,4.
1,-2.3567908866501908,-1.9999999999999971,-1.9256262419697867,-1.7660735861707093,-1.234791042784679,-0.5996594566273941,-0.38296311908289427,1.264946258560081,1.8443717587733506,2.358177758354985,4.798408557597236,-3.1862040083252667,-2.8090500673442627,-1.9400700045356725,-1.71718908880922,-0.9789812414797793,-0.4222260765798942,-0.21405600533947902,1.9045737468719381,2.5190288647028862,2.84417388083875,4.000000000000002
0,-2.3254950956085385,-2.2796932284350913,-1.854047018116919,-1.6422960770523423,-1.,-0.5420944654049166,-0.34839277752360925,1.1769226864468676,1.6645382751085556,2.5447138926835082,4.605843807902488,-2.927623551886079,-2.8847378147461593,-1.6348678544369308,-1.4543044395992908,-0.9999999999999987,-0.6210632514125328,-0.4341180471664642,1.9537237163495562,2.0468866219273263,2.9561046209705744,3.999999999999999
0,-2.3144371805708395,-2.231895360773252,-2.,-1.2871328997998044,-1.2278251886501386,-0.5902686304838339,-0.41777265866522356,1.0742225079878478,2.1176162028666323,2.2797388394684215,4.597754368620191,-2.9655333283411696,-2.290078546198888,-1.8801368975887165,-1.788547362265359,-1.3129278263160433,-0.4178668089439595,-0.40640352153734655,1.7837650003159342,2.4734120384599168,2.8043172524156295,4.000000000000002
1,-2.3144371805708395,-2.231895360773252,-2.,-1.2871328997998044,-1.2278251886501386,-0.5902686304838339,-0.41777265866522356,1.0742225079878478,2.1176162028666323,2.2797388394684215,4.597754368620191,-2.9655333283411687,-2.8628027058757484,-1.7885473622653592,-1.407273716051006,-1.3129278263160429,-0.40640352153734755,-0.05582531671095007,1.6812289769461615,2.473412038459917,2.644672761691542,4.000000000000001
1,-2.3144371805708395,-2.231895360773252,-2.,-1.2871328997998044,-1.2278251886501386,-0.5902686304838339,-0.41777265866522356,1.0742225079878478,2.1176162028666323,2.2797388394684215,4.597754368620191,-3.0000000000000013,-2.8847378147461593,-2.0396731015162337,-1.6348678544369315,-0.6494046277255553,-0.4341180471664629,-7.132224475732594e-16,1.8839510374890271,1.9537237163495558,2.8051266917527635,3.9999999999999987
1,-2.5295295059773575,-2.1903735677151075,-1.7320508075688783,-1.4903076294354547,-1.0000000000000027,-0.8333663978585644,-0.7269702379756527,1.5511569767175843,1.7320508075688799,2.2143716641100224,5.005018698134528,-3.76744522267473,-2.283098941257449,-2.1551739459455783,-1.5055026588880676,-1.0000000000000007,-0.655235961089609,-0.39280704934878297,2.4532057593641587,2.611035975273125,2.6950220445669335,4.
1,-2.5295295059773575,-2.1903735677151075,-1.7320508075688783,-1.4903076294354547,-1.0000000000000027,-0.8333663978585644,-0.7269702379756527,1.5511569767175843,1.7320508075688799,2.2143716641100224,5.005018698134528,-3.92889264859205,-3.0316097245657523,-1.796806583855478,-1.6554423815498283,-0.9550198837630683,-0.21794343834268154,-0.21075588095919204,2.340083270445939,2.5901890086730885,2.8661982625090197,4.000000000000003
0,-2.447951417478972,-2.216468809110341,-1.7520207089745785,-1.4335473709070148,-1.0000000000000013,-0.8135159201472225,-0.718152693832436,1.3952234555534695,1.9026980437897352,2.289659319807886,4.794076101299471,-3.0405576554339224,-2.5987431086706003,-1.9552223870260048,-1.8090256709390733,-1.,-0.653205601632076,-0.45897647275590464,2.004066467724692,2.5780216646375824,2.933642764095306,4.000000000000002
1,-2.447951417478972,-2.216468809110341,-1.7520207089745785,-1.4335473709070148,-1.0000000000000013,-0.8135159201472225,-0.718152693832436,1.3952234555534695,1.9026980437897352,2.289659319807886,4.794076101299471,-3.049245026655847,-2.9515625657501077,-2.2027850651782597,-1.2723104403019496,-0.9149565012902611,-0.7261009713347257,-0.17271491274301565,1.922811521923381,2.5686925181073685,2.798171443223416,4.000000000000005
0,-2.6837378733389134,-1.9999999999999998,-1.7320508075688772,-1.0000000000000004,-1.0000000000000002,-0.9999999999999999,-0.7987017629421798,1.4801176676709509,1.7320508075688765,2.393771772038765,4.60855019657138,-3.0448075556529517,-2.5757734726519352,-2.162180993062117,-1.2072645954961783,-0.812716274889774,-0.6180339887498949,-0.4784480148786053,1.6180339887498965,2.3884897475417106,2.892701159089855,3.9999999999999987
0,-2.4970694179833943,-2.2765780938156186,-1.6920070593211982,-1.0000000000000002,-1.,-0.9999999999999986,-0.7386438449268805,1.2562965093533043,2.0763435472410223,2.279536367332281,4.5921219921204806,-2.9835989231827824,-2.656918527868184,-2.0886749693667146,-1.2629637866425063,-0.8385435920918609,-0.637169314351373,-0.4890006257646199,1.6898710249173647,2.5755457744765677,2.6914529398741083,4.
1,-2.4970694179833943,-2.2765780938156186,-1.6920070593211982,-1.0000000000000002,-1.,-0.9999999999999986,-0.7386438449268805,1.2562965093533043,2.0763435472410223,2.279536367332281,4.5921219921204806,-3.1142426893423383,-2.577870755461969,-2.266319425111828,-1.1284525341013554,-0.7730040578866748,-0.6532077015385421,-0.3140491419576013,1.651138652904081,2.557696378596775,2.6183112738994567,3.9999999999999982
1,-2.4075843571698283,-2.23606797749979,-1.6276540036622726,-1.0000000000000009,-1.0000000000000002,-0.9999999999999998,-0.7549876301617062,1.0565203002129993,2.23606797749979,2.318844645043892,4.414861045736913,-2.8720781155665027,-2.5782556465448088,-1.7304488913681413,-1.328220838875917,-0.7699521450503055,-0.5681339154911178,-0.46499307166042003,0.9748390551855556,2.5688106994381172,2.7684328699335397,4.
0,-2.580546032129855,-2.0659255921810504,-1.704256064168964,-1.432722906838528,-1.0000000000000024,-0.8759966135514696,-0.49305590896235413,1.1995144189568068,1.971121264995689,2.3937360472971547,4.588131386582569,-3.0588250831476818,-2.4825571412772356,-1.907520243987541,-1.5481760425257538,-1.0000000000000004,-0.5930483770380685,-0.16670714825355532,1.1488770305207379,2.7014854783562243,2.906471527352874,4.000000000000003
0,-2.580546032129855,-2.0659255921810504,-1.704256064168964,-1.432722906838528,-1.0000000000000024,-0.8759966135514696,-0.49305590896235413,1.1995144189568068,1.971121264995689,2.3937360472971547,4.588131386582569,-2.7767932593432154,-2.4855833037491464,-1.947968764795509,-1.6490089732141073,-1.199550812556354,-0.5152392091596665,-0.4579415679964171,1.4613646851292166,2.6602132103554843,2.910507995329717,4.
0,-2.580546032129855,-2.0659255921810504,-1.704256064168964,-1.432722906838528,-1.0000000000000024,-0.8759966135514696,-0.49305590896235413,1.1995144189568068,1.971121264995689,2.3937360472971547,4.588131386582569,-3.049054781037158,-2.8244068901480044,-2.0205501924384186,-1.233805249621223,-0.9180160929213033,-0.4674339997373913,-0.20549068334881437,1.44934700805011,2.504964529865394,2.764446351336808,4.000000000000001
1,-2.600828577194749,-2.042661763816894,-1.7664659068859034,-1.4384934825524065,-1.,-0.839205952611391,-0.6620572689974072,1.418470148478615,1.9527565770086355,2.1558225017716195,4.82266372479988,-3.7998885988973385,-2.4714419195931665,-1.6940228865519866,-1.2773955271798276,-1.,-0.6560736172811332,-0.21016201466839302,1.7214228631707458,2.6770368600715737,2.710524840929528,3.9999999999999987
1,-2.3788208794631607,-2.1636138182015,-1.8371376589720776,-1.7320508075688767,-0.9999999999999978,-0.8049898095638809,-0.33788516587816037,1.4121034529401135,1.7320508075688756,2.2803767578490883,4.829967121289575,-3.301574064908429,-2.29240158522462,-2.257774395603795,-1.6248853484187913,-0.7019996773814738,-0.6500585311483759,-0.6027049307029102,1.9875584090651632,2.548733608395701,2.895106515927528,4.
1,-2.5160264180038845,-2.2704741261919916,-1.6854806815834054,-1.2770449241147395,-1.0000000000000004,-0.7607989542493901,-0.42046721535509557,1.1725092649339417,2.1028103175001402,2.2443563119948173,4.410616425069607,-2.8884276830731155,-2.333586644161203,-1.8342431843139215,-1.526544828795301,-0.8534705275211599,-0.6566204310471104,-0.3926943210972973,1.2833980425534697,2.4908636153610315,2.7113259620946093,4.
0,-2.3560620654632194,-2.225117492268715,-1.8396155913680639,-1.5854483945398412,-1.0000000000000007,-0.7554056053539594,-0.3508838840512849,1.3002140064846872,1.8996628590057232,2.291306337438711,4.6213498301159674,-3.0916440896217714,-2.4571377661217038,-2.169105551801427,-1.3506459050302955,-0.9156771866234971,-0.6449159485827191,-0.19668472396922163,1.4437881639753418,2.606538716121912,2.7754842916533815,3.9999999999999982
1,-2.438945666029658,-2.438903518626033,-1.7377826809675374,-1.3539274961159935,-1.1168843487164963,-0.735070290001615,-0.5192544973196758,1.2868459349115926,1.7774738340402372,2.241055369832049,5.03539335899313,-3.377245048284114,-2.96553332834117,-1.7885473622653592,-1.4411262861468448,-1.3129278263160427,-0.498835547516699,-0.4064035215373474,2.4015144534276414,2.473412038459918,2.9156924285200136,4.000000000000002
1,-2.438945666029658,-2.438903518626033,-1.7377826809675374,-1.3539274961159935,-1.1168843487164963,-0.735070290001615,-0.5192544973196758,1.2868459349115926,1.7774738340402372,2.241055369832049,5.03539335899313,-4.0905831165246855,-3.587602921012838,-1.933256788990301,-1.2074776078335234,-0.8557758341658064,-0.19643363804610978,0.09126661100206906,2.2530789657521653,2.5730691822150558,2.953715147603975,4.
0,-2.5725255583366295,-2.000000000000001,-1.832580741554023,-1.386720344018573,-1.3027756377319948,-0.6180339887498933,-0.6046240087690489,1.5737398544402628,1.6180339887498962,2.3027756377319952,4.822710798238011,-3.6059035654983735,-2.1621610824010884,-2.,-1.78730843333793,-1.401370722478599,-0.4934503445409277,-0.30706296619919254,1.8866623433772305,2.803027956702704,3.067566814376174,4.000000000000001
0,-2.5725255583366295,-2.000000000000001,-1.832580741554023,-1.386720344018573,-1.3027756377319948,-0.6180339887498933,-0.6046240087690489,1.5737398544402628,1.6180339887498962,2.3027756377319952,4.822710798238011,-3.7820304575433,-2.885567110635225,-1.8487718797351484,-1.4359362774092017,-0.6953539227603042,-0.6109045131551746,0.13062679709529593,1.211723370673979,2.804768621485929,3.111445371983152,3.9999999999999982
1,-2.5725255583366295,-2.000000000000001,-1.832580741554023,-1.386720344018573,-1.3027756377319948,-0.6180339887498933,-0.6046240087690489,1.5737398544402628,1.6180339887498962,2.3027756377319952,4.822710798238011,-3.618033988749895,-2.3994477926100353,-1.9999999999999998,-1.3819660112501035,-1.1414777066804493,-0.6180339887498952,0.09948810939164364,1.618033988749895,2.470558128826905,2.97087926107194,4.
0,-3.0000000000000004,-1.6514422366441979,-1.561552812808829,-1.0000000000000004,-1.,-0.9999999999999991,-0.5995007089664922,0.9999999999999997,1.8262036820215781,2.561552812808829,4.424739263589112,-3.6180339887498945,-1.9999999999999998,-1.4728339089952547,-1.3819660112501055,-0.6180339887498952,-0.6180339887498946,-0.4625984229747752,1.6180339887498942,1.6180339887498956,2.9354323319700324,3.9999999999999996
0,-2.8018981285716116,-1.8722762128531785,-1.6506395756619274,-1.370325945476013,-0.9999999999999977,-0.8288308196787285,-0.4287282202401596,0.7968151158702346,2.12190436265489,2.445787042458956,4.588192381497537,-2.965533328341169,-2.5802196067214878,-1.7885473622653587,-1.4013809868819576,-1.3129278263160424,-0.5349078565622429,-0.406403521537347,1.5900299343410655,2.473412038459919,2.9264785158246256,4.
0,-2.8018981285716116,-1.8722762128531785,-1.6506395756619274,-1.370325945476013,-0.9999999999999977,-0.8288308196787285,-0.4287282202401596,0.7968151158702346,2.12190436265489,2.445787042458956,4.588192381497537,-3.5876029210128366,-2.0681506076113534,-1.9332567889903012,-1.2975194310579983,-0.8557758341658065,-0.6084486394433758,-0.19643363804611058,1.0457365969638879,2.573069182215053,2.928382081148842,4.000000000000001
1,-2.8018981285716116,-1.8722762128531785,-1.6506395756619274,-1.370325945476013,-0.9999999999999977,-0.8288308196787285,-0.4287282202401596,0.7968151158702346,2.12190436265489,2.445787042458956,4.588192381497537,-3.587602921012836,-2.4299493718039007,-1.9332567889903014,-1.146169015784346,-0.8557758341658068,-0.4632968258015942,-0.19643363804610953,1.5677335721280639,2.471681641261779,2.5730691822150553,4.
1,-2.5122362198039525,-2.1586494059643293,-1.9455281154224862,-1.2889499329896585,-0.9999999999999996,-0.8665466939210779,-0.5131615593562463,1.6100748803117069,1.6852549386739746,2.1333425599279745,4.8563995485440925,-4.021538135330982,-2.3915459396752006,-1.8404982399028078,-1.6146601562638616,-0.8828033900336706,-0.5746852311840714,-0.0919341347953151,1.8308795313058326,2.6575363728386665,2.929249323041409,4.000000000000001
0,-2.4999106408174803,-2.0848982730616594,-1.8855646716759276,-1.3662138234188208,-1.000000000000001,-0.7949933836031331,-0.5710874561722682,1.4689922322110056,1.911898196520264,2.198045748472792,4.62373207154523,-3.0714158020322575,-2.274068729059703,-2.0000000000000004,-1.6019301280345126,-1.0000000000000004,-0.6180339887498945,-0.44530099723343547,1.6180339887498951,2.48440005157936,2.9083156047805465,4.000000000000003
0,-2.4391375705079064,-2.2360679774997907,-1.8603251172052389,-1.0000000000000004,-1.0000000000000002,-0.9999999999999989,-0.5012731068445917,1.3979938154246223,1.9999999999999991,2.2360679774997916,4.402741979133116,-2.900826267265401,-2.393072936921175,-1.8657723801805528,-1.3924743243146893,-0.8221779844096705,-0.574383350653194,-0.49249151364527466,1.26075687915446,2.2886584502313188,2.8917834280041785,4.
1,-2.4391375705079064,-2.2360679774997907,-1.8603251172052389,-1.0000000000000004,-1.0000000000000002,-0.9999999999999989,-0.5012731068445917,1.3979938154246223,1.9999999999999991,2.2360679774997916,4.402741979133116,-2.837476965454377,-2.618033988749896,-2.000000000000001,-1.1957171742254438,-0.7531604278281568,-0.6180339887498952,-0.38196601125010526,1.6180339887498958,1.8946097072011048,2.8917448603068747,3.9999999999999996
0,-2.6180339887498922,-2.,-2.,-1.3027756377319948,-0.6180339887498946,-0.6180339887498942,-0.3819660112501064,1.618033988749894,1.6180339887498942,2.302775637731996,4.,-2.6180339887498922,-2.,-2.,-1.3027756377319948,-0.6180339887498946,-0.6180339887498942,-0.3819660112501064,1.618033988749894,1.6180339887498942,2.302775637731996,4.
0,-2.604320720893152,-2.4087686729258073,-1.8019377358048385,-1.4492406192812457,-0.9999999999999998,-0.4450418679126294,-0.18474540047274787,1.0000000000000004,1.2469796037174663,2.590241992642596,5.0568334209303565,-4.325169645742067,-2.2574606980796563,-1.5615528128088307,-1.4517048890411894,-1.377202853972958,-0.7177778765851609,-0.27389055496421716,2.5615528128088303,2.651093408937174,2.752113109448074,4.
1,-2.604320720893152,-2.4087686729258073,-1.8019377358048385,-1.4492406192812457,-0.9999999999999998,-0.4450418679126294,-0.18474540047274787,1.0000000000000004,1.2469796037174663,2.590241992642596,5.0568334209303565,-4.4297247628040255,-3.4717868244269927,-1.6416422778042694,-1.3772028539729582,-0.7181518142136051,-0.27389055496421555,0.381966011250106,2.26130567924889,2.618033988749895,2.6510934089371716,4.000000000000001
0,-2.6924283732193035,-2.0614988506846426,-1.7972899124863877,-1.4414679371824228,-1.0000000000000027,-0.39633853101445343,-0.3486105358944057,0.6938224565045141,1.7640149251945831,2.685042662199765,4.5947540965827525,-2.9561222434423557,-2.2618022452599718,-2.,-1.414213562373095,-1.3750493656708325,-0.6583385343656485,-0.3398768866231828,1.414213562373097,2.601679131883155,2.9895101434788387,3.999999999999999
0,-2.6924283732193035,-2.0614988506846426,-1.7972899124863877,-1.4414679371824228,-1.0000000000000027,-0.39633853101445343,-0.3486105358944057,0.6938224565045141,1.7640149251945831,2.685042662199765,4.5947540965827525,-3.4758226219330544,-2.6574563794891213,-1.6483476777594357,-1.258330712004376,-0.9063232564624024,-0.35472092305019803,-0.14643622668101813,1.076580698729541,2.633635163903002,2.7372219347470654,4.
1,-2.6924283732193035,-2.0614988506846426,-1.7972899124863877,-1.4414679371824228,-1.0000000000000027,-0.39633853101445343,-0.3486105358944057,0.6938224565045141,1.7640149251945831,2.685042662199765,4.5947540965827525,-3.4780066865289494,-2.635644598687481,-1.6398124624851629,-1.6337234210956197,-0.6612123007693228,-0.47325452080532643,-1.8164561007239816e-17,1.4732545208053258,2.4146760484709167,2.6337234210956195,3.999999999999999
1,-2.549245808165502,-2.106369704787084,-1.8370250040755827,-1.5592959531732393,-1.5456196225947223,-0.3461364074754237,-0.15759673247006156,1.1650943780071557,1.6581680124232312,2.20146391680446,5.076562925506773,-4.165894369098212,-2.290527141435358,-2.137342373841588,-1.440205737900527,-1.1200566226183806,-0.6254599899284017,-0.054255594174561814,2.2014863964142894,2.3689024707687296,3.2633529618140114,3.9999999999999982
1,-2.549245808165502,-2.106369704787084,-1.8370250040755827,-1.5592959531732393,-1.5456196225947223,-0.3461364074754237,-0.15759673247006156,1.1650943780071557,1.6581680124232312,2.20146391680446,5.076562925506773,-4.777202815826936,-2.897814323043591,-2.075584714889066,-1.470013608671195,-0.7250924310723155,-0.06241651916685117,0.15849509769577014,2.1643060416914226,2.1675442643145875,3.51777900896817,4.000000000000002
1,-2.4508597031587542,-2.,-1.8586013125649405,-1.6691360866529654,-1.5456140697848706,-0.4160114147878729,-0.12269317871069395,1.2717198494107995,1.6877087863679963,2.232570792067328,4.870916337813976,-4.0066630044381855,-2.4030480290174854,-1.8308666689926774,-1.6230010176101237,-1.2668299730543093,-0.08012536397212978,7.350087771750807e-16,1.6201177410903613,2.393107652113174,3.197308663881375,3.9999999999999973
1,-2.454768828193282,-2.110959098257192,-1.89894225608699,-1.4318976264282561,-1.2857320250664723,-0.496273359729187,-0.10932777209093213,1.2058213173060266,1.7353019031050925,2.411993292455585,4.434784452985606,-2.9977273532801827,-2.2308448598982356,-1.9508845876750902,-1.4402423099709363,-1.210832495313017,-0.4970185837790786,-0.06956184640920435,1.583606332193663,1.9908177077350162,2.8226879963970646,4.
0,-2.279881707250758,-2.1852729181707202,-1.7669854101616482,-1.6491796578003193,-1.54782872706772,-0.3978074175990158,-0.11918910270181748,1.1048849229395161,1.9665625080946674,2.2336900776692326,4.64100743204858,-2.9655333283411687,-2.36224008216043,-1.9148696999430366,-1.7885473622653596,-1.3129278263160427,-0.4064035215373479,-0.055141903479238884,1.339732212812771,2.4734120384599176,2.9925194727699314,4.000000000000001
0,-2.4605048700187635,-2.4502443945543395,-1.7658373972351635,-1.1624632135624522,-0.9999999999999996,-0.4042113570094988,-0.23912327825655497,0.9999999999999993,1.6996281482753175,2.566599055025747,4.216157307335709,-2.9655333283411696,-2.3235164152256016,-1.7885473622653596,-1.3129278263160422,-0.8716118792723822,-0.40640352153734705,-0.17747722028814122,1.4384801825695193,1.9341253322166048,2.473412038459919,3.9999999999999996
1,-2.5249816239316893,-2.279881707250757,-1.649179657800319,-1.5478287270677182,-1.1533980368434387,-0.39780741759901556,-0.21837699053533072,0.7235153355108727,2.1732413157995842,2.2336900776692334,4.64100743204858,-2.965533328341169,-2.9633839811813827,-1.7885473622653594,-1.312927826316042,-1.179267399889342,-0.4064035215373469,-0.07206675314879435,1.421587353174673,2.4734120384599168,2.7931307810448494,3.9999999999999987
1,-2.450244394554343,-2.0696279303559004,-1.7658373972351635,-1.1624632135624526,-0.9999999999999992,-0.5827719754125513,-0.40421135700949906,0.36198928490127275,2.2904106208671786,2.566599055025746,4.21615730733571,-2.9655333283411696,-2.0416377860011354,-1.7885473622653598,-1.312927826316042,-0.6849822998916623,-0.467545543600041,-0.40640352153734666,0.5864967150125682,2.473412038459919,2.6076689144802705,4.
1,-2.7080280749997026,-1.9541644657799444,-1.8571125428454343,-1.3932243562177447,-1.204872027036604,-0.44375015159936165,-0.19861965652841787,0.7576679725390479,1.9537492132490841,2.3974652164971983,4.650888872721879,-3.9815413007496376,-2.397661540892259,-1.8124455803866881,-1.472633238274064,-0.6998824604554683,-0.4408077115048827,-9.142270118806002e-17,1.5725723291876648,2.393930250678195,2.8384692523971435,3.999999999999996
1,-2.757985632150805,-2.061498850684642,-1.8485273499567456,-1.3475084379135276,-0.9999999999999988,-0.3963385310144526,-0.22383698091158308,0.6938224565045132,1.7640149251945803,2.5050117005799106,4.67284670035275,-4.165894369098213,-2.137342373841588,-1.7041670184618258,-1.4402057379005264,-0.6769837901996455,-0.6254599899284007,-0.17134955809981295,1.925880910147357,2.368902470768728,2.626619456613928,4.
1,-2.552040478107262,-2.0000000000000027,-1.8264793893158773,-1.732050807568877,-1.4142135623730965,-0.4569199182627321,4.3847512786266866e-16,1.4142135623730951,1.7320508075688774,1.9043349294359908,4.931104856249882,-4.826420434396008,-2.1594900254231875,-1.9999999999999987,-1.3027756377319937,-0.8405099745768142,-0.5615528128088328,1.0462202246014018e-16,1.826420434396008,2.3027756377319957,3.5615528128088334,3.999999999999999
1,-2.2931486611993472,-2.1753277471610732,-1.9999999999999998,-1.6484338402179177,-1.126032500610493,-0.4838441925711907,-4.2830570448368397e-16,1.1260325006104948,1.9583258890153359,2.175327747161073,4.46710080497312,-3.605903565498375,-2.0000000000000013,-1.9149686952552876,-1.78730843333793,-0.678842688478205,-0.4934503445409277,3.6017873040913576e-16,1.484343083253654,1.8866623433772318,3.1094683004798416,4.
1,-2.9449336598002485,-2.1835118039204553,-1.8019377358048385,-1.1644897922316106,-1.000000000000004,-0.44504186791262884,-0.23902064461432726,1.0000000000000022,1.2469796037174679,2.3909698134507122,5.140986087115931,-5.242234957935004,-3.2122834231411073,-1.6996281482753177,-1.2749527808722851,-0.3760641634965693,-0.30277563773199484,0.2391232782565547,2.1055353254449685,2.460504870018764,3.302775637731994,3.9999999999999987
0,-2.6386576255862337,-2.0760702693738238,-1.9189859472289952,-1.3097214678905706,-1.2018333452101657,-0.3043922396145188,-0.2846296765465704,0.8308300260037743,1.6825070656623615,2.581089648523571,4.639863831261172,-3.475822621933056,-2.195562728489497,-1.6483476777594355,-1.406866893538758,-1.2583307120043759,-0.3547209230501971,-0.13522737570706583,0.820758012299166,2.737221934747066,2.916898985436156,3.9999999999999996
1,-2.6386576255862337,-2.0760702693738238,-1.9189859472289952,-1.3097214678905706,-1.2018333452101657,-0.3043922396145188,-0.2846296765465704,0.8308300260037743,1.6825070656623615,2.581089648523571,4.639863831261172,-3.8332206728306875,-2.851185808782706,-1.7479635996022487,-1.2730337185047074,-0.5701805309757538,-0.37049408608976525,3.512424512011834e-17,1.3539841662558803,2.3279342862078654,2.9641599643221217,4.000000000000001
0,-3.082547196722158,-1.8019377358048383,-1.4707928703824704,-1.1565833397933167,-1.0000000000000002,-0.44504186791262906,-0.3500755784996728,0.9999999999999994,1.2469796037174672,2.8398399665907363,4.22015901880688,-3.4758226219330557,-1.8019377358048385,-1.6483476777594381,-1.2583307120043759,-0.618033988749896,-0.4450418679126287,-0.3547209230501969,1.2469796037174674,1.6180339887498971,2.7372219347470668,3.999999999999999
1,-2.7699735152991947,-1.9999999999999996,-1.860805853111703,-1.6931577315768154,-1.,-0.42315779285789207,-0.2541016883650521,0.9999999999999993,1.7741758662507925,2.1149075414767546,5.112113173483112,-5.0213942462349515,-2.612943898496193,-1.8608058531117038,-1.4494897427831779,-1.0000000000000002,-0.2541016883650526,0.45454074081215223,2.1149075414767564,2.1797974039189953,3.449489742783178,3.9999999999999982
1,-2.3339597926341025,-2.1763267096652936,-2.0000000000000018,-1.6540697744842134,-0.9999999999999982,-0.5443819280769736,-0.25139950865631483,1.099930831305716,2.0112045786336323,2.197405891478056,4.651596412099494,-3.6446952062289393,-2.607224180398669,-1.8600380339844387,-1.5444173452077639,-0.9999999999999982,-0.3585771519577213,0.08163402391490862,1.6101078774583575,2.3635773261023503,2.95963269030191,4.0000000000000036
1,-2.3027756377319952,-2.1929153603456855,-1.8608058531117015,-1.720482762999852,-1.0000000000000016,-0.5802136234964798,-0.254101688365052,1.3027756377319946,2.0612855917878514,2.1149075414767564,4.432326155054165,-2.9453552700474037,-2.126981006919969,-1.8608058531117049,-1.6259302483133964,-0.9999999999999984,-0.7007897876764335,-0.2541016883650534,1.4958839252689133,2.114907541476756,2.9031723876882887,4.
0,-2.507857706367214,-2.3826632605369116,-1.641043081811252,-1.2965693294727072,-0.9999999999999991,-0.4326712024598551,-0.3264666169365482,1.0000000000000002,2.0250098852981373,2.3501729592847105,4.212088353001635,-2.8847378147461598,-2.1700864866260337,-1.634867854436931,-1.5615528128088303,-1.0000000000000004,-0.43411804716646335,-0.3111078174659822,1.4811943040920164,1.9537237163495547,2.56155281280883,4.000000000000001
1,-2.400098429058138,-2.000000000000002,-1.9999999999999987,-1.8608058531117035,-0.9999999999999988,-0.3442466000057571,-0.2541016883650519,0.9999999999999983,2.07257125382009,2.114907541476756,4.671773775243806,-3.8734974485117375,-2.4051838927211877,-1.5615528128088303,-1.56155281280883,-0.9999999999999987,-0.6632711235031428,1.2711234096933402e-15,1.9419524647360682,2.561552812808829,2.5615528128088303,4.
1,-3.015153077026236,-2.0537112337721735,-1.6180339887498962,-1.432832809510961,-1.4142135623730947,-4.0732120367564795e-16,0.1850215607154351,0.6180339887498938,1.414213562373096,2.103183666813796,5.213491892780141,-5.953139195673772,-2.517921531400132,-1.5941080987627865,-1.2469796037174672,-1.1925824035672496,0.1532201230761754,0.44504186791262634,1.8019377358048378,1.9119487027605162,4.000000000000002,4.192582403567249
1,-2.6911871199274904,-1.9999999999999996,-1.9189859472289954,-1.462929467733291,-1.3097214678905702,-0.2846296765465705,0.16755557443321864,0.8308300260037729,1.6825070656623629,2.2316829099779425,4.754878103249618,-4.777202815826933,-2.0755847148890663,-1.5269816378051086,-1.470013608671194,-1.2046275620163083,-0.11686063443301054,0.15849509769577072,1.317502510463566,2.1643060416914226,3.5309673237908603,4.
1,-3.3588989435406726,-1.8793852415718177,-1.879385241571817,-1.,-0.9999999999999993,-5.531047231160393e-16,0.34729635533386044,0.3472963553338615,1.5320888862379556,1.532088886237957,5.358898943540674,-7.000000000000002,-1.879385241571817,-1.8793852415718157,-1.,-0.9999999999999997,0.3472963553338606,0.3472963553338614,1.5320888862379547,1.5320888862379558,3.9999999999999996,5.000000000000002
1,-2.6661848599685256,-2.0682750709013593,-1.8146136223449707,-1.7103672589429149,-1.0736529751106403,-0.5145029761092255,-0.26919559445896557,1.1343994405860907,1.5808849385114059,2.335399087897065,5.06610889084204,-4.421110856766627,-2.3115899589920517,-1.907232096959016,-1.5594599525289379,-0.981570951618899,-0.44349704040018917,-0.03260752477811294,2.272986559853603,2.3611253670491426,3.0229564551410912,4.000000000000001
1,-2.36286980123385,-2.149721102156762,-1.8375098381495614,-1.7109914441441818,-1.0000000000000002,-0.713261673524316,-0.33423496019703763,1.3268976070056813,1.881390226608254,2.274609586955674,4.625691398836097,-3.127414020184243,-2.306703946572348,-2.1258536384371975,-1.527911253246406,-0.9147724264661191,-0.7607279258098287,-0.1503493993316037,1.6688121831949123,2.439454471206312,2.8054659556465245,4.000000000000001
1,-2.3215013394700557,-2.2637930153886328,-1.935035678398712,-1.5405607327741957,-1.0935705791105352,-0.49834239440971617,-0.3499749927724573,1.1470925175635096,1.8932600979557952,2.327195238176039,4.63523087862896,-3.309156003143479,-2.323656023288837,-2.1598536933471117,-1.591819044271871,-0.9773637906199556,-0.41058754108073664,0.07957460087029203,1.7699771891829355,2.27318041106912,2.6497038946296443,4.
1,-2.481476381017819,-2.1459045442846425,-1.9216294246206829,-1.5969535692725234,-0.9999999999999989,-0.3624437845766886,-0.32690859719364457,0.866925770869099,1.9056094526437704,2.4286966489334163,4.634084428519712,-3.3022443849919787,-2.3053019319864996,-2.0000000000000013,-1.5082646216072462,-0.9337678623115792,-0.6599865540267561,-0.17068579433857137,1.7997137631808613,2.4298946749585824,2.6506427111231887,4.
1,-2.525104777925803,-2.0680395647988736,-1.7968625424336195,-1.6489326814238836,-1.0932844866328082,-0.4985360951123518,-0.3160457113597779,0.9571138497895555,2.0428778375531214,2.3251171003725135,4.621697071971925,-3.244716568900657,-2.3021045753355636,-2.,-1.7795894639258454,-0.9772049168774144,-0.3885437462055387,-0.03842596182845489,1.5239949230718925,2.500908263438956,2.7056820465626257,4.
0,-2.2861001174773805,-2.2641772177530592,-1.8841393575152767,-1.6925509345712269,-1.1025910389469638,-0.6439523529785729,-0.32084284346505326,1.233246859553717,1.7887607211504764,2.349771526652006,4.8225747553513365,-3.638622597847713,-2.3418250577668447,-2.0986359831817047,-1.5529230374732244,-1.347494814817472,-0.5764358726863448,-0.1481996050851925,2.0300624042102813,2.64764367469942,3.0264308899487884,4.000000000000003
1,-2.552678880907998,-2.2400793549521403,-1.7171504093225485,-1.4377156138255447,-1.0000000000000013,-0.44176607531136497,-0.30574955923276864,0.8125245951590799,2.08110228725521,2.39077366570379,4.410739345434285,-3.2426142868926546,-2.311192023271842,-1.8392337403302907,-1.2787968133703893,-0.8726831458167629,-0.3997810779570872,-0.3110609456426179,1.265518021964034,2.3264364145797622,2.6634075967378474,4.
1,-2.5782556465448088,-2.0000000000000018,-1.7304488913681415,-1.532088886237956,-0.7699521450503058,-0.4649930716604199,-0.3472963553338605,0.9748390551855556,1.8793852415718169,2.5688106994381195,4.,-2.5782556465448088,-2.0000000000000018,-1.7304488913681415,-1.532088886237956,-0.7699521450503058,-0.4649930716604199,-0.3472963553338605,0.9748390551855556,1.8793852415718169,2.5688106994381195,4.
0,-2.481194304092016,-2.142883258880052,-2.,-1.5668197614848307,-0.6972528668922717,-0.6888921825340177,-5.121366557161509e-16,1.1700864866260334,1.2890319389165803,2.7007832029589647,4.417140745381609,-3.239254299847758,-2.,-1.8247879423455298,-1.4728339089952553,-0.8117213393105415,-0.6180339887498957,-0.4625984229747745,1.6180339887498933,1.8757635815038298,2.93543233197003,4.000000000000002
1,-2.5526641154000576,-2.117887599202302,-1.8019377358048385,-1.7137794545346205,-0.707330072850338,-0.44504186791263,-0.35684603470591064,1.2469796037174667,1.401004243889066,2.6189585296426574,4.4285445031615085,-3.301574064908427,-2.257774395603797,-1.732050807568879,-1.624885348418791,-0.7019996773814712,-0.6500585311483768,1.7642137750684128e-15,1.7320508075688767,1.9875584090651621,2.548733608395701,3.9999999999999987
0,-2.472448484808976,-2.246979603717468,-1.9148425415206909,-1.627025147350311,-0.5708511602851659,-0.5549581320873705,-0.33934991101246315,0.8019377358048386,1.6130803408763608,2.7066259106495307,4.604810993451717,-2.9561222434423566,-2.903211925911554,-1.6751308705666454,-1.3750493656708327,-0.8060634335253685,-0.6583385343656489,-0.5391888728108901,1.7092753594369228,2.2143197433775357,2.989510143478838,4.
0,-2.4862719019718345,-2.,-1.9999999999999998,-1.5615528128088272,-1.0000000000000042,-0.8221870677862485,2.7178497858928847e-15,1.,1.6974980119455805,2.5615528128088294,4.610960957812504,-2.999999999999999,-2.5181986993263403,-1.9999999999999996,-1.4728339089952553,-1.1781940800207562,-0.46259842297477444,1.0020920863567146e-15,0.9999999999999991,2.6963927793470974,2.9354323319700306,4.000000000000002
1,-2.851035499841456,-2.0706302113522153,-1.801937735804838,-1.2984642797485524,-0.9999999999999998,-0.6615151195188982,-0.44504186791262856,1.2469796037174663,1.464891453738844,2.328077767676197,5.088675889046084,-4.801402358530904,-2.8686707916899814,-1.3772028539729575,-1.3395929823861286,-0.9630536524857032,-0.27389055496421755,-0.09733632797806006,2.2770816194723844,2.6510934089371743,2.79297449359839,4.000000000000001
0,-2.716024176212999,-2.0000000000000004,-1.7746517659896988,-1.000000000000001,-0.9999999999999998,-0.9999999999999996,-0.40361881822153267,1.2108708888742643,1.7614968533895488,2.5161621180779594,4.405764900082459,-3.0418387434829475,-2.5079612451709443,-1.853245869721584,-1.2045166198692538,-0.781492904331435,-0.5330262700689815,-0.31372674703317144,1.117420651065565,2.219253592584035,2.899134156028717,4.000000000000002
0,-2.8869064769958013,-1.8019377358048383,-1.7654264844611571,-1.1357465524039156,-1.0000000000000004,-0.5726416082247425,-0.44504186791262845,1.2469796037174676,1.5341190749296036,2.6144166179550754,4.212185429200937,-3.0448075556529512,-2.162180993062117,-1.8019377358048376,-1.207264595496179,-0.6180339887498947,-0.4784480148786047,-0.4450418679126273,1.2469796037174654,1.6180339887498956,2.892701159089852,3.999999999999999
0,-2.500768636599144,-2.1440731102563855,-2.000000000000001,-1.1797935015135799,-1.,-0.8267040428936512,-0.3450836800777141,1.0285416761480644,1.9101889609207807,2.446616683972501,4.611075650299131,-3.1128279970599055,-2.7889450335825146,-1.9177820206039429,-1.1410105968352697,-0.7759348591596451,-0.5977503308053935,-0.1758160314022571,0.9073420844545698,2.653933438792646,2.9487913462017104,3.9999999999999987
1,-2.500768636599144,-2.1440731102563855,-2.000000000000001,-1.1797935015135799,-1.,-0.8267040428936512,-0.3450836800777141,1.0285416761480644,1.9101889609207807,2.446616683972501,4.611075650299131,-3.407272025110176,-2.691934700001774,-1.6602349059887094,-1.2192507297281359,-1.,-0.467801403162801,-0.1906621533094269,1.4297574034298683,2.4568378434872615,2.7505606703838956,3.999999999999999
1,-2.5378682455756296,-2.1960189878301835,-1.8019377358048396,-1.261594576288712,-1.,-0.8457352306744204,-0.44504186791262723,1.2469796037174676,1.817661533101471,2.4025489703990197,4.621006536868454,-3.409066504209271,-2.859975916490962,-1.532088886237958,-1.220070534718923,-1.0000000000000004,-0.3472963553338592,-0.28592392861975585,1.8793852415718169,2.0498869103481785,2.725149973690731,3.9999999999999996
1,-2.6051747555989695,-2.1518289057900053,-1.800574365997637,-1.3018246371740763,-1.0000000000000007,-0.6765708184654258,-0.23791229491486374,1.0057555118664148,1.9948899132060625,2.3373326246257453,4.435907728242754,-3.196823517638101,-2.3132302353344762,-1.7284421800266132,-1.3115318595137568,-0.774460026303518,-0.674471110485365,-0.18919631083864888,0.9986875886374782,2.304476974632815,2.884990676870183,4.000000000000002
0,-2.769949304924192,-2.110211374187035,-1.5752348773035678,-1.1580424249071828,-0.9999999999999979,-0.6877525135221996,-0.3472608693939899,1.2224483402724917,1.6992301737526978,2.5113687083402905,4.215404141872688,-3.161761438892087,-2.108631427320787,-1.7106430028036148,-1.2752346499064282,-0.7461360095159322,-0.475679219330974,-0.3332298439310641,1.234234229457993,2.051673221199445,2.525408141043447,4.000000000000001
1,-2.498999519317179,-2.1546920834086154,-2.,-1.3430236324072946,-0.9999999999999977,-0.6646709436771727,-0.29473068652532114,1.1452200604168457,1.795068635083602,2.3600433465006287,4.655784823334503,-3.826010610103719,-2.633340566821272,-1.7534829044153462,-1.3409153200183004,-0.8207419264055235,-0.33481261411135665,-0.16926103097768455,1.547744916425758,2.404927377439582,2.9258926789878643,4.
0,-2.4391375705079072,-2.270922454034393,-1.8603251172052386,-1.4651631709774704,-0.9999999999999999,-0.5012731068445918,-0.18015227887771407,1.2526781016043422,1.3979938154246219,2.6635598022852354,4.402741979133116,-2.9008262672654017,-2.3930729369211754,-1.599780278763892,-1.4325408490998883,-1.39247432431469,-0.5743833506531947,-0.06904159354273134,1.2607568791544608,2.1195130490073764,2.981849672399135,4.000000000000001
1,-2.4391375705079072,-2.270922454034393,-1.8603251172052386,-1.4651631709774704,-0.9999999999999999,-0.5012731068445918,-0.18015227887771407,1.2526781016043422,1.3979938154246219,2.6635598022852354,4.402741979133116,-3.039732833445408,-2.618033988749895,-2.0000000000000013,-1.4506599286230106,-0.6180339887498942,-0.3819660112501045,-0.08795440152567166,1.6180339887498947,2.0000000000000027,2.578347163594092,3.9999999999999973
0,-2.6180339887498962,-2.0000000000000018,-1.6180339887498951,-1.4728339089952562,-0.6180339887498946,-0.4625984229747743,-0.38196601125010554,0.6180339887498962,1.618033988749894,2.9354323319700324,4.,-2.6180339887498962,-2.0000000000000018,-1.6180339887498951,-1.4728339089952562,-0.6180339887498946,-0.4625984229747743,-0.38196601125010554,0.6180339887498962,1.618033988749894,2.9354323319700324,4.
1,-2.7839591945112017,-2.3027756377319943,-1.2774365643137213,-1.0000000000000013,-1.0000000000000004,-1.,-0.9999999999999996,1.302775637731994,1.9999999999999998,2.000000000000001,5.061395758824921,-4.618033988749895,-2.381966011250105,-1.7912878474779201,-1.0000000000000013,-0.9999999999999956,-0.41421356237309614,-0.4142135623730949,2.414213562373093,2.414213562373096,2.7912878474779204,4.000000000000001
1,-2.6985161376278057,-2.286775751891027,-1.0000000000000004,-1.0000000000000002,-1.,-0.9999999999999996,-0.999999999999999,1.2120451407868433,2.000000000000001,2.3665306990133326,4.406716049718656,-3.0994375980929836,-2.7828997299181117,-1.4155647086023424,-1.0000000000000013,-1.,-0.5093863738075876,-0.41421356237309404,1.1493447863373123,2.414213562373096,2.657943624083713,4.
1,-2.400098429058138,-2.302775637731994,-2.,-1.0000000000000004,-1.,-0.9999999999999997,-0.344246600005758,1.302775637731996,2.,2.07257125382009,4.671773775243803,-3.8734974485117335,-2.405183892721189,-2.,-1.0000000000000007,-0.9999999999999999,-0.6632711235031423,8.156425150339868e-16,1.9419524647360655,2.,3.000000000000001,4.000000000000002
1,-2.5078577063672127,-2.507018644092975,-1.296569329472707,-1.0000000000000007,-1.,-0.9999999999999999,-0.4326712024598559,1.2218761622631913,2.025009885298139,2.2851424818297854,4.212088353001635,-2.884737814746159,-2.437359590184456,-1.6348678544369315,-1.0000000000000002,-1.,-0.4941733589516291,-0.43411804716646313,1.2286792157014332,1.9537237163495544,2.7028537334346523,4.000000000000002
1,-2.5070186440929754,-2.3878933244227643,-1.554748847684348,-1.,-0.9999999999999999,-0.9999999999999997,-0.693609773138788,1.2218761622631895,2.018182313455806,2.2851424818297845,4.618069631790097,-3.4076837686830412,-2.1819433360523925,-2.0830014421871192,-1.0000000000000002,-0.9999999999999999,-0.9999999999999998,-0.15947765258315041,1.5935793453672884,2.5883639906851026,2.6501628634533163,3.9999999999999982
1,-2.472833908995256,-2.,-1.999999999999999,-1.462598422974774,-1.000000000000001,-0.9999999999999997,-0.6180339887498948,1.618033988749894,1.9354323319700293,1.9999999999999996,5.000000000000004,-3.858137895382414,-3.070484258254183,-2.2933734557615044,-0.9999999999999974,-0.8249218310768551,-0.4142135623730949,-0.3408955869877323,2.414213562373094,2.4526948283046743,2.935118199158009,4.
1,-2.472833908995256,-2.,-1.999999999999999,-1.462598422974774,-1.000000000000001,-0.9999999999999997,-0.6180339887498948,1.618033988749894,1.9354323319700293,1.9999999999999996,5.000000000000004,-3.0880812961142885,-2.9488205564493564,-2.221754598082347,-1.4393782514336149,-1.1609209767174569,-0.757398834737445,-0.2587569204977918,2.4313069705874297,2.575094136981761,2.8687103264631104,4.
1,-2.2828213120837813,-2.228758038632548,-1.8688110151421709,-1.6414472885038194,-0.9999999999999997,-0.944288984538808,-0.3824769955544615,1.581602594578837,1.8040328461918291,2.140006180107989,4.82296201357693,-3.2911850412830876,-2.5519796680549724,-2.1597595678675883,-1.788253908594933,-0.7761934624356213,-0.34985417225091675,-0.2744254132483515,1.7260236622886087,2.536340165099878,2.929287406346983,4.000000000000001
1,-2.2828213120837813,-2.228758038632548,-1.8688110151421709,-1.6414472885038194,-0.9999999999999997,-0.944288984538808,-0.3824769955544615,1.581602594578837,1.8040328461918291,2.140006180107989,4.82296201357693,-3.6420081521894185,-2.5854055915595398,-2.090104286077027,-1.7152407303400958,-0.8211133121223675,-0.5747303376354232,-0.15786788119192735,2.0187139073394245,2.522878055545996,3.044878328230381,3.9999999999999982
1,-2.3290480020881397,-2.2121816110968484,-1.9189360470096222,-1.502198398136582,-1.0000000000000002,-0.8304344112183377,-0.382675835650106,1.5503808059294932,1.8245353464359881,2.1652882326731415,4.63526992016101,-3.2078654167359946,-2.464446048513071,-2.2081652162724135,-1.2467210508121882,-0.9132659323061425,-0.5769317987170104,-0.1542501027375035,1.7783870464035405,2.057240892646607,2.936017627044178,4.000000000000002
0,-2.328905775859138,-2.2386690085375154,-1.8701144127098905,-1.4817212090028253,-1.0000000000000002,-0.814445342895665,-0.236636105741649,1.4804726925193359,1.7425703818488998,2.3344862111521074,4.412962569226339,-2.9055621105323755,-2.473136152429847,-1.8867114478244085,-1.4674265716955064,-0.9161340404157073,-0.5667353612534196,-0.20486541126881386,1.53414882543008,2.101413492097882,2.7850087778921173,4.000000000000001
1,-2.3027756377319943,-2.2785014435837536,-2.000000000000002,-1.4117181137034867,-1.,-0.5665831245676163,-0.30130787266527376,1.302775637731995,1.6617769694925875,2.4831618408352996,4.413171744192244,-3.063371053248369,-2.472453753067846,-1.930279172285917,-1.3134379131615033,-0.9117954553492548,-0.48155486693685495,-0.14984195468012226,1.5758400998467452,2.044706201993385,2.702187866889743,4.
1,-2.472833908995255,-2.196627457408634,-1.7554067511246914,-1.4625984229747748,-1.,-0.9999999999999994,-0.22126001344684879,1.5071474778234744,1.9354323319700284,1.9999999999999991,4.6661467441567,-3.7320508075688767,-2.439311671683877,-2.302775637731995,-1.,-0.6611203141265056,-0.41421356237309237,-0.2679491924311227,1.3027756377319946,2.414213562373096,3.1004319858103773,4.
1,-2.501411077741245,-2.1490608087084655,-1.9068809876512205,-1.3194966928474754,-0.9999999999999991,-0.6774807512797771,-0.12137684724656114,1.380391130664235,1.6549446627065925,2.4308281539656478,4.209543218138268,-2.508481199180672,-2.4590543831073792,-1.6796431855621223,-1.5854719942495688,-1.0000000000000002,-0.5600185723689123,-0.17421544811464523,1.362339832857439,1.790026343618578,2.814518606107283,4.000000000000001
1,-2.3321794496413513,-2.,-1.856204072936408,-1.8216637715491626,-1.0717668999409795,-0.8461690905829211,-0.24717521377937224,1.4881997686824304,1.8874596649252078,2.1796330934496577,4.619865971372901,-2.948820556449357,-2.2217545980823457,-1.89560926213983,-1.5258083304101968,-1.4393782514336142,-0.7699978445661261,-0.25875692049779114,1.5033834407100966,2.6880319964060573,2.8687103264631078,4.000000000000001
1,-2.361252155999885,-2.23606797749979,-1.9999999999999987,-1.0000000000000007,-0.9999999999999998,-0.9999999999999996,-0.7843330159715561,1.351571882115177,2.000000000000001,2.2360679774997894,4.794013289856267,-3.4142135623730963,-2.23606797749979,-2.000000000000003,-1.5615528128088307,-1.0000000000000007,-0.7320508075688745,-0.5857864376269047,2.2360679774997894,2.5615528128088303,2.7320508075688785,4.
1,-2.361252155999885,-2.23606797749979,-1.9999999999999987,-1.0000000000000007,-0.9999999999999998,-0.9999999999999996,-0.7843330159715561,1.351571882115177,2.000000000000001,2.2360679774997894,4.794013289856267,-3.4142135623730936,-2.999999999999999,-2.2360679774997902,-0.9999999999999994,-0.7320508075688802,-0.5857864376269045,-5.478808155583419e-16,1.9999999999999991,2.2360679774997902,2.7320508075688803,3.9999999999999996
0,-2.7005398725919463,-2.2970685393019195,-1.4992076392803262,-1.446497035291034,-1.0000000000000004,-0.37080024121809213,-0.17543883971437693,1.0191770491942047,1.2896747881044153,2.7420871851542774,4.438613144944798,-3.2132014725655704,-2.5194981345880354,-1.5115470905734374,-1.4282258372030459,-0.8941553844445979,-0.4425663287004785,-0.08832246259041107,1.0240303811331057,2.3356062167112848,2.737880112821188,3.999999999999999
0,-2.5238223251539695,-2.,-1.9999999999999998,-1.4494205407574956,-0.7536265628678173,-0.4442348872894002,-0.13154248800733376,0.6400875546535741,1.6357632487075422,2.815710603197232,4.211085397517668,-2.99501681937272,-1.9999999999999991,-1.7106889065376412,-1.4360787513303892,-0.7751035255114492,-0.5873795927567996,-0.1407098190183505,0.7313811356933801,1.972616633702622,2.940979645131348,3.999999999999999
0,-2.665435995400277,-2.1404609679899784,-1.8181151209279087,-1.4960202670805334,-0.9378408284915446,-0.5489049168928551,-1.8643204929493784e-15,0.7600176132717494,1.5545030805959565,2.644429913436586,4.6478274894788045,-3.804079885525821,-2.3677171624980367,-1.7109543163872512,-1.4324063783309915,-0.9286400004216241,-0.6575702251484116,0.19285784984897458,0.9180341291011256,2.8495149043117607,2.940961085050274,4.
0,-2.9198185643620613,-2.118015165218875,-1.618033988749895,-1.4148376767946071,-0.9358519403339735,-0.25324265781964783,-1.316891561148694e-15,0.6180339887498943,1.1940966080952438,2.752444320276195,4.695225076157726,-4.189908225767352,-1.966001800985176,-1.6180339887498951,-1.380600304412766,-0.9165541807069677,-0.3229865268721589,-9.733266028492695e-16,0.6180339887498959,2.7336329777406343,3.0424180610037843,4.
0,-2.5864757958628766,-2.1572207151023353,-1.8161416517016524,-1.488833102881606,-0.9999999999999994,-0.5341546232921359,-4.647766197753438e-16,1.0235437945166723,1.500507628553245,2.6227691895686887,4.436005276202,-3.1298620723411954,-2.2441776611781834,-1.860517080819232,-1.4855548878559954,-0.9310648458728424,-0.4797196480563084,1.3316658337036088e-15,0.998427289730615,2.224003082659471,2.9084658237336725,4.
0,-3.0405948705989556,-1.8867815864735693,-1.8019377358048385,-1.416237898771495,-0.4450418679126294,-0.21845492596777333,-1.77851701803465e-15,-8.860182410657255e-16,1.2469796037174687,2.9009949185710133,4.661074363240783,-4.3251696457420685,-2.257460698079654,-1.4517048890411894,-1.3772028539729573,-0.7177778765851612,-0.27389055496421755,-2.125392982450788e-15,1.0000000000000004,2.6510934089371756,2.7521131094480733,3.9999999999999996
0,-2.6011249227883795,-2.359379387823889,-1.7300080986343633,-1.454415705566357,-0.6074157401328111,-0.4164324553197156,-0.2557553815972566,0.8127352077574737,1.3924993687183227,2.8056815627009017,4.413615552686076,-3.2558486389217594,-2.569748627177152,-1.6643804163532085,-1.3997983201173385,-0.6861849406512317,-0.4360844598470611,-0.09222678157709867,1.3405564768516862,2.0260955891004944,2.737620118692669,4.
0,-2.799797920454097,-2.042778238728848,-1.8019377358048378,-1.4642670379328862,-0.7015142598526841,-0.44504186791262895,-0.09692406454856443,0.8365362141597967,1.246979603717468,2.851598045844529,4.417147261512752,-3.5033931595248005,-2.,-1.532088886237956,-1.449863846927612,-0.7922151687343572,-0.5274024295035294,-0.34729635533386083,1.2449093147742416,1.8793852415718157,3.027965289916054,4.
0,-2.4412909104124623,-2.166998522591244,-1.8567047468320168,-1.5668886275946297,-0.9999999999999999,-0.5149160526245784,-0.29311107022333804,1.354321696618629,1.5230955906316705,2.559695556051197,4.402797086976772,-2.9136947750476287,-2.5513637275661116,-1.7406985316005805,-1.5374202764624199,-0.9297345133175917,-0.466212396009644,-0.21779732895627868,1.4966706718804614,1.9680675043834166,2.8921833726963744,4.000000000000001
1,-2.4825469453291973,-2.1201510493969464,-1.7976831618747682,-1.590169344605213,-0.9999999999999998,-0.6610342299975491,-0.22414918462971598,1.361390927944754,1.6373371780062118,2.460355411201411,4.416650398681011,-3.063571155158651,-2.4263935557022323,-1.8312730917831934,-1.4969325866573207,-0.9389950830972599,-0.43920751167136074,-0.20408401381474392,1.717603119762224,2.115825746227384,2.5670281318951536,4.
0,-2.525037278250094,-2.2841552047369302,-1.7745067953314984,-1.5527586644211586,-0.7275199327065692,-0.41531112055156105,-0.3067337912131671,0.8121351391305711,1.7222632237294728,2.641907210938411,4.409717213412523,-3.0678936189273456,-2.5107498972597218,-1.5760601066455193,-1.4418161178493667,-0.8274454594594737,-0.6808589046811222,-0.16044902144641685,1.2354010628648757,2.084027966841016,2.9458440965630746,4.000000000000002
0,-2.537877074777467,-2.221348736528586,-1.7125513853984387,-1.590063441118852,-0.9098929928972821,-0.6313850834771989,-0.3007852797785176,0.9786980011879958,1.795959976457012,2.503907403565753,4.625338612765581,-3.241529382262794,-2.6257040145189214,-1.8342325905089247,-1.423890682963995,-0.9380932265308595,-0.5952075695781722,-0.03249990850822814,1.4959700301202998,2.252606340870347,2.9425810038812474,3.9999999999999996
1,-2.34931104378326,-1.9999999999999996,-1.9999999999999984,-1.7801718476070711,-0.8238321034804469,-0.6180339887498951,-0.15139400708356318,1.5623269236551112,1.618033988749894,2.3310157132565434,4.211366365042685,-2.844975038463501,-2.0000000000000004,-1.838452530992079,-1.6751308705666472,-0.8970113402025645,-0.5391888728108913,-0.24465412681109594,1.4965801934149336,2.2143197433775366,2.3285128430543054,4.000000000000002
0,-2.680561032642063,-1.9999999999999996,-1.9999999999999993,-1.7517876444463576,-0.9999999999999988,-0.4142135623730943,2.136339852685474e-16,0.9999999999999977,1.3375740820732633,2.4142135623730954,5.094774595015157,-4.941101422429176,-2.1240077482012127,-1.791287847477921,-1.4494897427831772,-1.0000000000000004,-1.0000000000000002,0.04721964846916846,2.01788952216122,2.791287847477921,3.449489742783179,4.
1,-2.680561032642063,-1.9999999999999996,-1.9999999999999993,-1.7517876444463576,-0.9999999999999988,-0.4142135623730943,2.136339852685474e-16,0.9999999999999977,1.3375740820732633,2.4142135623730954,5.094774595015157,-4.941101422429175,-2.669079088282288,-2.1240077482012127,-1.4494897427831774,-0.9999999999999996,0.047219648469168374,0.523976397081867,2.0178895221612194,2.1451026912004214,3.449489742783176,3.9999999999999987
0,-2.451938649887869,-2.198150116516775,-1.9314232385494317,-1.6727508433964404,-0.9999999999999988,-0.3663371961642521,-0.03925177634274341,0.8186812099193779,1.6621777982965626,2.519483483476681,4.65950932916489,-3.775913088409708,-2.263858174108678,-1.8345438534851537,-1.4448814796835832,-1.,-0.624556094641053,-0.045963388458279485,1.3784010597266423,2.5520906306258206,3.0592243884339863,4.000000000000004
1,-2.490717870399655,-2.238051966274402,-1.8749580659601617,-1.550404569202586,-0.9999999999999977,-0.5107544946348922,-0.10545266095347623,0.9230412212224853,1.7536347921737145,2.426795294970224,4.666868319058745,-3.868809342378491,-2.298960377835364,-1.8376147925255024,-1.6305787396169278,-0.9999999999999997,-0.38037081277365936,0.15240567589612625,1.6245398984255885,2.3206582141054306,2.918730276702802,4.
0,-2.8187224286571513,-2.1490608087084655,-1.5103725832223147,-1.3194966928474767,-1.0000000000000002,-0.4262442376355494,-0.12137684724656136,1.0000000000000018,1.3803911306642354,2.755339249515015,4.209543218138267,-2.5906937956747003,-2.508481199180672,-1.6796431855621226,-1.4421665789431464,-0.9999999999999994,-0.42408516266470037,-0.1742154481146448,1.362339832857439,1.4880569296398811,2.9688886076426693,4.
1,-2.487411143671126,-1.999999999999998,-1.9479469134677492,-1.3147040901033855,-0.9999999999999972,-0.4142135623730961,-0.35505569850582736,0.6568023476517361,2.238764039483182,2.414213562373094,4.209551458613168,-2.5565163314602293,-2.0000000000000013,-2.,-1.5874260605495385,-0.9999999999999996,-0.41421356237309315,-0.3419272271480203,0.8070542029530966,2.414213562373094,2.678815416204692,4.
1,-2.501411077741246,-2.1490608087084655,-1.906880987651219,-1.319496692847476,-1.0000000000000004,-0.6774807512797755,-0.12137684724656181,1.3803911306642347,1.6549446627065918,2.430828153965651,4.2095432181382675,-2.508481199180672,-2.2360679774997876,-1.8342431843139229,-1.6796431855621219,-1.0000000000000009,-0.6566204310471125,-0.1742154481146448,1.362339832857439,2.2360679774997902,2.4908636153610315,4.
0,-2.536937979603091,-2.196627457408636,-1.7554067511246916,-1.6572517634630766,-0.9999999999999983,-0.4816275505340165,-0.22126001344684815,1.193827598038582,1.5071474778234744,2.4819896955616025,4.666146744156703,-3.732050807568875,-2.302775637731995,-2.1836286787263792,-1.429567056376534,-0.9999999999999996,-0.26794919243112286,0.12895024415416337,1.3027756377319943,2.4842454909487506,2.9999999999999996,4.000000000000001
0,-2.9070048516229807,-1.9999999999999993,-1.7523575037135617,-1.5615528128088305,-1.000000000000001,-0.3073866533844938,-1.9787975009982738e-16,0.9999999999999997,1.036192880756345,2.5615528128088294,4.930556127964689,-4.941952464736069,-2.336728876496858,-1.4494897427831779,-1.3429230827771697,-0.9999999999999992,-0.5948161072788101,0.5293165801288371,0.873497448511737,2.813606502648329,3.4494897427831788,4.000000000000002
0,-2.4641016151377544,-2.2709224540343937,-1.9999999999999998,-1.46516317097747,-1.0000000000000007,-0.18015227887771512,-1.930822723609641e-16,1.,1.2526781016043422,2.6635598022852376,4.464101615137754,-3.7320508075688767,-2.,-1.8364413218567803,-1.4031827100702077,-1.,-0.26794919243112275,-0.11101113250777236,0.9999999999999999,2.268138413697305,3.0824967507374548,4.
0,-2.880671398026219,-1.9999999999999993,-1.7457149991840477,-1.5455732948033527,-0.6470091087638999,-0.42397918144499586,-7.353286284021992e-16,0.3520462094722998,1.4172351418231266,2.840536194094952,4.633130436832136,-3.8526799610694535,-2.000000000000001,-1.5410969443225393,-1.316265457826608,-0.6939739314670935,-0.5794245099985481,-0.39155582858558485,0.8653681206405106,2.4793066654446716,3.030321847184645,4.
0,-2.492001247948818,-2.0000000000000004,-1.9999999999999998,-1.3578951210432848,-0.6180339887498953,-0.3728741646049672,-2.216948822963973e-18,8.903953685230892e-16,1.618033988749895,3.0102162442518434,4.212554289345226,-2.9561222434423566,-2.0000000000000013,-1.675130870566646,-1.3750493656708325,-0.6583385343656472,-0.5391888728108878,-4.343273230240617e-17,9.316111520025313e-16,2.2143197433775357,2.989510143478839,4.
