COEFFICIENT_DEN,DEN_WALKS2,DEN_WALKS3,DEN_WALKS4,DEN_WALKS5,DEN_WALKS6,DEN_WALKS7,DEN_WALKS8,DEN_WALKS9,DEN_WALKS10,DEN_WALKS11,CYCLES_MULT3,CYCLES_MULT4,CYCLES_MULT5,CYCLES_MULT6,CYCLES_MULT7,CYCLES_MULT8,CYCLES_MULT9,CYCLES_MULT10,CYCLES_MULT11,CONNECTIVITY,DOUBLE_TRIANGLES
1,1.315236040720529,1.3403202964837384,0.902675280052025,1.0749894752898839,0.9568286112329601,1.010947354968269,0.9682907825470122,0.9763645868383197,0.9519104562389794,0.9425288317303363,1.3403202964837377,0.7079926632745424,0.7901084254992431,1.359712874685794,1.7922168873037678,2.028078010479676,2.145077284644862,2.262132790149705,2.4077498174659127,0.35805743701971615,1.9621689290925635
1,1.315236040720529,1.3403202964837384,0.902675280052025,1.0749894752898839,0.9568286112329601,1.010947354968269,0.9682907825470122,0.9763645868383197,0.9519104562389794,0.9425288317303363,1.3403202964837377,0.7079926632745424,0.7901084254992431,1.359712874685794,1.7922168873037678,2.028078010479676,2.145077284644862,2.262132790149705,2.4077498174659127,0.35805743701971615,1.9621689290925635
1,1.315236040720529,1.3403202964837384,0.902675280052025,1.0749894752898839,0.9568286112329601,1.010947354968269,0.9682907825470122,0.9763645868383197,0.9519104562389794,0.9425288317303363,1.3403202964837377,0.7079926632745424,0.7901084254992431,1.359712874685794,1.7922168873037678,2.028078010479676,2.145077284644862,2.262132790149705,2.4077498174659127,0.35805743701971615,1.9621689290925635
1,1.315236040720529,1.3403202964837384,0.902675280052025,1.0749894752898839,0.9568286112329601,1.010947354968269,0.9682907825470122,0.9763645868383197,0.9519104562389794,0.9425288317303363,1.3403202964837377,0.7079926632745424,0.7901084254992431,1.359712874685794,1.7922168873037678,2.028078010479676,2.145077284644862,2.262132790149705,2.4077498174659127,0.35805743701971615,1.9621689290925635
1,1.315236040720529,1.3403202964837384,0.902675280052025,1.0749894752898839,0.9568286112329601,1.010947354968269,0.9682907825470122,0.9763645868383197,0.9519104562389794,0.9425288317303363,1.3403202964837377,0.7079926632745424,0.7901084254992431,1.359712874685794,1.7922168873037678,2.028078010479676,2.145077284644862,2.262132790149705,2.4077498174659127,0.35805743701971615,1.9621689290925635
1,1.315236040720529,1.3403202964837384,0.902675280052025,1.0749894752898839,0.9568286112329601,1.010947354968269,0.9682907825470122,0.9763645868383197,0.9519104562389794,0.9425288317303363,1.3403202964837377,0.7079926632745424,0.7901084254992431,1.359712874685794,1.7922168873037678,2.028078010479676,2.145077284644862,2.262132790149705,2.4077498174659127,0.35805743701971615,1.9621689290925635
1,1.315236040720529,1.3403202964837384,0.902675280052025,1.0749894752898839,0.9568286112329601,1.010947354968269,0.9682907825470122,0.9763645868383197,0.9519104562389794,0.9425288317303363,1.3403202964837377,0.7079926632745424,0.7901084254992431,1.359712874685794,1.7922168873037678,2.028078010479676,2.145077284644862,2.262132790149705,2.4077498174659127,0.35805743701971615,1.9621689290925635
1,0.5332038002921071,0.5302366008067538,0.16209831477698478,0.24813118278611354,0.15468232628946815,0.16296467910327272,0.12013776796931473,0.10385915143118714,0.07281403004585238,0.049845621945676384,0.5302366008067533,0.011398808532148294,-0.03617459141014783,0.34740548913291863,0.6803808921852328,0.8328894692719377,0.8721574852169476,0.9450468228253704,1.0741839941258864,0.35805743701971615,-0.3462651051339817
1,0.5332038002921071,0.5302366008067538,0.16209831477698478,0.24813118278611354,0.15468232628946815,0.16296467910327272,0.12013776796931473,0.10385915143118714,0.07281403004585238,0.049845621945676384,0.5302366008067533,0.011398808532148294,-0.03617459141014783,0.34740548913291863,0.6803808921852328,0.8328894692719377,0.8721574852169476,0.9450468228253704,1.0741839941258864,0.35805743701971615,-0.3462651051339817
1,0.5332038002921071,0.5302366008067538,0.16209831477698478,0.24813118278611354,0.15468232628946815,0.16296467910327272,0.12013776796931473,0.10385915143118714,0.07281403004585238,0.049845621945676384,0.5302366008067533,0.011398808532148294,-0.03617459141014783,0.34740548913291863,0.6803808921852328,0.8328894692719377,0.8721574852169476,0.9450468228253704,1.0741839941258864,0.35805743701971615,-0.3462651051339817
1,1.315236040720529,1.3403202964837384,1.2444800332558896,1.399247629212931,1.3417921676497468,1.4089226406561528,1.390767690983063,1.4165316723732195,1.4103778520374295,1.4183748420267053,1.3403202964837377,1.1259489761199788,1.3989485432219522,1.6296615108332275,1.5161748471364076,1.364084376475377,1.2804525152221278,1.2210828040011292,1.1642897930002125,0.35805743701971615,-0.08977243466436556
1,1.315236040720529,1.3403202964837384,1.2444800332558896,1.399247629212931,1.3417921676497468,1.4089226406561528,1.390767690983063,1.4165316723732195,1.4103778520374295,1.4183748420267053,1.3403202964837377,1.1259489761199788,1.3989485432219522,1.6296615108332275,1.5161748471364076,1.364084376475377,1.2804525152221278,1.2210828040011292,1.1642897930002125,0.35805743701971615,-0.08977243466436556
1,0.5332038002921071,0.5302366008067538,0.38996815024622794,0.4913247982283989,0.39799262601609525,0.42312520154941585,0.37402609788536306,0.3642923657341572,0.33035052454291736,0.30867595512909646,0.5302366008067533,0.2900363504291059,0.44219978680055216,0.5161233867250645,0.41200668646696575,0.3990802950557958,0.44327615117789293,0.456068799028312,0.46146456178046913,0.35805743701971615,1.192690917683715
1,0.5332038002921071,0.5302366008067538,0.3140115384231469,0.4588989828360942,0.3529968856556916,0.3900777838332842,0.3386338306966052,0.33148526197807315,0.2970574267609347,0.2758862072200281,0.5302366008067533,0.1507175794806271,0.35522262712587943,0.6004823355211375,0.5653633754488326,0.45662641000283505,0.39867249243783126,0.39691823163350654,0.42542224223073866,0.35805743701971615,-0.6027577756035978
0,-1.0308606805647367,-1.0899307905472153,-1.1671423921269335,-1.0489014329060753,-1.0763122494963893,-1.0239298124888614,-1.022103780836455,-0.9959249049503371,-0.9825666570391637,-0.9623861140587352,-1.0899307905472158,-1.2424701300041612,-0.9929233478315478,-0.8842351632897464,-0.8761895009807162,-0.8979206033659348,-0.8982646616962701,-0.8689039106153302,-0.8360589420098264,0.35805743701971615,-0.859250446073214
1,0.5332038002921071,0.5302366008067538,0.42794645615776844,0.539963521316856,0.4613199643011078,0.49062631007598273,0.44543219067425166,0.4376024452489207,0.40472560385742795,0.3838627396294143,0.5302366008067533,0.2900363504291059,0.4856883666378885,0.6004823355211375,0.44267802426333913,0.266281568254936,0.20310260411602232,0.2155231582894365,0.2091683249323561,0.35805743701971615,0.9361982472140989
0,-0.2488284401363148,-0.27984709487023074,-0.42656542685189336,-0.3355334942753714,-0.4108196945363454,-0.3889975104108418,-0.4237441231116439,-0.4288321429211048,-0.44893987796735463,-0.45983417605441396,-0.2798470948702312,-0.545876275261767,-0.3840832301088387,-0.243107152439592,-0.31643758619690204,-0.3667256961624956,-0.3664518074878423,-0.3404921752217348,-0.30443472865130256,0.35805743701971615,-0.08977243466436556
1,1.315236040720529,1.3403202964837384,1.4343715628135925,1.4965250753898451,1.508443057873464,1.5530656328222592,1.5584056507562605,1.5856262305178956,1.5912424225638928,1.6063749684552209,1.3403202964837377,1.4045865180169366,1.5729028625712975,1.6127897210740127,1.4471643370945675,1.2357122739012125,1.01626161345407,0.8425191726743744,0.8038665975029082,0.35805743701971615,1.4491835881533313
1,0.5332038002921071,0.5302366008067538,0.42794645615776844,0.5237506136207036,0.4646529821055821,0.48711062734022403,0.4473334281678626,0.43778641031671184,0.40608268544341247,0.3848470821041697,0.5302366008067533,0.2900363504291059,0.44219978680055216,0.6342259150395666,0.6037025476942994,0.39465367082910047,0.17908524940983525,0.05384494074363492,0.06499904673343436,0.35805743701971615,0.6797055767444828
1,-1.0308606805647367,-1.0899307905472153,-1.0911857803038525,-1.08132724829838,-1.0579806515717805,-1.0443207723562618,-1.026125629380632,-1.01002889348099,-0.9916106819748682,-0.9733491952061455,-1.0899307905472158,-1.1031513590556823,-1.0364119276688841,-1.0023376916042486,-0.891525169878903,-0.8580809853256769,-0.8879715096793328,-0.9122809933715208,-0.8991330012218547,0.35805743701971615,-0.6027577756035978
1,-1.8128929209931586,-1.4949726383857076,-1.7178278278442711,-1.5515015714867983,-1.5518227896013956,-1.4647964275530012,-1.4217475582194283,-1.3602779419922053,-1.3098883643035877,-1.2574009827427317,-1.4949726383857078,-1.6604264428495976,-1.601763465554257,-1.5422349638991153,-1.3592630712735971,-1.2918901595418188,-1.3031286410291376,-1.3105614804965442,-1.3046090961563221,0.35805743701971615,-0.6027577756035978
1,-0.2488284401363148,-0.27984709487023074,-0.1986955913826502,-0.38417221736382845,-0.32416123162001254,-0.4065759240896353,-0.3939093193657488,-0.43149963640407607,-0.4368376410068961,-0.45750067414997364,-0.2798470948702312,-0.12791996241633052,-0.4275718099461751,-0.5636711578646691,-0.44679077183148896,-0.331312702348933,-0.2943997433692811,-0.3207753194234663,-0.36750878786333085,0.35805743701971615,0.16672023580525058
1,0.5332038002921071,0.5302366008067538,0.54188137389239,0.6372409674937701,0.5979736942845558,0.6207065712990543,0.5876959423596411,0.5791635649141919,0.5504812632122108,0.5303785351575586,0.5302366008067533,0.42935512137758475,0.6161541061498976,0.6848412843172105,0.4503458587124325,0.17332245949433414,0.0006706144495885102,-0.06839956520562969,-0.05213849180318955,0.35805743701971615,0.9361982472140989
0,-0.2488284401363148,-0.27984709487023074,-0.3885871209403528,-0.27068186349076195,-0.33249377613119835,-0.3039179882054815,-0.3385174962345833,-0.3436563165338136,-0.3664318660495141,-0.3795810790054562,-0.2798470948702312,-0.545876275261767,-0.3405946502715024,-0.12500462412508986,-0.20908790390959522,-0.4109919384294489,-0.5551595944650264,-0.6007546717588788,-0.5387098057245504,0.35805743701971615,-0.3462651051339817
0,-1.8128929209931586,-1.9000144862241999,-1.7178278278442711,-1.6487790176637125,-1.546823262894684,-1.4865936605147052,-1.4186763284220567,-1.3646420022114725,-1.3083305875534788,-1.257886520944565,-1.9000144862242,-1.6604264428495976,-1.4278091462049114,-1.3566452765477548,-1.336259567926317,-1.3671427713956394,-1.375180705147699,-1.3381650786141202,-1.2775773564940243,0.35805743701971615,-2.1417137984212946
1,-1.0308606805647367,-1.0899307905472153,-1.129164086215393,-1.0002627098176182,-1.0229839646247998,-0.9711945714524811,-0.9708800552874367,-0.9480326656353808,-0.9377574796014669,-0.9211246531526481,-1.0899307905472158,-1.2424701300041612,-0.9494347679942114,-0.7661326349752443,-0.8531859976334363,-0.9864530878998413,-1.0526619419503298,-1.042412241640093,-0.9802282202087482,0.35805743701971615,-0.3462651051339817
1,1.315236040720529,1.3403202964837384,2.0420244573982407,1.9018477677936543,2.116718807190032,2.1029184126949185,2.2034370327232713,2.2388861862441827,2.3043601252610464,2.3518910186212985,1.3403202964837377,2.2404991437078094,2.3122087198060157,1.5959179313147982,0.7877305744725397,0.29284131361510796,0.045274273189650195,-0.013192368970477928,0.10104136628316479,0.35805743701971615,0.4232129062748667
1,-1.0308606805647367,-1.0899307905472153,-0.8633159448346094,-0.8705594482483993,-0.8513335476943712,-0.8495519487952303,-0.8470436823862766,-0.8430499336159119,-0.8380884383322207,-0.8313916217039574,-1.0899307905472158,-0.8245138171587246,-0.6015261292955205,-0.9348505325673901,-1.13689587224989,-1.198931050781217,-1.196766070187452,-1.1646567475893574,-1.12439749840767,-2.267697101124871,-1.3722357870124462
1,-0.2488284401363148,-0.27984709487023074,-0.08476067364802863,-0.12476569422539073,-0.13251270786273778,-0.15204049402070602,-0.1772048073535918,-0.19697483581502287,-0.22077496145803058,-0.24060439167681977,-0.2798470948702312,-0.12791996241633052,0.007313988427188534,-0.243107152439592,-0.5771439574660758,-0.778401749245161,-0.8639541549731458,-0.8610171682960228,-0.7729848827977982,0.35805743701971615,-0.6027577756035978
1,1.315236040720529,1.3403202964837384,1.6622413982828355,1.5613767061744546,1.6467632967591492,1.6339263357447091,1.666483689816145,1.679601719314529,1.6974229069358442,1.7122063771696212,1.3403202964837377,1.822542830862373,1.746857181920643,1.359712874685794,1.0791082835380867,1.0099544383397507,0.9647958533693834,0.8701227707919502,0.8128771773903408,0.35805743701971615,1.7056762586229475
0,0.5332038002921071,0.5302366008067538,0.465924762069309,0.47511189053224656,0.40965818833175544,0.40062483204056026,0.3586699488985053,0.3389665080682456,0.30669398027643535,0.2823348443760738,0.5302366008067533,0.42935512137758475,0.44219978680055216,0.414892648169777,0.3353283419760323,0.3105478105218893,0.30603412428539545,0.27073035452458827,0.2542212243695191,0.35805743701971615,-0.08977243466436556
1,-0.2488284401363148,-0.27984709487023074,-0.3506088150288123,-0.35174640197152374,-0.4058201678296339,-0.41220101646684915,-0.441805879300948,-0.45357544453901116,-0.4718669112404318,-0.4836839186570449,-0.2798470948702312,-0.4065575043132882,-0.3840832301088387,-0.3780814705133087,-0.37778026178964885,-0.3977120657493629,-0.42134861824484127,-0.4390764542130772,-0.4395934269627917,0.35805743701971615,-0.08977243466436556
1,-0.2488284401363148,-0.27984709487023074,-0.3506088150288123,-0.35174640197152374,-0.4058201678296339,-0.41220101646684915,-0.441805879300948,-0.45357544453901116,-0.4718669112404318,-0.4836839186570449,-0.2798470948702312,-0.4065575043132882,-0.3840832301088387,-0.3780814705133087,-0.37778026178964885,-0.3977120657493629,-0.42134861824484127,-0.4390764542130772,-0.4395934269627917,0.35805743701971615,-0.08977243466436556
0,-0.2488284401363148,-0.27984709487023074,-0.12273897955956915,-0.319320586579219,-0.29249756247750625,-0.37141909673204837,-0.3771638045181754,-0.4124592518876946,-0.42496476994829413,-0.4448567817956697,-0.2798470948702312,0.011398808532148294,-0.25361749059682964,-0.5805429476238838,-0.6538223019570093,-0.5703504105904806,-0.4522280742956532,-0.39569937145688655,-0.41256168730049386,0.35805743701971615,0.6797055767444828
0,-1.0308606805647367,-1.0899307905472153,-0.9392725566576904,-1.0651143406022276,-0.9896537865800564,-1.0323674510546823,-0.9959983275587969,-0.9997268496846871,-0.9757239076337767,-0.9643017347238926,-1.0899307905472158,-0.8245138171587246,-0.9929233478315478,-1.0866966404003215,-1.0372140244116765,-0.9908797121265367,-0.9360062190917069,-0.8886207664135987,-0.8630906816721243,0.35805743701971615,-1.3722357870124462
1,-0.2488284401363148,-0.27984709487023074,-0.1986955913826502,-0.35174640197152374,-0.3408263206423842,-0.3967320124295109,-0.4085342231627562,-0.43413646904241554,-0.44856715837683775,-0.46450117986329453,-0.2798470948702312,-0.12791996241633052,-0.3405946502715024,-0.5805429476238838,-0.5311369507715158,-0.4109919384294489,-0.356158655470905,-0.3602090310200033,-0.38552994763819604,0.35805743701971615,-0.859250446073214
0,-1.0308606805647367,-0.684888942708723,-0.9392725566576904,-0.9678368944253134,-1.0013193488957166,-1.0084608084515232,-1.0018482890776,-0.9939523906123545,-0.9782246330915182,-0.9631993242164508,-0.6848889427087235,-0.8245138171587246,-1.1668776671808931,-1.2891581175108966,-1.0985567000044234,-0.9333335971794974,-0.8399368002669586,-0.8136967143801784,-0.845069521897259,0.35805743701971615,0.4232129062748667
1,1.315236040720529,1.3403202964837384,1.5483064805482138,1.5127379830859975,1.5217751290913615,1.5361903556906176,1.5360661102063315,1.5538615954792947,1.5564457038697395,1.567705697839797,1.3403202964837377,1.6832240599138941,1.7033686020833068,1.3259692951673647,0.9640907668016866,0.9524083233927115,1.1432104883296301,1.2999502271942032,1.3084590711991342,0.35805743701971615,1.4491835881533313
1,1.315236040720529,1.3403202964837384,1.5483064805482138,1.5127379830859975,1.5217751290913615,1.5361903556906176,1.5360661102063315,1.5538615954792947,1.5564457038697395,1.567705697839797,1.3403202964837377,1.6832240599138941,1.7033686020833068,1.3259692951673647,0.9640907668016866,0.9524083233927115,1.1432104883296301,1.2999502271942032,1.3084590711991342,0.35805743701971615,1.4491835881533313
0,0.5332038002921071,0.5302366008067538,0.6178379857154711,0.539963521316856,0.5113152313682229,0.47445416949149277,0.44247064765535765,0.4152813503569308,0.3859239711802428,0.35964420025052724,0.5302366008067533,0.7079926632745424,0.6161541061498976,0.3136619096144895,0.0822898051559519,0.0980698476405136,0.2751546682345835,0.4205784585914287,0.4344328221181713,0.35805743701971615,0.6797055767444828
0,0.5332038002921071,0.5302366008067538,0.54188137389239,0.5075377059245513,0.4596534553988706,0.44140675177536104,0.40283715836546763,0.38173838632968227,0.3501556330407249,0.32566050594350765,0.5302366008067533,0.5686738923260636,0.5291769464752248,0.330533699373704,0.1973073218923521,0.2485750713481547,0.3677930363870193,0.43240857207038985,0.41641166234330607,0.35805743701971615,0.6797055767444828
0,-1.0308606805647367,-1.0899307905472153,-1.0152291684807715,-1.0651143406022276,-1.0163179290158513,-1.0323674510546823,-1.0033839039762855,-0.9993895803937367,-0.9773453971344015,-0.9637962974154265,-1.0899307905472158,-0.9638325881072034,-1.0364119276688841,-1.0192094813634631,-0.9528678454716497,-0.9200537244994115,-0.9154199150578323,-0.8925641375732524,-0.8540801017846916,0.35805743701971615,-1.3722357870124462
0,-0.2488284401363148,-0.27984709487023074,-0.27465220320573125,-0.319320586579219,-0.35582490076251877,-0.3742316429206553,-0.40107552222628245,-0.4165371442237312,-0.43539454720771537,-0.44912845668611756,-0.2798470948702312,-0.26723873336480936,-0.297106070434166,-0.4455686295501671,-0.5004656129751424,-0.45083155646970685,-0.3733139088324672,-0.3286620617427737,-0.3314664683136004,0.35805743701971615,-0.08977243466436556
1,-0.2488284401363148,-0.27984709487023074,-0.1986955913826502,-0.2868947711869143,-0.28749803577079475,-0.32712149426148884,-0.3430146541521631,-0.36668261085233617,-0.38359926667597133,-0.4010906866681027,-0.2798470948702312,-0.12791996241633052,-0.21012891075949328,-0.4455686295501671,-0.5924796263642625,-0.5128042956434414,-0.3595897061432174,-0.29711509246554413,-0.29542414876386996,0.35805743701971615,0.4232129062748667
1,1.315236040720529,1.3403202964837384,1.9280895396636193,1.8045703216167401,1.9783985683043463,1.9679161956417848,2.0460365056079794,2.0758011536473497,2.1255375483886114,2.163077682035067,1.3403202964837377,2.101180372759331,2.1382544004566704,1.562174351796369,0.9180837601071266,0.48761277958970234,0.25113731352839647,0.17214607553324582,0.26323180425695175,0.35805743701971615,0.9361982472140989
1,-1.0308606805647367,-1.0899307905472153,-0.977250862569231,-1.0002627098176182,-0.9713221886554475,-0.9761165272825433,-0.9613738678193818,-0.954287477940279,-0.9400670668076613,-0.9271620421049551,-1.0899307905472158,-0.9638325881072034,-0.8624576083195387,-1.0023376916042486,-1.0142105210643966,-1.0174394574867085,-1.0732482459842043,-1.0897326955559372,-1.052312859308209,-2.267697101124871,-0.3462651051339817
1,1.315236040720529,1.3403202964837384,1.2824583391674302,1.3343959984283216,1.3067954807027662,1.3364995762995238,1.324187816447187,1.3373653715337719,1.3299691752490814,1.3321599726306443,1.3403202964837377,1.2652677470684577,1.3119713835472795,1.4103282439634377,1.4471643370945675,1.5013097275029321,1.56522972102406,1.5602127237313472,1.4436177695106234,0.35805743701971615,2.2186615995621795
1,1.315236040720529,1.3403202964837384,1.2824583391674302,1.3343959984283216,1.3067954807027662,1.3364995762995238,1.324187816447187,1.3373653715337719,1.3299691752490814,1.3321599726306443,1.3403202964837377,1.2652677470684577,1.3119713835472795,1.4103282439634377,1.4471643370945675,1.5013097275029321,1.56522972102406,1.5602127237313472,1.4436177695106234,0.35805743701971615,2.2186615995621795
1,1.315236040720529,1.3403202964837384,1.2824583391674302,1.3343959984283216,1.3067954807027662,1.3364995762995238,1.324187816447187,1.3373653715337719,1.3299691752490814,1.3321599726306443,1.3403202964837377,1.2652677470684577,1.3119713835472795,1.4103282439634377,1.4471643370945675,1.5013097275029321,1.56522972102406,1.5602127237313472,1.4436177695106234,0.35805743701971615,2.2186615995621795
1,0.5332038002921071,0.5302366008067538,0.27603323251160633,0.36162153665918007,0.2713379494460702,0.28531043830767516,0.2387823000225372,0.22506147026090703,0.19180714854651254,0.16913147995787875,0.5302366008067533,0.1507175794806271,0.181268307776534,0.414892648169777,0.5576955409997393,0.6159848821638668,0.6388460394997019,0.6492939858513431,0.6236549997542561,0.35805743701971615,0.16672023580525058
1,0.5332038002921071,0.5302366008067538,0.27603323251160633,0.36162153665918007,0.2713379494460702,0.28531043830767516,0.2387823000225372,0.22506147026090703,0.19180714854651254,0.16913147995787875,0.5302366008067533,0.1507175794806271,0.181268307776534,0.414892648169777,0.5576955409997393,0.6159848821638668,0.6388460394997019,0.6492939858513431,0.6236549997542561,0.35805743701971615,0.16672023580525058
1,-0.2488284401363148,-0.27984709487023074,-0.46454373276343386,-0.4328109404522856,-0.4724805239191208,-0.47407703261620215,-0.49412647263474196,-0.5039818731137795,-0.517931229863288,-0.5278785078807655,-0.2798470948702312,-0.545876275261767,-0.5580375494581842,-0.3612096807540941,-0.23975924170596863,-0.21179384822815922,-0.20519242588915773,-0.1906440711548943,-0.18729719011467866,0.35805743701971615,-0.08977243466436556
1,-0.2488284401363148,-0.27984709487023074,-0.46454373276343386,-0.4328109404522856,-0.4724805239191208,-0.47407703261620215,-0.49412647263474196,-0.5039818731137795,-0.517931229863288,-0.5278785078807655,-0.2798470948702312,-0.545876275261767,-0.5580375494581842,-0.3612096807540941,-0.23975924170596863,-0.21179384822815922,-0.20519242588915773,-0.1906440711548943,-0.18729719011467866,0.35805743701971615,-0.08977243466436556
0,-1.0308606805647367,-1.0899307905472153,-1.0152291684807715,-1.0489014329060753,-0.9879872776778192,-0.9958043506027919,-0.9677722632305726,-0.9614314547395011,-0.9428959129305587,-0.9301628273851393,-1.0899307905472158,-0.9638325881072034,-1.0364119276688841,-1.0023376916042486,-0.9068608387770897,-0.8536543610989815,-0.8605231043008332,-0.8610171682960228,-0.8180377822349613,0.35805743701971615,-1.11574311654283
1,-0.2488284401363148,-0.27984709487023074,-0.3885871209403528,-0.4328109404522856,-0.4524824170922747,-0.4754833057105056,-0.48951962793868464,-0.5047483942295758,-0.5169118258550367,-0.5281929137655593,-0.2798470948702312,-0.4065575043132882,-0.5145489696208478,-0.47931220906859623,-0.3547767584423688,-0.2250737209082452,-0.13314036177059654,-0.10388990564251296,-0.13323371079008303,0.35805743701971615,-0.6027577756035978
0,0.5332038002921071,0.5302366008067538,0.3519898443346874,0.3454086289630277,0.29800209188186494,0.2761696631947026,0.24646037451596609,0.2212595255265571,0.1936197762986844,0.16751699910642687,0.5302366008067533,0.2900363504291059,0.181268307776534,0.3136619096144895,0.4733493620597125,0.5805718883503042,0.6834496982397635,0.7202746667251098,0.6506867394165539,0.35805743701971615,-0.6027577756035978
0,0.5332038002921071,0.5302366008067538,0.465924762069309,0.47511189053224656,0.43965534857202454,0.42664088428517455,0.3964022006947844,0.37499300051067436,0.34646029351081387,0.3215294514065963,0.5302366008067533,0.42935512137758475,0.39871120696321577,0.44863622768820616,0.4273423553651524,0.3636673012422332,0.38151723907626905,0.416635087431775,0.3533376031312778,0.35805743701971615,0.9361982472140989
1,0.5332038002921071,0.5302366008067538,0.465924762069309,0.44268607513994185,0.42465676845189,0.3992185589462568,0.3746842185562284,0.34991242960181757,0.32272410830618725,0.296983240071827,0.5302366008067533,0.42935512137758475,0.3117340472885431,0.36427727889213324,0.48101719650880587,0.523025773403265,0.45356930319483024,0.3495977777176622,0.26323180425695175,0.35805743701971615,-0.6027577756035978
1,0.5332038002921071,0.5302366008067538,0.5039030679808495,0.6048151521014654,0.5513114450219151,0.5792215150171017,0.5401284427598745,0.5331722979664104,0.5022061121464596,0.4822054512144426,0.5302366008067533,0.42935512137758475,0.5726655263125613,0.617354125280352,0.45801369316152585,0.3105478105218893,0.23741311083914668,0.19974967365082172,0.17312600538262565,0.35805743701971615,0.16672023580525058
1,-1.0308606805647367,-1.0899307905472153,-1.1671423921269335,-1.0651143406022276,-1.082978285105338,-1.033070587601834,-1.0283193649501832,-1.0018117871196532,-0.9875075808416568,-0.9668329010875493,-1.0899307905472158,-1.2424701300041612,-1.0364119276688841,-0.8842351632897464,-0.8455181631843429,-0.8802141064591534,-0.9016957123685825,-0.884677395253945,-0.8540801017846916,0.35805743701971615,-1.11574311654283
1,-1.0308606805647367,-1.0899307905472153,-1.0911857803038525,-1.0651143406022276,-1.042982071451646,-1.0274454952246201,-1.0079176241533578,-0.993625341602948,-0.9750389955657329,-0.9586052837985561,-1.0899307905472158,-1.1031513590556823,-1.0364119276688841,-0.9854659018450339,-0.8608538320825296,-0.8580809853256769,-0.8879715096793328,-0.8886207664135987,-0.8901224213344221,0.35805743701971615,-0.859250446073214
1,1.315236040720529,1.3403202964837384,1.4343715628135925,1.4154605369090834,1.3967869614235735,1.4103289137504564,1.3982629541790295,1.4102461992236894,1.4045322071776134,1.408921439769149,1.3403202964837377,1.5439052889654152,1.5294142827339612,1.2922257156489356,1.0944439524362735,1.1825927831808685,1.4314187448038749,1.6114765488068452,1.614818787371843,0.35805743701971615,0.16672023580525058
1,1.315236040720529,1.3403202964837384,1.4343715628135925,1.4154605369090834,1.3967869614235735,1.4103289137504564,1.3982629541790295,1.4102461992236894,1.4045322071776134,1.408921439769149,1.3403202964837377,1.5439052889654152,1.5294142827339612,1.2922257156489356,1.0944439524362735,1.1825927831808685,1.4314187448038749,1.6114765488068452,1.614818787371843,0.35805743701971615,0.16672023580525058
1,-0.2488284401363148,-0.27984709487023074,-0.3885871209403528,-0.4165980327561332,-0.46581448831017214,-0.479702124993416,-0.5048757769255424,-0.5169820712376858,-0.5319926339021045,-0.5419883010903318,-0.2798470948702312,-0.4065575043132882,-0.47106038978351145,-0.49618399882781083,-0.4161194340351156,-0.2914730843086751,-0.18117507118297066,-0.12755013260043513,-0.13323371079008303,0.35805743701971615,-0.3462651051339817
1,-0.2488284401363148,-0.27984709487023074,-0.3885871209403528,-0.4165980327561332,-0.46581448831017214,-0.479702124993416,-0.5048757769255424,-0.5169820712376858,-0.5319926339021045,-0.5419883010903318,-0.2798470948702312,-0.4065575043132882,-0.47106038978351145,-0.49618399882781083,-0.4161194340351156,-0.2914730843086751,-0.18117507118297066,-0.12755013260043513,-0.13323371079008303,0.35805743701971615,-0.3462651051339817
0,0.5332038002921071,0.5302366008067538,0.42794645615776844,0.41026025974763713,0.3363317966333199,0.31976412911811036,0.2751983104770856,0.25311614309905367,0.22018162198868263,0.19516349125454288,0.5302366008067533,0.42935512137758475,0.35522262712587943,0.2630465403368457,0.24331432858691215,0.38580042237570983,0.5839492287427028,0.7045011820864949,0.7137607986285821,0.35805743701971615,0.16672023580525058
1,1.315236040720529,1.3403202964837384,1.0166101977866466,1.1884798291629504,1.0868163056074596,1.1466527085685545,1.1107739077893566,1.1244871272548076,1.1052957174680182,1.1009933774877552,1.3403202964837377,0.8473114342230212,1.007551324685925,1.4778154030002961,1.7155385428128345,1.7978935506915188,1.856869028170617,1.8953992723019115,1.9031573437696865,0.35805743701971615,0.16672023580525058
1,1.315236040720529,1.3403202964837384,1.0166101977866466,1.1884798291629504,1.0868163056074596,1.1466527085685545,1.1107739077893566,1.1244871272548076,1.1052957174680182,1.1009933774877552,1.3403202964837377,0.8473114342230212,1.007551324685925,1.4778154030002961,1.7155385428128345,1.7978935506915188,1.856869028170617,1.8953992723019115,1.9031573437696865,0.35805743701971615,0.16672023580525058
1,1.315236040720529,1.3403202964837384,1.0166101977866466,1.1884798291629504,1.0868163056074596,1.1466527085685545,1.1107739077893566,1.1244871272548076,1.1052957174680182,1.1009933774877552,1.3403202964837377,0.8473114342230212,1.007551324685925,1.4778154030002961,1.7155385428128345,1.7978935506915188,1.856869028170617,1.8953992723019115,1.9031573437696865,0.35805743701971615,0.16672023580525058
1,1.315236040720529,1.3403202964837384,1.0166101977866466,1.1884798291629504,1.0868163056074596,1.1466527085685545,1.1107739077893566,1.1244871272548076,1.1052957174680182,1.1009933774877552,1.3403202964837377,0.8473114342230212,1.007551324685925,1.4778154030002961,1.7155385428128345,1.7978935506915188,1.856869028170617,1.8953992723019115,1.9031573437696865,0.35805743701971615,0.16672023580525058
1,1.315236040720529,1.3403202964837384,1.0166101977866466,1.1884798291629504,1.0868163056074596,1.1466527085685545,1.1107739077893566,1.1244871272548076,1.1052957174680182,1.1009933774877552,1.3403202964837377,0.8473114342230212,1.007551324685925,1.4778154030002961,1.7155385428128345,1.7978935506915188,1.856869028170617,1.8953992723019115,1.9031573437696865,0.35805743701971615,0.16672023580525058
1,1.315236040720529,1.3403202964837384,1.0166101977866466,1.1884798291629504,1.0868163056074596,1.1466527085685545,1.1107739077893566,1.1244871272548076,1.1052957174680182,1.1009933774877552,1.3403202964837377,0.8473114342230212,1.007551324685925,1.4778154030002961,1.7155385428128345,1.7978935506915188,1.856869028170617,1.8953992723019115,1.9031573437696865,0.35805743701971615,0.16672023580525058
1,1.315236040720529,1.3403202964837384,1.0166101977866466,1.1884798291629504,1.0868163056074596,1.1466527085685545,1.1107739077893566,1.1244871272548076,1.1052957174680182,1.1009933774877552,1.3403202964837377,0.8473114342230212,1.007551324685925,1.4778154030002961,1.7155385428128345,1.7978935506915188,1.856869028170617,1.8953992723019115,1.9031573437696865,0.35805743701971615,0.16672023580525058
1,1.315236040720529,1.3403202964837384,1.0166101977866466,1.1884798291629504,1.0868163056074596,1.1466527085685545,1.1107739077893566,1.1244871272548076,1.1052957174680182,1.1009933774877552,1.3403202964837377,0.8473114342230212,1.007551324685925,1.4778154030002961,1.7155385428128345,1.7978935506915188,1.856869028170617,1.8953992723019115,1.9031573437696865,0.35805743701971615,0.16672023580525058
1,0.5332038002921071,0.5302366008067538,0.2000766206885253,0.36162153665918007,0.24800682481474978,0.2860135748548269,0.23417545532647988,0.22644120826934047,0.1920779277362043,0.17076983973728965,0.5302366008067533,0.011398808532148294,0.13777972793919763,0.5329951764842791,0.6957165610834195,0.6779576213376013,0.631983938155077,0.6611240993303042,0.7678242779531778,0.35805743701971615,0.6797055767444828
1,0.5332038002921071,0.5302366008067538,0.2000766206885253,0.36162153665918007,0.24800682481474978,0.2860135748548269,0.23417545532647988,0.22644120826934047,0.1920779277362043,0.17076983973728965,0.5302366008067533,0.011398808532148294,0.13777972793919763,0.5329951764842791,0.6957165610834195,0.6779576213376013,0.631983938155077,0.6611240993303042,0.7678242779531778,0.35805743701971615,0.6797055767444828
1,0.5332038002921071,0.5302366008067538,0.2000766206885253,0.36162153665918007,0.24800682481474978,0.2860135748548269,0.23417545532647988,0.22644120826934047,0.1920779277362043,0.17076983973728965,0.5302366008067533,0.011398808532148294,0.13777972793919763,0.5329951764842791,0.6957165610834195,0.6779576213376013,0.631983938155077,0.6611240993303042,0.7678242779531778,0.35805743701971615,0.6797055767444828
1,-0.2488284401363148,-0.27984709487023074,-0.540500344586515,-0.40038512505998086,-0.484146086234781,-0.4487641169187396,-0.48337716834394157,-0.4836537331228602,-0.5022132943110631,-0.5103022902958141,-0.2798470948702312,-0.6851950462102459,-0.5580375494581842,-0.2937225217172358,-0.14774522831684847,-0.14982110905442467,-0.20176137521684528,-0.16698384419697213,-0.04312791191575694,0.35805743701971615,-0.08977243466436556
1,-0.2488284401363148,-0.27984709487023074,-0.46454373276343386,-0.40038512505998086,-0.4508159081900376,-0.44313902454152565,-0.4672897741672334,-0.4758658785863692,-0.4916497202755588,-0.5022550915736225,-0.2798470948702312,-0.545876275261767,-0.5145489696208478,-0.3612096807540941,-0.23975924170596863,-0.20294059977476858,-0.17774402051065824,-0.13543687491974254,-0.11521255101521781,0.35805743701971615,-0.6027577756035978
0,-0.2488284401363148,-0.27984709487023074,-0.540500344586515,-0.4328109404522856,-0.5124767375728129,-0.4846240808234782,-0.5167219490011183,-0.5175339664410591,-0.5342990354707731,-0.5413634691420707,-0.2798470948702312,-0.6851950462102459,-0.6015261292955205,-0.31059431147645034,-0.15541306276594183,-0.14539448482772935,-0.18803717252759555,-0.1748705865162795,-0.07917023146548738,0.35805743701971615,-0.859250446073214
1,0.5332038002921071,0.5302366008067538,0.27603323251160633,0.36162153665918007,0.26800493164159583,0.28531043830767516,0.23790480579471676,0.22570534799817596,0.1922499521625967,0.1700654113624984,0.5302366008067533,0.1507175794806271,0.181268307776534,0.3980208584105624,0.5500277065506459,0.6513978759774294,0.7040360022736382,0.716331295565456,0.7498031181783126,0.35805743701971615,0.6797055767444828
1,1.315236040720529,1.3403202964837384,1.4723498687251328,1.447886352301388,1.4767793887309577,1.4834551146542372,1.4940195117899353,1.505601426028756,1.5107795899376064,1.518159575539037,1.3403202964837377,1.5439052889654152,1.5294142827339612,1.359712874685794,1.217129303621767,1.2224324012211265,1.2564351605159405,1.236856288639744,1.1823109527750777,0.35805743701971615,1.4491835881533313
0,0.5332038002921071,0.5302366008067538,0.27603323251160633,0.36162153665918007,0.25633936932593565,0.2726539804589439,0.22064741931424803,0.20767677135464566,0.17299595895675005,0.1505417345417775,0.5302366008067533,0.1507175794806271,0.22475688761387033,0.414892648169777,0.5116885343051792,0.5584387672168275,0.5702250260534532,0.5585964491793082,0.5515703606547951,0.35805743701971615,0.4232129062748667
0,0.5332038002921071,0.5302366008067538,0.27603323251160633,0.36162153665918007,0.25633936932593565,0.2726539804589439,0.22064741931424803,0.20767677135464566,0.17299595895675005,0.1505417345417775,0.5302366008067533,0.1507175794806271,0.22475688761387033,0.414892648169777,0.5116885343051792,0.5584387672168275,0.5702250260534532,0.5585964491793082,0.5515703606547951,0.35805743701971615,0.4232129062748667
0,-0.2488284401363148,-0.27984709487023074,-0.46454373276343386,-0.4165980327561332,-0.47581354172359513,-0.4719676229747469,-0.4986601928118143,-0.5072932443340198,-0.5228179978278427,-0.5324194840143068,-0.2798470948702312,-0.545876275261767,-0.5145489696208478,-0.3949532602725233,-0.293434082849622,-0.23392696936163584,-0.20519242588915773,-0.194587442314548,-0.18729719011467866,0.35805743701971615,-0.6027577756035978
1,1.315236040720529,1.3403202964837384,1.0925668096097276,1.2371185522514074,1.1318120459678631,1.1867314917562035,1.1477749143957854,1.1616174101039831,1.1422076994792931,1.1389675059781497,1.3403202964837377,0.9866302051715,1.138017064197934,1.4272000337226523,1.5161748471364076,1.625255205850401,1.7813859133797436,1.9072293857808724,2.0293054621937427,0.35805743701971615,1.192690917683715
1,1.315236040720529,1.3403202964837384,1.0925668096097276,1.2371185522514074,1.1318120459678631,1.1867314917562035,1.1477749143957854,1.1616174101039831,1.1422076994792931,1.1389675059781497,1.3403202964837377,0.9866302051715,1.138017064197934,1.4272000337226523,1.5161748471364076,1.625255205850401,1.7813859133797436,1.9072293857808724,2.0293054621937427,0.35805743701971615,1.192690917683715
1,1.315236040720529,1.3403202964837384,1.0925668096097276,1.2371185522514074,1.1318120459678631,1.1867314917562035,1.1477749143957854,1.1616174101039831,1.1422076994792931,1.1389675059781497,1.3403202964837377,0.9866302051715,1.138017064197934,1.4272000337226523,1.5161748471364076,1.625255205850401,1.7813859133797436,1.9072293857808724,2.0293054621937427,0.35805743701971615,1.192690917683715
1,1.315236040720529,1.3403202964837384,1.0925668096097276,1.2371185522514074,1.1318120459678631,1.1867314917562035,1.1477749143957854,1.1616174101039831,1.1422076994792931,1.1389675059781497,1.3403202964837377,0.9866302051715,1.138017064197934,1.4272000337226523,1.5161748471364076,1.625255205850401,1.7813859133797436,1.9072293857808724,2.0293054621937427,0.35805743701971615,1.192690917683715
1,1.315236040720529,1.3403202964837384,1.0925668096097276,1.2371185522514074,1.1318120459678631,1.1867314917562035,1.1477749143957854,1.1616174101039831,1.1422076994792931,1.1389675059781497,1.3403202964837377,0.9866302051715,1.138017064197934,1.4272000337226523,1.5161748471364076,1.625255205850401,1.7813859133797436,1.9072293857808724,2.0293054621937427,0.35805743701971615,1.192690917683715
1,0.5332038002921071,0.5302366008067538,0.27603323251160633,0.3778344443553324,0.26800493164159583,0.2902323941377373,0.23746605868080653,0.22607327813375822,0.19130063217991267,0.16917393138536144,0.5302366008067533,0.1507175794806271,0.22475688761387033,0.4317644379289916,0.5116885343051792,0.5628653914435229,0.631983938155077,0.7005578109268412,0.7768348578406103,0.35805743701971615,-0.08977243466436556
1,0.5332038002921071,0.5302366008067538,0.27603323251160633,0.3778344443553324,0.26800493164159583,0.2902323941377373,0.23746605868080653,0.22607327813375822,0.19130063217991267,0.16917393138536144,0.5302366008067533,0.1507175794806271,0.22475688761387033,0.4317644379289916,0.5116885343051792,0.5628653914435229,0.631983938155077,0.7005578109268412,0.7768348578406103,0.35805743701971615,-0.08977243466436556
0,-0.2488284401363148,-0.27984709487023074,-0.3885871209403528,-0.3679593096676761,-0.4374838369721402,-0.43610765907000826,-0.47109224915445536,-0.4798517883885102,-0.49910411208589656,-0.5092569238940523,-0.2798470948702312,-0.4065575043132882,-0.3840832301088387,-0.4624404193093817,-0.45445860628058227,-0.3401659508023237,-0.20176137521684528,-0.12360676144078145,-0.09719139124035259,0.35805743701971615,-0.3462651051339817
1,-0.2488284401363148,-0.27984709487023074,-0.46454373276343386,-0.4165980327561332,-0.4858125951370182,-0.47267075952189863,-0.5038520336597518,-0.5079677829159206,-0.5250129020831088,-0.5330350297128061,-0.2798470948702312,-0.545876275261767,-0.5145489696208478,-0.3949532602725233,-0.30876975174780874,-0.2073672240014639,-0.14000246311522144,-0.11966339028112775,-0.061149071690622156,0.35805743701971615,0.4232129062748667
1,-0.2488284401363148,-0.27984709487023074,-0.46454373276343386,-0.4165980327561332,-0.4858125951370182,-0.47267075952189863,-0.5038520336597518,-0.5079677829159206,-0.5250129020831088,-0.5330350297128061,-0.2798470948702312,-0.545876275261767,-0.5145489696208478,-0.3949532602725233,-0.30876975174780874,-0.2073672240014639,-0.14000246311522144,-0.11966339028112775,-0.061149071690622156,0.35805743701971615,0.4232129062748667
1,-0.2488284401363148,-0.27984709487023074,-0.46454373276343386,-0.4165980327561332,-0.4858125951370182,-0.47267075952189863,-0.5038520336597518,-0.5079677829159206,-0.5250129020831088,-0.5330350297128061,-0.2798470948702312,-0.545876275261767,-0.5145489696208478,-0.3949532602725233,-0.30876975174780874,-0.2073672240014639,-0.14000246311522144,-0.11966339028112775,-0.061149071690622156,0.35805743701971615,0.4232129062748667
1,1.315236040720529,1.3403202964837384,1.2065017273443492,1.2695443676437121,1.2534671958311767,1.2781392428859295,1.2716112872969454,1.2803668613631547,1.2733667676909275,1.2724294875553601,1.3403202964837377,1.1259489761199788,1.138017064197934,1.444071823481867,1.7002028739146477,1.7492006841978702,1.6029712784194967,1.394591135025892,1.2363744320996735,0.35805743701971615,1.9621689290925635
1,1.315236040720529,1.3403202964837384,1.2065017273443492,1.2695443676437121,1.2534671958311767,1.2781392428859295,1.2716112872969454,1.2803668613631547,1.2733667676909275,1.2724294875553601,1.3403202964837377,1.1259489761199788,1.138017064197934,1.444071823481867,1.7002028739146477,1.7492006841978702,1.6029712784194967,1.394591135025892,1.2363744320996735,0.35805743701971615,1.9621689290925635
1,0.5332038002921071,0.5302366008067538,0.27603323251160633,0.32919572126687535,0.25967238713040997,0.26070065915736435,0.2219636606559787,0.20445738266830096,0.173531146061082,0.1499076163437545,0.5302366008067533,0.1507175794806271,0.09429114810186126,0.3811490686513478,0.6497095543888595,0.72665048783125,0.6525702421889517,0.5743699338179229,0.5515703606547951,0.35805743701971615,0.9361982472140989
1,0.5332038002921071,0.5302366008067538,0.27603323251160633,0.32919572126687535,0.25967238713040997,0.26070065915736435,0.2219636606559787,0.20445738266830096,0.173531146061082,0.1499076163437545,0.5302366008067533,0.1507175794806271,0.09429114810186126,0.3811490686513478,0.6497095543888595,0.72665048783125,0.6525702421889517,0.5743699338179229,0.5515703606547951,0.35805743701971615,0.9361982472140989
0,-0.2488284401363148,-0.27984709487023074,-0.3885871209403528,-0.4328109404522856,-0.4174857301452941,-0.45720175548456043,-0.4567598434333881,-0.48113954386304814,-0.488961042203796,-0.5044121547325878,-0.2798470948702312,-0.4065575043132882,-0.6450147091328569,-0.42869683979095247,-0.19375223501140854,-0.14982110905442467,-0.20176137521684528,-0.1748705865162795,-0.07917023146548738,0.35805743701971615,-0.6027577756035978
1,-0.2488284401363148,-0.27984709487023074,-0.46454373276343386,-0.4652367558445903,-0.4908121218437297,-0.5022024945022716,-0.5167219490011183,-0.52829592290684,-0.5399567277165679,-0.5495539414320164,-0.2798470948702312,-0.545876275261767,-0.6450147091328569,-0.42869683979095247,-0.17841656611322185,-0.09227499410738542,-0.15372666580447117,-0.22219104043212387,-0.23235008955184172,0.35805743701971615,-0.6027577756035978
1,-0.2488284401363148,-0.27984709487023074,-0.46454373276343386,-0.4652367558445903,-0.4908121218437297,-0.5022024945022716,-0.5167219490011183,-0.52829592290684,-0.5399567277165679,-0.5495539414320164,-0.2798470948702312,-0.545876275261767,-0.6450147091328569,-0.42869683979095247,-0.17841656611322185,-0.09227499410738542,-0.15372666580447117,-0.22219104043212387,-0.23235008955184172,0.35805743701971615,-0.6027577756035978
1,-1.0308606805647367,-0.684888942708723,-1.0911857803038525,-0.9840498021214658,-1.0413155625494088,-1.006351398810068,-1.006089511178732,-0.9858579276295449,-0.9726306535962391,-0.9544675962261006,-0.6848889427087235,-1.1031513590556823,-1.2973434066929024,-1.1373120096779652,-0.8608538320825296,-0.7606952523383796,-0.819350496233084,-0.8767906529346375,-0.8721012615595569,0.35805743701971615,-0.3462651051339817
0,-0.2488284401363148,-0.27984709487023074,-0.46454373276343386,-0.4652367558445903,-0.49747815745267837,-0.5120464061623959,-0.5263743855071432,-0.5398857221776808,-0.5504438464514533,-0.5605409015073857,-0.2798470948702312,-0.545876275261767,-0.6450147091328569,-0.42869683979095247,-0.1860844005623152,-0.12768798792094804,-0.19489927387222042,-0.23796452507073865,-0.23235008955184172,0.35805743701971615,-0.08977243466436556
0,-0.2488284401363148,-0.27984709487023074,-0.46454373276343386,-0.4652367558445903,-0.49747815745267837,-0.5120464061623959,-0.5263743855071432,-0.5398857221776808,-0.5504438464514533,-0.5605409015073857,-0.2798470948702312,-0.545876275261767,-0.6450147091328569,-0.42869683979095247,-0.1860844005623152,-0.12768798792094804,-0.19489927387222042,-0.23796452507073865,-0.23235008955184172,0.35805743701971615,-0.08977243466436556
0,-0.2488284401363148,-0.27984709487023074,-0.46454373276343386,-0.4652367558445903,-0.49747815745267837,-0.5120464061623959,-0.5263743855071432,-0.5398857221776808,-0.5504438464514533,-0.5605409015073857,-0.2798470948702312,-0.545876275261767,-0.6450147091328569,-0.42869683979095247,-0.1860844005623152,-0.12768798792094804,-0.19489927387222042,-0.23796452507073865,-0.23235008955184172,0.35805743701971615,-0.08977243466436556
1,0.5332038002921071,0.5302366008067538,0.38996815024622794,0.41026025974763713,0.386327063700435,0.371796233607339,0.3487981388355253,0.325843666565812,0.2997110628199139,0.27410324726575425,0.5302366008067533,0.2900363504291059,0.22475688761387033,0.44863622768820616,0.6343738854906728,0.6071316337104761,0.4775866579010173,0.3495977777176622,0.24521064448208651,0.35805743701971615,1.192690917683715
1,0.5332038002921071,0.5302366008067538,0.38996815024622794,0.47511189053224656,0.40132564382056957,0.41890638226650545,0.3753423392270937,0.3635565054629927,0.33086978345962037,0.30870646709259963,0.5302366008067533,0.2900363504291059,0.35522262712587943,0.4992515969658499,0.5346920376524593,0.5008926522697883,0.4295519484886432,0.37720137583523805,0.38937992268100824,0.35805743701971615,0.9361982472140989
1,-1.0308606805647367,-1.0899307905472153,-1.0911857803038525,-1.08132724829838,-1.0496481070605945,-1.0365862703375928,-1.0148644534569364,-0.9997268496846871,-0.9807253585492598,-0.9634221942107352,-1.0899307905472158,-1.1031513590556823,-1.1233890873435568,-0.9517223223266047,-0.8378503287352496,-0.818241367285419,-0.8673852056454582,-0.8728472817749838,-0.7910060425726634,0.35805743701971615,-0.6027577756035978
0,-0.2488284401363148,-0.27984709487023074,-0.42656542685189336,-0.35174640197152374,-0.4141527123408198,-0.39743514897666266,-0.4292284620355217,-0.43511761607063487,-0.45461349840077836,-0.46542847823237005,-0.2798470948702312,-0.545876275261767,-0.47106038978351145,-0.2937225217172358,-0.21675573835868858,-0.2604867147218078,-0.3492965541262801,-0.38781262913757913,-0.36750878786333085,0.35805743701971615,0.4232129062748667
1,1.315236040720529,1.3403202964837384,1.3963932569020518,1.399247629212931,1.4284506305660798,1.4440794680137399,1.4532160301962846,1.4673060310835702,1.4699906870574508,1.477147516769411,1.3403202964837377,1.4045865180169366,1.3989485432219522,1.4778154030002961,1.531510516034594,1.461470109462674,1.290745667239065,1.1146117826904793,1.0201205148012908,0.35805743701971615,1.4491835881533313
1,1.315236040720529,1.3403202964837384,1.3963932569020518,1.399247629212931,1.4284506305660798,1.4440794680137399,1.4532160301962846,1.4673060310835702,1.4699906870574508,1.477147516769411,1.3403202964837377,1.4045865180169366,1.3989485432219522,1.4778154030002961,1.531510516034594,1.461470109462674,1.290745667239065,1.1146117826904793,1.0201205148012908,0.35805743701971615,1.4491835881533313
1,0.5332038002921071,0.5302366008067538,0.38996815024622794,0.4264731674437895,0.386327063700435,0.3781244625317046,0.34894438787349535,0.32786728231151435,0.2998671590586774,0.2748076756405455,0.5302366008067533,0.2900363504291059,0.2682454674512067,0.4992515969658499,0.5960347132452061,0.47875953113631164,0.3677930363870193,0.31016406612112524,0.28125296403181693,0.35805743701971615,0.6797055767444828
1,0.5332038002921071,0.5302366008067538,0.38996815024622794,0.4264731674437895,0.386327063700435,0.3781244625317046,0.34894438787349535,0.32786728231151435,0.2998671590586774,0.2748076756405455,0.5302366008067533,0.2900363504291059,0.2682454674512067,0.4992515969658499,0.5960347132452061,0.47875953113631164,0.3677930363870193,0.31016406612112524,0.28125296403181693,0.35805743701971615,0.6797055767444828
1,0.5332038002921071,0.5302366008067538,0.38996815024622794,0.4264731674437895,0.386327063700435,0.3781244625317046,0.34894438787349535,0.32786728231151435,0.2998671590586774,0.2748076756405455,0.5302366008067533,0.2900363504291059,0.2682454674512067,0.4992515969658499,0.5960347132452061,0.47875953113631164,0.3677930363870193,0.31016406612112524,0.28125296403181693,0.35805743701971615,0.6797055767444828
0,-1.0308606805647367,-1.0899307905472153,-0.7873593330115284,-1.129965971386837,-0.8846637257391146,-1.046430181997717,-0.9332574902696351,-0.9876464768997365,-0.9350337595169205,-0.9442752738089233,-1.0899307905472158,-0.545876275261767,-1.2103662470182297,-1.1373120096779652,-0.9375321765734631,-0.9643199667663647,-0.9085578137132074,-0.8294701990187932,-0.8360589420098264,0.35805743701971615,-0.859250446073214
1,-0.2488284401363148,-0.27984709487023074,-0.3126305091172718,-0.497662571236895,-0.44081685477661453,-0.5296248198411895,-0.5078007576849439,-0.5467844122198481,-0.5444675904530799,-0.5628810364473702,-0.2798470948702312,-0.26723873336480936,-0.6450147091328569,-0.5974147373830984,-0.3241054206459954,-0.20294059977476858,-0.14000246311522144,-0.13543687491974254,-0.21432892977697648,0.35805743701971615,-0.08977243466436556
1,-0.2488284401363148,-0.27984709487023074,-0.3126305091172718,-0.497662571236895,-0.44081685477661453,-0.5296248198411895,-0.5078007576849439,-0.5467844122198481,-0.5444675904530799,-0.5628810364473702,-0.2798470948702312,-0.26723873336480936,-0.6450147091328569,-0.5974147373830984,-0.3241054206459954,-0.20294059977476858,-0.14000246311522144,-0.13543687491974254,-0.21432892977697648,0.35805743701971615,-0.08977243466436556
1,-0.2488284401363148,-0.27984709487023074,-0.3126305091172718,-0.497662571236895,-0.44081685477661453,-0.5296248198411895,-0.5078007576849439,-0.5467844122198481,-0.5444675904530799,-0.5628810364473702,-0.2798470948702312,-0.26723873336480936,-0.6450147091328569,-0.5974147373830984,-0.3241054206459954,-0.20294059977476858,-0.14000246311522144,-0.13543687491974254,-0.21432892977697648,0.35805743701971615,-0.08977243466436556
1,0.5332038002921071,0.5302366008067538,0.5039030679808495,0.539963521316856,0.5246473025861202,0.5236737277921144,0.49859371597637353,0.4823366175667961,0.45511601824030057,0.43225206053127035,0.5302366008067533,0.42935512137758475,0.44219978680055216,0.5498669662434937,0.5653633754488326,0.42564004041596776,0.22711995882220937,0.0932786523401719,0.07400962662086696,0.35805743701971615,0.9361982472140989
0,-0.2488284401363148,-0.27984709487023074,-0.42656542685189336,-0.3679593096676761,-0.40415365892739674,-0.3981382855238144,-0.42008789716239203,-0.4300585767063789,-0.44678957263744956,-0.45907535678816047,-0.2798470948702312,-0.545876275261767,-0.5145489696208478,-0.2599789421988066,-0.15541306276594183,-0.26491333894850316,-0.39046916219402933,-0.4390764542130772,-0.40355110741306127,0.35805743701971615,-0.3462651051339817
1,-1.0308606805647367,-1.0899307905472153,-1.1671423921269335,-1.0975401559945324,-1.0879778118120496,-1.0534615474692344,-1.037971801456208,-1.0156704888932513,-0.9976187943484994,-0.9774643304577508,-1.0899307905472158,-1.2424701300041612,-1.1233890873435568,-0.9011069530489609,-0.7688398186934094,-0.8138147430587236,-0.9154199150578323,-0.9398845914890968,-0.8901224213344221,0.35805743701971615,-0.6027577756035978
1,-1.0308606805647367,-1.0899307905472153,-1.1671423921269335,-1.0975401559945324,-1.0879778118120496,-1.0534615474692344,-1.037971801456208,-1.0156704888932513,-0.9976187943484994,-0.9774643304577508,-1.0899307905472158,-1.2424701300041612,-1.1233890873435568,-0.9011069530489609,-0.7688398186934094,-0.8138147430587236,-0.9154199150578323,-0.9398845914890968,-0.8901224213344221,0.35805743701971615,-0.6027577756035978
0,-2.5949251614215805,-2.7100981819011842,-2.268513263561609,-2.167592063940588,-1.9556734469102037,-1.8536309381279126,-1.723111982086512,-1.6314424519163242,-1.5333742164150383,-1.4521163943561686,-2.7100981819011847,-2.078382755695034,-1.732229205066266,-1.7109528614912612,-1.6583086147882375,-1.6770064672643121,-1.690837367000443,-1.62603117326884,-1.53888417322957,0.35805743701971615,-2.1417137984212946
1,1.315236040720529,1.3403202964837384,1.700219704194376,1.5289508907821499,1.6117666098121686,1.5769722754254183,1.6027556715206854,1.6079473254098857,1.6200628852596728,1.630015107134656,1.3403202964837377,1.9618616018108517,1.746857181920643,1.190994977093648,0.9104159256580332,0.9656881960727975,1.1363483869850053,1.2131960616818218,1.1462686332253473,0.35805743701971615,1.7056762586229475
1,1.315236040720529,1.3403202964837384,1.700219704194376,1.5289508907821499,1.6117666098121686,1.5769722754254183,1.6027556715206854,1.6079473254098857,1.6200628852596728,1.630015107134656,1.3403202964837377,1.9618616018108517,1.746857181920643,1.190994977093648,0.9104159256580332,0.9656881960727975,1.1363483869850053,1.2131960616818218,1.1462686332253473,0.35805743701971615,1.7056762586229475
1,-0.2488284401363148,-0.27984709487023074,-0.23667389729419072,-0.4165980327561332,-0.4058201678296339,-0.479702124993416,-0.48440091160973203,-0.516491497723576,-0.5250224589956861,-0.5412878525368671,-0.2798470948702312,-0.12791996241633052,-0.4275718099461751,-0.6311583169015276,-0.5694761230169825,-0.41984518688283956,-0.26352028731846916,-0.1827573288355869,-0.2053183498895439,0.35805743701971615,-0.6027577756035978
1,-0.2488284401363148,-0.27984709487023074,-0.23667389729419072,-0.4165980327561332,-0.4058201678296339,-0.479702124993416,-0.48440091160973203,-0.516491497723576,-0.5250224589956861,-0.5412878525368671,-0.2798470948702312,-0.12791996241633052,-0.4275718099461751,-0.6311583169015276,-0.5694761230169825,-0.41984518688283956,-0.26352028731846916,-0.1827573288355869,-0.2053183498895439,0.35805743701971615,-0.6027577756035978
1,-0.2488284401363148,-0.27984709487023074,-0.23667389729419072,-0.4165980327561332,-0.4058201678296339,-0.479702124993416,-0.48440091160973203,-0.516491497723576,-0.5250224589956861,-0.5412878525368671,-0.2798470948702312,-0.12791996241633052,-0.4275718099461751,-0.6311583169015276,-0.5694761230169825,-0.41984518688283956,-0.26352028731846916,-0.1827573288355869,-0.2053183498895439,0.35805743701971615,-0.6027577756035978
1,1.315236040720529,1.3403202964837384,1.5483064805482138,1.6100154292629116,1.6400972611502005,1.6873647133282412,1.7041793793529316,1.7373054289116787,1.7525790350572918,1.7753661416212434,1.3403202964837377,1.5439052889654152,1.7903457617579794,1.6634050903516566,1.2478006414181404,0.9435550749393209,0.7692259650475745,0.6374638723723821,0.5966232600919582,0.35805743701971615,1.192690917683715
1,1.315236040720529,1.3403202964837384,1.5483064805482138,1.6100154292629116,1.6400972611502005,1.6873647133282412,1.7041793793529316,1.7373054289116787,1.7525790350572918,1.7753661416212434,1.3403202964837377,1.5439052889654152,1.7903457617579794,1.6634050903516566,1.2478006414181404,0.9435550749393209,0.7692259650475745,0.6374638723723821,0.5966232600919582,0.35805743701971615,1.192690917683715
1,0.5332038002921071,0.5302366008067538,0.54188137389239,0.6372409674937701,0.579642096359947,0.6024250210731091,0.563930473689504,0.5549108368103951,0.5247795396541746,0.5042642742201466,0.5302366008067533,0.42935512137758475,0.659642685987234,0.6679694945579958,0.36599967977240566,0.12020296877399024,-0.006191486895036365,-0.07234293636528338,-0.061149071690622156,0.35805743701971615,0.9361982472140989
1,-1.0308606805647367,-1.0899307905472153,-1.053207474392312,-0.9840498021214658,-0.9929868043845308,-0.9620537963395085,-0.9588876341738907,-0.942084461776801,-0.9314053183750509,-0.9165863302333246,-1.0899307905472158,-1.1031513590556823,-0.8624576083195387,-0.8673633735305318,-0.9758713488189298,-1.0395725786201853,-1.0355066885887676,-1.0187520146821707,-0.9892388000961808,0.35805743701971615,-1.3722357870124462
0,-0.2488284401363148,-0.27984709487023074,-0.3885871209403528,-0.27068186349076195,-0.35749140966475595,-0.3257152211671854,-0.3670360586387477,-0.37045389474205426,-0.39408319977333095,-0.4060455642196005,-0.2798470948702312,-0.545876275261767,-0.297106070434166,-0.15874820364351905,-0.27809841395143536,-0.45525818069640217,-0.5585906451373388,-0.584981187120264,-0.5387098057245504,0.35805743701971615,-0.859250446073214
0,-1.8128929209931586,-1.9000144862241999,-1.5659146041981091,-1.6163532022714078,-1.4934949780230946,-1.4697183833830634,-1.399590828966962,-1.3555663922004437,-1.2997038811336519,-1.2522179287685142,-1.9000144862242,-1.3817889009526398,-1.2973434066929024,-1.4916195946214716,-1.5202875947045573,-1.4512486317028506,-1.3580254517861368,-1.3026747381772368,-1.2685667766065916,0.35805743701971615,-1.3722357870124462
1,-0.2488284401363148,-0.27984709487023074,-0.23667389729419072,-0.30310767888306667,-0.31082916040211517,-0.33837167901591664,-0.3550436375252017,-0.3742558394764042,-0.3911396706995053,-0.40708562419292693,-0.2798470948702312,-0.26723873336480936,-0.297106070434166,-0.3949532602725233,-0.40078376513692887,-0.44640493224301153,-0.48996963169109004,-0.5140005062464974,-0.5206886459496852,0.35805743701971615,-1.6287284574820624
1,-1.8128929209931586,-1.0899307905472153,-1.5659146041981091,-1.4542241253098842,-1.5001610136320433,-1.43596782911978,-1.4025158097263637,-1.3483713139935019,-1.3006340872911812,-1.25066314523696,-1.0899307905472158,-1.3817889009526398,-1.732229205066266,-1.8121836000465488,-1.535623263602744,-1.3007434079952094,-1.1933350195151398,-1.1922603457069334,-1.2325244570568612,0.35805743701971615,-0.859250446073214
1,-0.2488284401363148,-0.27984709487023074,-0.16071728547110967,-0.2868947711869143,-0.25250134882381414,-0.31235562677130235,-0.3123389184379401,-0.34476010694056036,-0.35632702381772297,-0.3775659628071362,-0.2798470948702312,-0.12791996241633052,-0.25361749059682964,-0.42869683979095247,-0.5004656129751424,-0.48624455028326946,-0.4762454290018403,-0.5061137639271901,-0.5206886459496852,0.35805743701971615,-0.3462651051339817
1,-0.2488284401363148,-0.27984709487023074,-0.00880406182494758,-0.22204314040230488,-0.14584477908063515,-0.23712001622606635,-0.22729510285834212,-0.27071416715463237,-0.2811109361964051,-0.3072902778237246,-0.2798470948702312,0.1507175794806271,-0.07966317124748419,-0.52992757834624,-0.6998293086515693,-0.5969101559506526,-0.47281437832952783,-0.4745667946499605,-0.5116780660622525,0.35805743701971615,-0.6027577756035978
1,0.5332038002921071,0.5302366008067538,0.7697512093616332,0.8480087675437509,0.8596155919357918,0.8787576841037422,0.8635216279712005,0.8581159293748019,0.838201673266092,0.8226831455182056,0.5302366008067533,0.7079926632745424,0.9640627448485886,0.786072022872498,0.24331432858691215,-0.13654123637433868,-0.3115549967308433,-0.4035861137761939,-0.40355110741306127,0.35805743701971615,0.4232129062748667
1,-1.0308606805647367,-1.0899307905472153,-1.0152291684807715,-0.902985263640704,-0.9246599393928068,-0.8776774106812999,-0.8847759341825556,-0.8664748189146485,-0.8628854408329338,-0.8512801154796078,-1.0899307905472158,-1.1031513590556823,-0.775480448644866,-0.7998762144936734,-0.9221965076752764,-1.0838388208871386,-1.1555934621197028,-1.1370531494717815,-1.1063763386328047,0.35805743701971615,-1.11574311654283
1,1.315236040720529,1.3403202964837384,2.1559593751328623,1.8207832293128925,2.1317173873101662,2.036823577262655,2.1722494253761533,2.176951280087837,2.2524629043284774,2.286685626007853,1.3403202964837377,2.5191366856047672,2.1817429802940067,1.3259692951673647,0.8797445878616599,0.6381180032973434,0.29917202294077055,-0.064456194045976,-0.2053183498895439,0.35805743701971615,1.7056762586229475
1,-0.2488284401363148,-0.27984709487023074,-0.16071728547110967,-0.2868947711869143,-0.2791654912596089,-0.33415285973300624,-0.34670744236090745,-0.3756049166402058,-0.3909995026483707,-0.40998293411862197,-0.2798470948702312,-0.12791996241633052,-0.25361749059682964,-0.42869683979095247,-0.5004656129751424,-0.5349374167769181,-0.6272116585835875,-0.7584895181450266,-0.8090272023475287,0.35805743701971615,-0.3462651051339817
1,-0.2488284401363148,-0.27984709487023074,-0.16071728547110967,-0.2868947711869143,-0.2791654912596089,-0.33415285973300624,-0.34670744236090745,-0.3756049166402058,-0.3909995026483707,-0.40998293411862197,-0.2798470948702312,-0.12791996241633052,-0.25361749059682964,-0.42869683979095247,-0.5004656129751424,-0.5349374167769181,-0.6272116585835875,-0.7584895181450266,-0.8090272023475287,0.35805743701971615,-0.3462651051339817
0,-1.8128929209931586,-1.9000144862241999,-1.186131545082704,-1.6812048330560172,-1.303512963168057,-1.5055783472878022,-1.3210550955770324,-1.3692411289062507,-1.2678220207755921,-1.2556339420737639,-1.9000144862242,-0.6851950462102459,-1.4712977260422477,-1.6097221229359737,-1.5892981047463974,-1.5574876131435385,-1.4712501239724471,-1.3894289036896181,-1.3406514157060525,0.35805743701971615,-0.859250446073214
1,1.315236040720529,1.3403202964837384,1.8141546219289977,1.7235057831359784,1.8817410519745905,1.8786178541535141,1.948963706655343,1.9759081218367684,2.0186848944987195,2.050338630104964,1.3403202964837377,1.9618616018108517,2.0077886609446614,1.5790461415555836,1.102111786885367,0.7664901058715079,0.5462076713472661,0.40086160279316024,0.24521064448208651,0.35805743701971615,0.9361982472140989
1,-0.2488284401363148,-0.27984709487023074,-0.3126305091172718,-0.2544689557946096,-0.309162651499878,-0.2940740765453571,-0.3287188106905884,-0.3364510180453279,-0.35962415865691083,-0.3733752109503273,-0.2798470948702312,-0.4065575043132882,-0.21012891075949328,-0.2093635729211628,-0.40078376513692887,-0.5216575440968321,-0.5585906451373388,-0.5573775890026881,-0.6017838649365786,0.35805743701971615,-0.08977243466436556
1,-1.0308606805647367,-1.0899307905472153,-1.129164086215393,-1.0002627098176182,-1.0263169824292742,-0.9711945714524811,-0.9727812927810476,-0.9483086132370675,-0.9386908713965221,-0.9214934499289043,-1.0899307905472158,-1.2424701300041612,-0.9059461881568751,-0.7492608452160296,-0.9068608387770897,-1.0439992028468805,-1.0801103473288294,-1.0345254993207855,-1.0162705397584786,0.35805743701971615,-0.3462651051339817
0,-1.8128929209931586,-1.9000144862241999,-1.6418712160211901,-1.6487790176637125,-1.526825156067838,-1.4879999336090086,-1.4140694837259995,-1.3652245582594777,-1.3072538420697632,-1.2580152018341222,-1.9000144862242,-1.5211076719011187,-1.384320566367575,-1.3903888560661841,-1.4742805880099972,-1.4069823894358973,-1.3340080970799497,-1.2790145112193148,-1.2505456168317264,0.35805743701971615,-1.8852211279516784
1,-0.2488284401363148,-0.27984709487023074,-0.23667389729419072,-0.18961732501000017,-0.2358362598014424,-0.22376042183018333,-0.25822677438901276,-0.2680773345162929,-0.29277036954077945,-0.3086686226098039,-0.2798470948702312,-0.26723873336480936,-0.07966317124748419,-0.2768507319580212,-0.5081334474242357,-0.5260841683235273,-0.4625212263125905,-0.4509065676920383,-0.5296992258371178,0.35805743701971615,0.16672023580525058
1,1.315236040720529,1.3403202964837384,2.4597858224251867,2.1612542909320918,2.5716757375007795,2.5022999714771057,2.7034259312834616,2.742245272565334,2.872403895033935,2.9494903761523026,1.3403202964837377,2.7977742275017246,2.7470945181793796,1.5959179313147982,0.4733493620597125,-0.20294059977476858,-0.48310753034646514,-0.49034027928857526,-0.38552994763819604,0.35805743701971615,1.4491835881533313
1,-0.2488284401363148,-0.27984709487023074,0.14310916182121453,0.05357629043228523,0.12079664527731233,0.07085379142639502,0.06878607451207253,0.034882471291059015,0.015513330742046144,-0.012250203604660235,-0.2798470948702312,0.1507175794806271,0.3117340472885431,-0.12500462412508986,-0.738168480897036,-1.0661323239803573,-1.1418692594304531,-1.0897326955559372,-0.9892388000961808,0.35805743701971615,-0.6027577756035978
1,1.315236040720529,1.3403202964837384,3.523178387948321,2.7611318756897294,3.7382319690668,3.4845817278480844,4.013305439862429,4.045300508574508,4.406641969464943,4.57162575062216,1.3403202964837377,4.190961936986513,3.660354694763443,1.359712874685794,-0.3394410895441821,-1.1236784389273964,-1.399198059853886,-1.3578819344123887,-1.0342916995333438,0.35805743701971615,1.192690917683715
1,1.315236040720529,1.3403202964837384,1.5862847864597545,1.5451637984783022,1.6134331187144058,1.6191604682545226,1.6476175639180055,1.6649458355805027,1.6813545512557828,1.696563026142242,1.3403202964837377,1.6832240599138941,1.7033686020833068,1.4609436132410816,1.194125800274487,1.0586473048333993,1.01626161345407,0.9489901939850242,0.785845437728043,0.35805743701971615,1.7056762586229475
1,-0.2488284401363148,-0.27984709487023074,-0.42656542685189336,-0.3355334942753714,-0.40415365892739674,-0.3819661449393244,-0.4162122976561851,-0.4210442883846138,-0.44155875582011,-0.4525325305273875,-0.2798470948702312,-0.545876275261767,-0.3840832301088387,-0.22623536268037742,-0.28576624840052867,-0.38000556884258163,-0.41791756757252885,-0.4114728560955013,-0.41256168730049386,0.35805743701971615,-0.08977243466436556
1,-0.2488284401363148,-0.27984709487023074,-0.3506088150288123,-0.30310767888306667,-0.35915791856699314,-0.3489187272231927,-0.3818437737332177,-0.3900155136171773,-0.41128245677504605,-0.4238048535855712,-0.2798470948702312,-0.4065575043132882,-0.297106070434166,-0.34433789099487955,-0.3931159306878355,-0.3755789446158863,-0.33214130076471793,-0.3128885771041589,-0.3494876280884656,0.35805743701971615,0.4232129062748667
1,-0.2488284401363148,-0.27984709487023074,-0.27465220320573125,-0.30310767888306667,-0.3391598117401471,-0.3524344099589514,-0.37921129104975637,-0.39384811919615903,-0.41318428237793986,-0.42735618081592175,-0.2798470948702312,-0.26723873336480936,-0.25361749059682964,-0.41182505003173786,-0.5311369507715158,-0.45083155646970685,-0.32527919942009303,-0.285284978986583,-0.3314664683136004,0.35805743701971615,-0.6027577756035978
1,-0.2488284401363148,-0.27984709487023074,-0.3506088150288123,-0.35174640197152374,-0.3908215877094994,-0.3988414220709661,-0.4221353836939731,-0.43527092029379416,-0.4519726048919023,-0.4648527307471358,-0.2798470948702312,-0.4065575043132882,-0.3840832301088387,-0.3780814705133087,-0.37778026178964885,-0.3622990719358003,-0.33214130076471793,-0.3326054329024274,-0.36750878786333085,0.35805743701971615,-1.11574311654283
0,0.5332038002921071,0.5302366008067538,0.38996815024622794,0.4588989828360942,0.376328010287012,0.39078092038043594,0.3438256715445428,0.33142394028880945,0.2976881829910402,0.2753927093755416,0.5302366008067533,0.2900363504291059,0.39871120696321577,0.48237980720663537,0.44267802426333913,0.39022704660240515,0.37122408705933174,0.3456544065580085,0.2542212243695191,0.35805743701971615,-0.08977243466436556
1,-1.0308606805647367,-1.0899307905472153,-1.0152291684807715,-1.0651143406022276,-1.0296500002337485,-1.0316643145075306,-1.0096726126089988,-0.9984084333655173,-0.9792440370997696,-0.9629817606506019,-1.0899307905472158,-0.9638325881072034,-0.9929233478315478,-1.0360812711226777,-1.0218783555134898,-0.9244803487261067,-0.8399368002669586,-0.8097533432205247,-0.800016622460096,0.35805743701971615,-1.6287284574820624
1,-2.5949251614215805,-2.305056334062692,-2.1925566517385278,-2.0541017100675214,-1.9306758133766462,-1.8248023396946913,-1.7161651527829334,-1.6241656114570309,-1.5315424748377118,-1.4502591444038,-2.305056334062692,-1.9390639847465552,-1.8192063647409387,-1.8796707590834072,-1.8116653037701045,-1.6902863399443981,-1.611923201537257,-1.5826540905126494,-1.5569053330044351,-2.267697101124871,-1.6287284574820624
0,-1.0308606805647367,-1.0899307905472153,-0.9392725566576904,-0.9840498021214658,-0.9846542598733449,-0.987366712036971,-0.9846640271161161,-0.9749528872221488,-0.9631374537693989,-0.9482232565648154,-1.0899307905472158,-0.8245138171587246,-0.7319918688075296,-1.103568430159536,-1.2365777200881036,-1.1281050631540916,-0.9668856751425189,-0.8807340240942912,-0.8901224213344221,-2.267697101124871,-0.859250446073214
1,-1.0308606805647367,-1.0899307905472153,-0.9392725566576904,-0.9840498021214658,-0.9646561530464989,-0.9704914349053293,-0.960606060370039,-0.953674261047642,-0.9406627810249832,-0.9279036154787937,-1.0899307905472158,-0.8245138171587246,-0.775480448644866,-1.103568430159536,-1.1522315411480768,-1.021866081713404,-0.9085578137132074,-0.8767906529346375,-0.9081435811092873,-2.267697101124871,-0.6027577756035978
0,-0.2488284401363148,-0.27984709487023074,-0.23667389729419072,-0.35174640197152374,-0.3908215877094994,-0.43048256669279433,-0.4597579487117746,-0.4797291450099828,-0.49795409693908804,-0.5110743756331558,-0.2798470948702312,-0.12791996241633052,-0.25361749059682964,-0.6311583169015276,-0.692161474202476,-0.4995244229633554,-0.2841065913523438,-0.16698384419697213,-0.2053183498895439,-2.267697101124871,-0.08977243466436556
0,-0.2488284401363148,-0.27984709487023074,-0.3506088150288123,-0.35174640197152374,-0.4108196945363454,-0.42063865503267,-0.45153144032595793,-0.4646133486064787,-0.4828892170796491,-0.4948287449783656,-0.2798470948702312,-0.4065575043132882,-0.3405946502715024,-0.3949532602725233,-0.43145510293330225,-0.4331250595629255,-0.4625212263125905,-0.5376607332044196,-0.6017838649365786,-2.267697101124871,0.16672023580525058
1,1.315236040720529,1.3403202964837384,1.776176316017457,1.5938025215667593,1.78175051784036,1.7274434965158902,1.8067730794889385,1.8082239625451577,1.8479825076795113,1.8638362431023234,1.3403202964837377,1.9618616018108517,1.746857181920643,1.3934564542042231,1.2631363103163271,1.1117667955537434,0.8206917251322611,0.4639555413476194,0.19114716515749086,0.35805743701971615,0.6797055767444828
0,-1.0308606805647367,-1.0899307905472153,-1.0152291684807715,-1.0975401559945324,-1.0213174557225626,-1.052055274374931,-1.0116469746215948,-1.0120525092266925,-0.9857554802024748,-0.9730918334270315,-1.0899307905472158,-0.9638325881072034,-1.1233890873435568,-1.0360812711226777,-0.8761895009807162,-0.8536543610989815,-0.9119888643855198,-0.9477713338084042,-0.9261647408841526,0.35805743701971615,-0.859250446073214
0,-1.8128929209931586,-1.9000144862241999,-1.4899579923750281,-1.6812048330560172,-1.4468327287604539,-1.5062814838349539,-1.3830646876763437,-1.3732576995530235,-1.2963971893818866,-1.261132728539884,-1.9000144862242,-1.2424701300041612,-1.5582748857169204,-1.4916195946214716,-1.3745987401717839,-1.37599601984903,-1.4026291105261983,-1.3499951920930813,-1.2505456168317264,0.35805743701971615,-1.3722357870124462
1,-0.2488284401363148,-0.27984709487023074,-0.3506088150288123,-0.38417221736382845,-0.4141527123408198,-0.43188883978709786,-0.4532864287815988,-0.4676181113804004,-0.4833543201584138,-0.4954124521062529,-0.2798470948702312,-0.4065575043132882,-0.47106038978351145,-0.42869683979095247,-0.293434082849622,-0.2737665874018938,-0.380176010177092,-0.5140005062464974,-0.5837627051617135,0.35805743701971615,-0.6027577756035978
1,-0.2488284401363148,-0.27984709487023074,-0.3506088150288123,-0.38417221736382845,-0.4141527123408198,-0.43188883978709786,-0.4532864287815988,-0.4676181113804004,-0.4833543201584138,-0.4954124521062529,-0.2798470948702312,-0.4065575043132882,-0.47106038978351145,-0.42869683979095247,-0.293434082849622,-0.2737665874018938,-0.380176010177092,-0.5140005062464974,-0.5837627051617135,0.35805743701971615,-0.6027577756035978
1,-0.2488284401363148,-0.27984709487023074,-0.3506088150288123,-0.3679593096676761,-0.3858220610027879,-0.40446651444818005,-0.42162351206107784,-0.43803039631066104,-0.4532850875525259,-0.46696468926440066,-0.2798470948702312,-0.4065575043132882,-0.47106038978351145,-0.41182505003173786,-0.270430579502342,-0.2427802178150265,-0.35272760479859255,-0.49034027928857526,-0.5657415453868482,0.35805743701971615,-0.08977243466436556
1,-1.0308606805647367,-1.0899307905472153,-0.977250862569231,-1.0164756175137706,-0.9663226619487361,-0.9733039810939362,-0.9496739447817759,-0.9439854341439761,-0.927279917779159,-0.9156855640064258,-1.0899307905472158,-0.9638325881072034,-0.9929233478315478,-0.9348505325673901,-0.9221965076752764,-0.9731732152197553,-1.0286445872441428,-1.0542423551190538,-1.0252811196459113,0.35805743701971615,-0.859250446073214
0,-1.8128929209931586,-1.9000144862241999,-1.5659146041981091,-1.6649919253598648,-1.4801629068051974,-1.4929218894390708,-1.3930096222583088,-1.3647033239007362,-1.297594989091582,-1.2557944615339327,-1.9000144862242,-1.3817889009526398,-1.4712977260422477,-1.4578760151030423,-1.405270077968157,-1.3804226440757255,-1.3717496544753864,-1.3499951920930813,-1.286587936381457,0.35805743701971615,-2.1417137984212946
1,-0.2488284401363148,-0.27984709487023074,-0.23667389729419072,-0.2544689557946096,-0.2691664378461858,-0.2842301648852328,-0.3067814549950773,-0.32375742836774024,-0.3439444507549953,-0.3605283477083716,-0.2798470948702312,-0.26723873336480936,-0.25361749059682964,-0.31059431147645034,-0.38544809623874215,-0.4596848049230975,-0.544866442448089,-0.6323016410361083,-0.6738685040360395,0.35805743701971615,-0.6027577756035978
1,-1.0308606805647367,-1.0899307905472153,-1.0152291684807715,-1.032688525209923,-1.03464952694046,-1.0281486317717718,-1.0218844072795,-1.0078213126674966,-0.9930314763113686,-0.9752037919442964,-1.0899307905472158,-0.9638325881072034,-0.8624576083195387,-1.0698248506411068,-1.1062245344535167,-1.0041595848066227,-0.9428683204363317,-0.9438279626487505,-0.9622070604338829,-2.267697101124871,-1.6287284574820624
1,-1.0308606805647367,-1.0899307905472153,-1.0152291684807715,-1.032688525209923,-1.03464952694046,-1.0281486317717718,-1.0218844072795,-1.0078213126674966,-0.9930314763113686,-0.9752037919442964,-1.0899307905472158,-0.9638325881072034,-0.8624576083195387,-1.0698248506411068,-1.1062245344535167,-1.0041595848066227,-0.9428683204363317,-0.9438279626487505,-0.9622070604338829,-2.267697101124871,-1.6287284574820624
0,-2.5949251614215805,-1.9000144862241999,-1.9646868162692845,-1.9081855408021502,-1.8356848059491273,-1.7734733717526143,-1.682162251454891,-1.6064027621336432,-1.5198925984059146,-1.4441938967022077,-1.9000144862242,-1.5211076719011187,-1.8192063647409387,-2.099004025953197,-1.9803576616501581,-1.8009519456117813,-1.6839752656558182,-1.6220878021091862,-1.6109688123290307,-2.267697101124871,-0.859250446073214
1,1.315236040720529,1.3403202964837384,1.5862847864597545,1.447886352301388,1.6084335920076944,1.5629095444823835,1.6266308269693,1.6249640941805648,1.6513936303257717,1.6593516967394275,1.3403202964837377,1.6832240599138941,1.4424371230592885,1.444071823481867,1.638860198321901,1.4924564790495414,1.0334168668156323,0.6768975839689191,0.4794857215553343,0.35805743701971615,1.4491835881533313
1,-1.0308606805647367,-1.0899307905472153,-1.0152291684807715,-1.129965971386837,-1.0213174557225626,-1.0618991860350553,-1.0113544765456546,-1.0132789430119666,-0.9847233336441203,-0.9721525955939766,-1.0899307905472158,-0.9638325881072034,-1.2103662470182297,-1.0360812711226777,-0.7995111564897829,-0.7872549976985517,-0.8948336110239576,-0.9162243645311745,-0.8901224213344221,0.35805743701971615,-1.11574311654283
1,-0.2488284401363148,-0.27984709487023074,-0.23667389729419072,-0.22204314040230488,-0.22917022419249372,-0.23360433349030765,-0.25588678978149154,-0.2704075587083138,-0.2921587271358287,-0.30917538652537874,-0.2798470948702312,-0.26723873336480936,-0.25361749059682964,-0.31059431147645034,-0.293434082849622,-0.3667256961624956,-0.48996963169109004,-0.5376607332044196,-0.5657415453868482,0.35805743701971615,-0.08977243466436556
1,-1.8128929209931586,-1.9000144862241999,-1.6418712160211901,-1.6812048330560172,-1.5201591204588893,-1.4992501183634366,-1.411437001042538,-1.3683519644119269,-1.3064510614132654,-1.2588297385989466,-1.9000144862242,-1.5211076719011187,-1.5582748857169204,-1.4241324355846132,-1.290252561231757,-1.2918901595418188,-1.3545944011138242,-1.326334965135159,-1.2505456168317264,0.35805743701971615,-1.6287284574820624
1,-0.2488284401363148,-0.27984709487023074,-0.3506088150288123,-0.40038512505998086,-0.39248809661173656,-0.42274806467412523,-0.43069095241522243,-0.44968151727076566,-0.46223035772493115,-0.4761633829570608,-0.2798470948702312,-0.4065575043132882,-0.5580375494581842,-0.41182505003173786,-0.1860844005623152,-0.19408735132137792,-0.3664518074878423,-0.4587933100113457,-0.49365690628738734,0.35805743701971615,-0.3462651051339817
1,1.315236040720529,1.3403202964837384,1.1305451155212682,1.2533314599475598,1.2084714554707732,1.2535294637356187,1.2376083859689033,1.2511470764289976,1.240663012851215,1.2400430282073776,1.3403202964837377,0.9866302051715,1.0945284843605976,1.52843077227794,1.7922168873037678,1.7890403022381283,1.6372817851426211,1.4103646196645068,1.1823109527750777,0.35805743701971615,1.9621689290925635
1,1.315236040720529,1.3403202964837384,1.1305451155212682,1.2533314599475598,1.2084714554707732,1.2535294637356187,1.2376083859689033,1.2511470764289976,1.240663012851215,1.2400430282073776,1.3403202964837377,0.9866302051715,1.0945284843605976,1.52843077227794,1.7922168873037678,1.7890403022381283,1.6372817851426211,1.4103646196645068,1.1823109527750777,0.35805743701971615,1.9621689290925635
1,0.5332038002921071,0.5302366008067538,0.3140115384231469,0.44268607513994185,0.35632990346016596,0.3865621010975255,0.34038881915224606,0.33163856620123244,0.29826159774568156,0.2767829936256004,0.5302366008067533,0.1507175794806271,0.2682454674512067,0.5667387560027083,0.6650452232870462,0.5849985125769995,0.4501382525225178,0.3495977777176622,0.32630586346898,0.35805743701971615,-0.08977243466436556
1,0.5332038002921071,0.5302366008067538,0.3140115384231469,0.44268607513994185,0.35632990346016596,0.3865621010975255,0.34038881915224606,0.33163856620123244,0.29826159774568156,0.2767829936256004,0.5302366008067533,0.1507175794806271,0.2682454674512067,0.5667387560027083,0.6650452232870462,0.5849985125769995,0.4501382525225178,0.3495977777176622,0.32630586346898,0.35805743701971615,-0.08977243466436556
1,-0.2488284401363148,-0.27984709487023074,-0.42656542685189336,-0.319320586579219,-0.3791560253938392,-0.3538406830532549,-0.38630436939130497,-0.39111930402392403,-0.41216487836968857,-0.42396537304574017,-0.2798470948702312,-0.545876275261767,-0.4275718099461751,-0.2599789421988066,-0.1860844005623152,-0.24720684204172183,-0.34243445278165524,-0.37598251565861807,-0.3584982079758982,0.35805743701971615,-0.6027577756035978
0,-1.0308606805647367,-1.0899307905472153,-1.1671423921269335,-1.0489014329060753,-1.0696462138874407,-1.019710993205951,-1.0161806947986671,-0.9911418131877678,-0.9777117454498668,-0.958109132739852,-1.0899307905472158,-1.2424701300041612,-1.0364119276688841,-0.9011069530489609,-0.8071789909388761,-0.8359478641922002,-0.905126763040895,-0.9043942510522135,-0.845069521897259,0.35805743701971615,-1.11574311654283
1,-1.0308606805647367,-1.0899307905472153,-1.0911857803038525,-1.032688525209923,-1.0463150892561204,-1.0126796277344337,-1.0098188616469688,-0.9886582847725877,-0.9758354049471792,-0.957153975621491,-1.0899307905472158,-1.1031513590556823,-0.9494347679942114,-0.9854659018450339,-0.9452000110225564,-0.8979206033659348,-0.8879715096793328,-0.884677395253945,-0.8721012615595569,0.35805743701971615,-0.859250446073214
1,-0.2488284401363148,-0.27984709487023074,-0.3126305091172718,-0.23825604809845724,-0.26250040223723714,-0.25399529335770804,-0.2778241454770026,-0.29015314265122794,-0.3112980373907471,-0.3276722694438616,-0.2798470948702312,-0.4065575043132882,-0.3840832301088387,-0.19249178316194823,-0.1860844005623152,-0.31803282966884705,-0.4762454290018403,-0.5455474755237271,-0.4576145867376569,0.35805743701971615,-0.6027577756035978
1,-1.8128929209931586,-1.9000144862241999,-1.7178278278442711,-1.6325661099675601,-1.5501562806991585,-1.4837811143260982,-1.4222594298523237,-1.3662670269769608,-1.311414284678439,-1.2602133898134613,-1.9000144862242,-1.6604264428495976,-1.4278091462049114,-1.3903888560661841,-1.3285917334772237,-1.3273031533553814,-1.361456502458449,-1.3421084497737739,-1.2685667766065916,0.35805743701971615,-1.6287284574820624
1,-0.2488284401363148,-0.27984709487023074,-0.5025220386749744,-0.35174640197152374,-0.44081685477661453,-0.40095083171242135,-0.4393196456554568,-0.4394714560083582,-0.4603253464845115,-0.46971341919390625,-0.2798470948702312,-0.6851950462102459,-0.5145489696208478,-0.19249178316194823,-0.10940605607138175,-0.2250737209082452,-0.3767449595047796,-0.4114728560955013,-0.3224558884261678,0.35805743701971615,-0.08977243466436556
1,0.5332038002921071,0.5302366008067538,0.27603323251160633,0.32919572126687535,0.25633936932593565,0.26140379570451605,0.22006242316236774,0.20467200858072393,0.17269013775427466,0.14980944741770072,0.5302366008067533,0.1507175794806271,0.09429114810186126,0.34740548913291863,0.6267060510415794,0.7709167300982032,0.7314844076521376,0.6059169030951524,0.53354920087993,0.35805743701971615,-0.08977243466436556
1,0.5332038002921071,0.5302366008067538,0.27603323251160633,0.32919572126687535,0.25633936932593565,0.26140379570451605,0.22006242316236774,0.20467200858072393,0.17269013775427466,0.14980944741770072,0.5302366008067533,0.1507175794806271,0.09429114810186126,0.34740548913291863,0.6267060510415794,0.7709167300982032,0.7314844076521376,0.6059169030951524,0.53354920087993,0.35805743701971615,-0.08977243466436556
0,-1.0308606805647367,-1.0899307905472153,-0.7493810270999878,-0.9678368944253134,-0.8729981634234544,-0.9486942019436254,-0.9154516698967786,-0.9319050613590254,-0.9132185137403424,-0.908563010439092,-1.0899307905472158,-0.545876275261767,-0.7319918688075296,-1.1541837994371797,-1.2365777200881036,-1.2077842992346077,-1.172748715481265,-1.1331097783121278,-1.12439749840767,-2.267697101124871,-0.3462651051339817
0,-1.8128929209931586,-1.4949726383857076,-1.4899579923750281,-1.486649940702189,-1.468497344489537,-1.43596782911978,-1.3947646107139497,-1.3501598632636933,-1.3016280061992263,-1.2542171256815282,-1.4949726383857078,-1.2424701300041612,-1.3408319865302387,-1.6940810717320467,-1.6813121181355175,-1.5353544920100617,-1.4060601611985108,-1.3460518209334276,-1.3586725754809177,-2.267697101124871,-0.859250446073214
0,-0.2488284401363148,-0.27984709487023074,-0.08476067364802863,-0.2544689557946096,-0.23250324199696806,-0.3039179882054815,-0.31380140881764085,-0.34837808660711916,-0.3637591161653802,-0.3850798654715762,-0.2798470948702312,0.011398808532148294,-0.12315175108482056,-0.49618399882781083,-0.6844936397533826,-0.6942958889379498,-0.6821084693405866,-0.6914522084309138,-0.754963723022933,-2.267697101124871,0.4232129062748667
0,-0.2488284401363148,-0.27984709487023074,0.29502238546737664,-0.14097860192154307,0.030805164556505067,-0.15696244985076818,-0.11358647583660963,-0.19323421276993666,-0.19270312358081007,-0.2328928245531634,-0.2798470948702312,0.5686738923260636,0.13777972793919763,-0.5974147373830984,-1.0142105210643966,-1.1413849358341777,-1.1830418674982024,-1.2395807996227777,-1.3046090961563221,-4.8934516392694585,-0.08977243466436556
0,-1.0308606805647367,-1.0899307905472153,-0.9012942507461499,-0.9678368944253134,-0.936325501708467,-0.9536161577736876,-0.939948383756766,-0.9376079784605503,-0.924294975417498,-0.9137022863787178,-1.0899307905472158,-0.8245138171587246,-0.775480448644866,-1.0192094813634631,-1.1522315411480768,-1.1502381842875684,-1.1075587527073287,-1.093676066715591,-1.1063763386328047,-2.267697101124871,-0.859250446073214
0,-0.2488284401363148,-0.27984709487023074,0.3709789972904577,-0.2544689557946096,-0.012524066901661399,-0.2821207552437776,-0.20345650966922008,-0.3148351225798706,-0.297125136038528,-0.3477119964299192,-0.2798470948702312,0.8473114342230212,0.007313988427188534,-0.9011069530489609,-1.15989937559717,-1.0705589482070526,-0.9016957123685825,-0.8136967143801784,-0.8721012615595569,-4.8934516392694585,-0.3462651051339817
0,-1.0308606805647367,-1.0899307905472153,-0.7873593330115284,-1.0002627098176182,-0.936325501708467,-0.9972106236970953,-0.9748653415721212,-0.9821888465552664,-0.9647589432700235,-0.9543508548005232,-1.0899307905472158,-0.545876275261767,-0.7319918688075296,-1.2554145379924673,-1.3209238990281302,-1.1546648085142637,-1.0114893338825806,-0.9635448184470189,-0.9982493799836134,-2.267697101124871,-0.3462651051339817
0,-1.0308606805647367,-1.0899307905472153,-0.7114027211884473,-1.0002627098176182,-0.8913297613480633,-0.9951012140556401,-0.9519773671298046,-0.9775283981712246,-0.9522393877936871,-0.9489382977964774,-1.0899307905472158,-0.4065575043132882,-0.7319918688075296,-1.272286327751682,-1.3899344090699703,-1.238770668821475,-1.0801103473288294,-0.9793183030856337,-0.9802282202087482,-2.267697101124871,-1.3722357870124462
0,-1.0308606805647367,-1.0899307905472153,-1.0911857803038525,-1.0489014329060753,-1.0613136693762548,-1.0351799972432894,-1.029708730810899,-1.0102435193934132,-0.9951881529163252,-0.9759347524612644,-1.0899307905472158,-1.1031513590556823,-0.9059461881568751,-0.9854659018450339,-1.0218783555134898,-0.9820264636731459,-0.9325751684193945,-0.9280544780101356,-0.9802282202087482,-2.267697101124871,-1.6287284574820624
1,-1.0308606805647367,-1.0899307905472153,-1.0911857803038525,-1.032688525209923,-1.0363160358426973,-1.0084608084515232,-1.0005320477358692,-0.9826487592247443,-0.9683395998490063,-0.9511802638104081,-1.0899307905472158,-1.1031513590556823,-0.9059461881568751,-0.9517223223266047,-0.9835391832680231,-0.9643199667663647,-0.9119888643855198,-0.8925641375732524,-0.9261647408841526,-2.267697101124871,-0.6027577756035978
0,-1.0308606805647367,-1.0899307905472153,-0.9392725566576904,-1.032688525209923,-1.0029858577979538,-1.0183047201116475,-1.0027257833054202,-0.9951890446791727,-0.9785049691937874,-0.963190037966689,-1.0899307905472158,-0.8245138171587246,-0.8624576083195387,-1.1204402199187506,-1.1522315411480768,-1.0484258270735758,-0.9257130670747696,-0.8689039106153302,-0.9081435811092873,-2.267697101124871,-0.859250446073214
0,-0.2488284401363148,-0.27984709487023074,-0.27465220320573125,-0.3355334942753714,-0.3541583918602816,-0.38337241803362787,-0.40304988423887844,-0.4223627047037835,-0.438857335198244,-0.4536574933556794,-0.2798470948702312,-0.26723873336480936,-0.297106070434166,-0.4624404193093817,-0.48512994407695564,-0.45083155646970685,-0.3973312635386542,-0.4075294849358476,-0.5206886459496852,-2.267697101124871,-1.3722357870124462
1,-1.8128929209931586,-1.9000144862241999,-1.7937844396673523,-1.6163532022714078,-1.5768204231349532,-1.4753434757602775,-1.4279631423331565,-1.3620358304177649,-1.311321901190191,-1.2576968161280018,-1.9000144862242,-1.7997452137980763,-1.2973434066929024,-1.3060299072701111,-1.3976022435190638,-1.4202622621159833,-1.3820428064923238,-1.3460518209334276,-1.3406514157060525,-2.267697101124871,-1.6287284574820624
1,1.315236040720529,1.3403202964837384,1.776176316017457,1.6910799677436736,1.790083062351546,1.792835195401002,1.8346335212222376,1.860316737574678,1.8882712654681186,1.9144861025176338,1.3403202964837377,1.9618616018108517,2.0077886609446614,1.444071823481867,0.8567410845143798,0.6292647548439527,0.6834496982397635,0.755765007161993,0.6056338399793908,0.35805743701971615,1.192690917683715
1,1.315236040720529,1.3403202964837384,1.776176316017457,1.6910799677436736,1.790083062351546,1.792835195401002,1.8346335212222376,1.860316737574678,1.8882712654681186,1.9144861025176338,1.3403202964837377,1.9618616018108517,2.0077886609446614,1.444071823481867,0.8567410845143798,0.6292647548439527,0.6834496982397635,0.755765007161993,0.6056338399793908,0.35805743701971615,1.192690917683715
0,-0.2488284401363148,-0.27984709487023074,-0.16071728547110967,-0.20583023270615253,-0.23916927760591675,-0.2582141126406185,-0.2895971930335936,-0.3074151981789619,-0.33060937207205787,-0.3476522991100216,-0.2798470948702312,-0.12791996241633052,-0.07966317124748419,-0.3612096807540941,-0.6231509641606359,-0.6854426404845592,-0.6066253545497129,-0.5218872485658048,-0.5387098057245504,0.35805743701971615,-0.3462651051339817
1,-0.2488284401363148,-0.27984709487023074,-0.16071728547110967,-0.20583023270615253,-0.2191711707790707,-0.24133883550897678,-0.2656123508065015,-0.2850327815977083,-0.306653377878152,-0.32469668969874527,-0.2798470948702312,-0.12791996241633052,-0.07966317124748419,-0.32746610123566494,-0.6078152952624492,-0.6278965255375198,-0.544866442448089,-0.4982270216078827,-0.5206886459496852,0.35805743701971615,0.16672023580525058
0,-1.8128929209931586,-1.9000144862241999,-1.414001380551947,-1.6325661099675601,-1.4301676397380823,-1.4865936605147052,-1.3824796915244635,-1.3679840342763445,-1.2988756153769478,-1.2609615962228442,-1.9000144862242,-1.1031513590556823,-1.3408319865302387,-1.55910675365833,-1.558626766950024,-1.5486343646901477,-1.4575259212831975,-1.3578819344123887,-1.3046090961563221,0.35805743701971615,-0.08977243466436556
1,-1.8128929209931586,-1.4949726383857076,-1.6418712160211901,-1.5515015714867983,-1.535157700579024,-1.46831211028876,-1.4198463207258174,-1.3633440264553907,-1.3110670501881283,-1.259654888220642,-1.4949726383857078,-1.5211076719011187,-1.5582748857169204,-1.55910675365833,-1.5049519258063706,-1.3715693956223347,-1.2722491849783257,-1.247467541942085,-1.2325244570568612,0.35805743701971615,-1.6287284574820624
1,-1.8128929209931586,-1.9000144862241999,-1.7178278278442711,-1.6325661099675601,-1.5501562806991585,-1.4837811143260982,-1.4222594298523237,-1.3662670269769608,-1.311414284678439,-1.2602133898134613,-1.9000144862242,-1.6604264428495976,-1.3408319865302387,-1.3229016970293257,-1.4512770846627172,-1.4512486317028506,-1.3820428064923238,-1.326334965135159,-1.2685667766065916,0.35805743701971615,-1.11574311654283
0,-0.2488284401363148,-0.27984709487023074,-0.16071728547110967,-0.20583023270615253,-0.21583815297459635,-0.24274510860328025,-0.2655392262875164,-0.28720970156656994,-0.3082015977156837,-0.3269797805330498,-0.2798470948702312,-0.12791996241633052,-0.12315175108482056,-0.32746610123566494,-0.5541404541187958,-0.6411763982176059,-0.6066253545497129,-0.5416041043640734,-0.5657415453868482,0.35805743701971615,-1.3722357870124462
0,0.5332038002921071,0.5302366008067538,1.1495342684770384,0.8155829521514462,0.9962693219192399,0.8548510415005831,0.9044713586028211,0.8452996963186867,0.8486696781758226,0.8156547810555992,0.5302366008067533,1.4045865180169366,1.138017064197934,0.36427727889213324,-0.27809841395143536,-0.6456030224443012,-0.7164189760637109,-0.6796220949519527,-0.7639743029103656,-2.267697101124871,-0.3462651051339817
0,-1.0308606805647367,-1.0899307905472153,-0.7873593330115284,-0.8705594482483993,-0.8513335476943712,-0.869239772115479,-0.8689079135628026,-0.8683144695925598,-0.8632040045855124,-0.8559232403605295,-1.0899307905472158,-0.6851950462102459,-0.5145489696208478,-1.0023376916042486,-1.3209238990281302,-1.402555765209202,-1.3340080970799497,-1.2592976554210462,-1.2505456168317264,-2.267697101124871,-1.3722357870124462
0,-0.2488284401363148,-0.27984709487023074,0.105130855909674,-0.30310767888306667,-0.18750750163656443,-0.3566532292418618,-0.3287553729500809,-0.39801799406609123,-0.3985112359341726,-0.4308119923344363,-0.2798470948702312,0.42935512137758475,-0.12315175108482056,-0.7830044247344589,-0.9528678454716497,-0.8448011126455909,-0.6512290132897746,-0.494283650448229,-0.5206886459496852,-2.267697101124871,-0.3462651051339817
0,-1.8128929209931586,-1.0899307905472153,-1.338044768728866,-1.35694667913297,-1.4035034973022875,-1.388154543913462,-1.3682935348413663,-1.3315385102906139,-1.290602514722483,-1.2465267842716132,-1.0899307905472158,-0.9638325881072034,-1.384320566367575,-1.8965425488426217,-1.8576723104646644,-1.6548733461308356,-1.5192848333848212,-1.44463609992477,-1.4487783743552438,-4.8934516392694585,-1.11574311654283
