COEFFICIENTS,EV_DEN,EV_FGRAPH
1,"[-2.23606798 -2.22580022 -1.73205081 -1.73205081 -1.         -1.
 -0.72586016  1.73205081  1.73205081  2.23606798  4.95166037]","[-2.65112855 -2.30389371 -1.84057633 -1.62086329 -0.92720193 -0.71081204
 -0.61793743  1.07899543  1.2910949   2.33368684  5.9686361 ]"
0,"[-2.23606798 -2.22580022 -1.73205081 -1.73205081 -1.         -1.
 -0.72586016  1.73205081  1.73205081  2.23606798  4.95166037]","[-2.99030288 -2.50608944 -1.76588923 -1.16262908 -1.         -0.71508912
 -0.25700541  1.06555372  1.28390787  2.07892909  5.96861448]"
-1,"[-2.23606798 -2.22580022 -1.73205081 -1.73205081 -1.         -1.
 -0.72586016  1.73205081  1.73205081  2.23606798  4.95166037]","[-2.85870929 -2.2469796  -1.78818712 -1.33959095 -1.         -0.70350398
 -0.55495813  0.80193774  1.22573944  2.49769105  5.96656086]"
1,"[-2.23606798 -2.22580022 -1.73205081 -1.73205081 -1.         -1.
 -0.72586016  1.73205081  1.73205081  2.23606798  4.95166037]","[-2.94882836 -2.73927567 -1.36983628 -1.         -1.         -1.
 -0.2555734   0.78281568  1.39812458  2.16601268  5.96656076]"
1,"[-2.23606798 -2.22580022 -1.73205081 -1.73205081 -1.         -1.
 -0.72586016  1.73205081  1.73205081  2.23606798  4.95166037]","[-2.48994884e+00 -2.00000000e+00 -2.00000000e+00 -2.00000000e+00
 -1.30277564e+00 -7.44858880e-01  2.46369257e-16  1.00000000e+00
  1.26430817e+00  2.30277564e+00  5.97049955e+00]"
0,"[-2.23606798 -2.22580022 -1.73205081 -1.73205081 -1.         -1.
 -0.72586016  1.73205081  1.73205081  2.23606798  4.95166037]","[-3.14510269e+00 -2.48994884e+00 -2.00000000e+00 -1.52397640e+00
 -7.44858880e-01 -1.68760814e-16 -3.18722580e-17  1.00000000e+00
  1.26430817e+00  1.66907909e+00  5.97049955e+00]"
0,"[-2.23606798 -2.22580022 -1.73205081 -1.73205081 -1.         -1.
 -0.72586016  1.73205081  1.73205081  2.23606798  4.95166037]","[-3.07481184e+00 -2.51257202e+00 -1.86664328e+00 -1.34456022e+00
 -8.89527347e-01 -4.79792770e-01 -1.22270114e-16  9.28843321e-01
  1.44859385e+00  1.82014880e+00  5.97032151e+00]"
-1,"[-2.47283391 -2.06554137 -1.76886448 -1.46259842 -1.         -1.
 -0.68639102  1.45903209  1.93543233  2.29183255  4.76993224]","[-2.52394418 -2.49127058 -1.83235912 -1.40993703 -1.         -1.
 -0.21258603  1.10066007  1.47674189  2.28907785  5.60361712]"
0,"[-2.47283391 -2.06554137 -1.76886448 -1.46259842 -1.         -1.
 -0.68639102  1.45903209  1.93543233  2.29183255  4.76993224]","[-3.09392636 -2.23923618 -1.77134501 -1.45115975 -1.         -0.45983186
 -0.22822899  1.11610353  1.60535203  1.91841481  5.60385777]"
0,"[-2.47283391 -2.06554137 -1.76886448 -1.46259842 -1.         -1.
 -0.68639102  1.45903209  1.93543233  2.29183255  4.76993224]","[-2.93672263 -2.33401656 -1.61599546 -1.43792266 -1.13279339 -0.50772362
 -0.39714954  1.06367427  1.54435357  2.14954161  5.60475442]"
1,"[-2.39666792 -2.         -1.85525038 -1.76643903 -1.53208889 -0.45034033
 -0.34729636  1.33412577  1.87938524  2.10783981  5.02673208]","[-2.88654654 -2.1557411  -2.         -1.4550446  -1.         -0.81277653
 -0.29498512  0.48248998  1.72239291  2.11748141  6.2827296 ]"
1,"[-2.39666792 -2.         -1.85525038 -1.76643903 -1.53208889 -0.45034033
 -0.34729636  1.33412577  1.87938524  2.10783981  5.02673208]","[-2.44129091e+00 -2.27310298e+00 -1.94002077e+00 -1.56688863e+00
 -1.13374869e+00 -5.14916053e-01  2.56971942e-16  1.84282595e-01
  1.52309559e+00  1.90919460e+00  6.25339525e+00]"
-1,"[-2.36093854 -2.         -2.         -1.56615534 -1.53208889 -0.34729636
 -0.33936133  1.15926825  1.87938524  2.27726978  4.82991718]","[-2.91809960e+00 -2.36129880e+00 -2.00000000e+00 -1.41421356e+00
 -1.17413921e+00 -2.98005818e-01  6.46456307e-16  4.67236662e-01
  1.41421356e+00  2.42337869e+00  5.86092808e+00]"
-1,"[-2.33799874 -2.         -1.85640618 -1.73645268 -1.4990088  -0.48823833
 -0.33751591  1.31228279  2.02556367  2.0950442   4.82272999]","[-2.52675149 -2.40799693 -1.75993102 -1.55468844 -1.18355122 -0.3891212
 -0.18858988  0.5857012   1.74341874  1.862178    5.81933224]"
0,"[-2.31644017 -2.22817243 -1.80684475 -1.64195551 -1.09260717 -0.51648926
 -0.33543905  1.32946063  1.8714322   2.32644015  4.41061537]","[-2.75325271 -2.46898795 -1.84043161 -1.27658091 -0.67902711 -0.40148746
 -0.28051722  0.87464652  1.84791961  2.06025917  4.91745966]"
-1,"[-2.27346122 -2.24794097 -1.86102936 -1.60524743 -1.43782878 -0.42883267
 -0.32665685  1.27194572  1.92282802  2.14012267  4.84610087]","[-2.47283391 -1.93232924 -1.646813   -1.46259842 -1.33518701 -1.
 -0.26273876  0.30721873  1.93543233  1.98035212  5.88949716]"
0,"[-2.40041772 -2.1017645  -1.76996671 -1.60690859 -1.431564   -0.38966906
 -0.33225214  1.15486202  1.99337449  2.26106246  4.62324376]","[-2.50012589 -2.326409   -1.97076502 -1.55443281 -0.88731272 -0.37375759
 -0.235276    0.57419999  1.72595025  2.15217255  5.39575625]"
1,"[-2.43346527 -2.27346122 -1.95250947 -1.43782878 -1.28097678 -0.45719673
 -0.42883267  1.24975897  1.8207925   2.14012267  5.05359678]","[-2.91966418 -2.22280969 -1.71359796 -1.50634977 -1.         -0.76484562
 -0.20418567  0.29351302  1.56639674  2.08179617  6.38974695]"
-1,"[-2.28356829 -2.27346122 -2.         -1.43782878 -1.17838159 -0.67993708
 -0.42883267  1.55546627  1.74007253  2.14012267  4.84634816]","[-2.4112897  -2.         -1.61334794 -1.53208889 -1.32448593 -1.10375708
 -0.34729636  0.8442825   1.68863704  1.87938524  5.91996113]"
1,"[-2.48260007 -2.28216811 -1.79714017 -1.         -1.         -1.
 -0.36585885  1.26150104  1.82175456  2.43965818  4.40485341]","[-2.43739676 -2.35462223 -1.58139696 -1.36782348 -1.28821363 -0.64272643
 -0.34623447  0.90769578  1.72814222  2.48940966  4.89316628]"
-1,"[-2.40796989 -2.         -2.         -1.18152335 -1.         -0.76275493
 -0.41421356  1.04329634  2.09759736  2.41421356  4.21135448]","[-2.27346122 -2.13705118 -2.         -1.43782878 -0.90996783 -0.73747775
 -0.42883267  1.17216588  2.11753919  2.14012267  4.49479169]"
-1,"[-2.74874455 -2.11813485 -1.65044131 -1.2169682  -1.         -0.78884338
 -0.34043088  0.78444422  2.01524092  2.4389985   4.62487952]","[-2.74144663 -2.08189775 -1.67985103 -1.34674005 -1.         -0.66094107
 -0.30058491  0.27854606  1.70284624  2.43938135  5.3906878 ]"
-1,"[-2.44400273 -2.12625265 -1.83404769 -1.66701748 -1.30764038 -0.50529548
 -0.29157284  1.47500696  1.76030209  2.06433672  4.87618348]","[-2.84319063 -2.40574182 -1.86133727 -1.43935237 -1.         -0.5164569
 -0.11374491  0.60309043  1.53729124  1.98632518  6.05311704]"
0,"[-2.35597963 -2.15179377 -1.84445206 -1.66819102 -1.16836517 -0.59455162
 -0.3379944   1.46348345  1.94286442  2.06530431  4.64967548]","[-3.09200324 -2.39019237 -1.73115333 -1.2488598  -0.9044806  -0.77955101
 -0.20098784  1.14257245  1.71376072  1.95595446  5.53494058]"
0,"[-2.51548749 -2.24406584 -1.7941786  -1.20404243 -1.         -0.66465707
 -0.335042    1.44317641  1.75491797  2.34736665  4.21201242]","[-2.70751634 -2.15673099 -1.72937663 -1.27415985 -0.89615744 -0.67240909
 -0.32745859  1.21214247  1.77549232  2.27875206  4.49742208]"
1,"[-2.39813599 -2.         -2.         -1.53208889 -1.25308916 -0.39069323
 -0.34729636  1.37762886  1.87938524  2.23172858  4.43256093]","[-2.8206641  -2.         -1.53208889 -1.46490259 -1.34401477 -0.34729636
 -0.30879308  0.93852803  1.87938524  1.980643    5.01920352]"
1,"[-2.83075885e+00 -2.00000000e+00 -1.89668155e+00 -1.43633091e+00
 -1.41421356e+00 -1.02974058e-01 -3.40485587e-16  8.70448618e-01
  1.41421356e+00  2.24806742e+00  5.14822934e+00]","[-3.27777146 -2.35567429 -1.55425074 -1.47726    -1.         -0.74032446
 -0.26235969  0.39708367  1.09529399  2.3468685   6.8283945 ]"
1,"[-2.50676558e+00 -2.12462337e+00 -2.00000000e+00 -1.41421356e+00
 -1.15919990e+00 -3.85124593e-01 -8.53182043e-18  1.20568959e+00
  1.41421356e+00  2.49361573e+00  4.47640813e+00]","[-2.95306236e+00 -2.00000000e+00 -1.72912686e+00 -1.41421356e+00
 -1.33665214e+00 -3.27785025e-01 -8.93606590e-17  5.30074048e-01
  1.41421356e+00  2.57312873e+00  5.24342360e+00]"
-1,"[-2.45140503e+00 -2.30592156e+00 -1.86008455e+00 -1.47717432e+00
 -1.25716735e+00 -2.56975498e-01  4.05159859e-16  7.61996909e-01
  1.79632271e+00  2.35830064e+00  4.69210805e+00]","[-2.85730267e+00 -2.10792521e+00 -1.79935184e+00 -1.36622926e+00
 -1.00000000e+00 -7.15217511e-01  6.31198827e-17  2.17577519e-01
  1.53771227e+00  2.36686038e+00  5.72387633e+00]"
1,"[-2.67341379 -2.18919161 -1.89244151 -1.43864713 -1.14278414 -0.43188103
 -0.25145336  1.12312332  1.37718294  2.45131397  5.06819235]","[-2.51026593 -2.         -2.         -1.7102218  -0.87023948 -0.83785033
 -0.31881655  0.26279999  0.8861046   2.6827974   6.41569211]"
0,"[-2.47412969 -2.12630624 -1.88450809 -1.56353186 -1.26717683 -0.5371986
 -0.23471245  1.20060595  1.55948727  2.50340673  4.82406381]","[-2.75761361 -2.42121665 -1.61097466 -1.42466808 -1.         -0.40865507
 -0.15054013  0.64034308  0.9738506   2.33735944  5.82211507]"
0,"[-2.46273891 -2.12830668 -1.90338223 -1.56151872 -1.0931774  -0.56332453
 -0.19419     0.96686984  1.83894188  2.48586482  4.61496192]","[-3.06211163e+00 -2.23003366e+00 -1.84019055e+00 -1.20800807e+00
 -8.04362420e-01 -3.95241260e-01 -6.27692967e-16  5.40516029e-01
  1.42070493e+00  2.21257635e+00  5.36615027e+00]"
-1,"[-2.46273891 -2.12830668 -1.90338223 -1.56151872 -1.0931774  -0.56332453
 -0.19419     0.96686984  1.83894188  2.48586482  4.61496192]","[-2.67685108 -2.11994045 -1.77341851 -1.36693733 -0.86359406 -0.76756986
 -0.23185885  0.37905904  1.4023378   2.65338633  5.36538695]"
0,"[-2.67257977 -2.20358303 -1.74332115 -1.40886418 -1.         -0.46668333
 -0.13002391  0.66493148  1.66722944  2.66465546  4.62823898]","[-2.83412014e+00 -2.14682526e+00 -1.74948595e+00 -1.22646612e+00
 -8.88461780e-01 -6.03603972e-01 -2.07046797e-16  3.08745776e-01
  1.05518944e+00  2.67362863e+00  5.41139938e+00]"
0,"[-2.69971996 -2.15561668 -1.57410043 -1.38456575 -1.         -0.63174348
 -0.29702512  1.05054742  1.66042456  2.62177186  4.41002759]","[-3.12461402 -2.05842129 -1.60097987 -1.44021149 -0.65785829 -0.4286876
 -0.16947393  0.62282711  1.52640812  2.41503113  4.91598013]"
-1,"[-2.4836222  -2.44366635 -1.71038967 -1.36546926 -0.88250293 -0.49888361
 -0.38129441  0.72762644  1.85115223  2.56540814  4.62164159]","[-2.65347442 -2.10291823 -1.76137117 -1.         -1.         -0.76574629
 -0.47191074  0.21861122  1.38059209  2.77243937  5.38377818]"
0,"[-2.58475166 -2.         -1.81010438 -1.3385244  -1.         -0.55034538
 -0.32623002  0.52660232  2.02250157  2.65122471  4.40962723]","[-2.86507789 -2.10157645 -1.89968013 -1.35138183 -0.63119507 -0.46542914
 -0.24872811  0.53287046  1.63659928  2.47865944  4.91493944]"
0,"[-2.48979988 -2.22774965 -1.90691103 -1.80193774 -0.96922637 -0.44504187
 -0.15597378  1.17841758  1.2469796   2.52319106  5.04805207]","[-2.93385707e+00 -2.82218511e+00 -1.61803399e+00 -1.10225482e+00
 -8.53571834e-01 -4.69977067e-01  6.91355176e-17  4.29504398e-01
  6.18033989e-01  2.40422883e+00  6.34811268e+00]"
1,"[-2.48979988 -2.22774965 -1.90691103 -1.80193774 -0.96922637 -0.44504187
 -0.15597378  1.17841758  1.2469796   2.52319106  5.04805207]","[-2.85925589 -2.41421356 -1.60152656 -1.         -1.         -0.76570004
 -0.46986363  0.41421356  0.5460067   2.80172375  6.34861566]"
0,"[-2.57186608 -2.09591017 -1.85538776 -1.71879029 -1.         -0.54955564
 -0.11360645  1.01920855  1.46255209  2.58249815  4.84085761]","[-3.3171836  -2.2480241  -1.93568739 -1.36148641 -0.64848307 -0.43805209
  0.20995514  0.54266073  0.8823368   2.41749199  5.89647201]"
0,"[-2.474786   -2.17184562 -1.9134953  -1.68542618 -0.95072436 -0.49952998
 -0.31823077  1.04867892  1.61707518  2.51474177  4.83354234]","[-3.27470527 -2.37960037 -1.90322202 -1.52817515 -0.73079675 -0.25375803
  0.40858568  0.5232506   1.00755102  2.25624211  5.87462817]"
0,"[-2.66937046 -1.96749297 -1.78006756 -1.47607327 -1.         -0.59832757
 -0.33580272  1.16759122  1.7105992   2.53854754  4.41039659]","[-3.08979875 -1.99006054 -1.60186615 -1.56528103 -0.69874127 -0.46580863
 -0.25223429  0.93564072  1.46215701  2.34901236  4.91698057]"
0,"[-2.47412669 -2.18125573 -1.94551153 -1.51718859 -1.         -0.47464457
 -0.22053454  0.84356939  1.84658096  2.49638117  4.62673013]","[-2.93527901 -2.12822366 -1.76563385 -1.18373565 -0.87629821 -0.5345817
 -0.28077758  0.52880055  1.34402753  2.42424409  5.4074575 ]"
-1,"[-2.57271214 -2.22756499 -1.74233834 -1.50562976 -1.         -0.57333646
 -0.1893561   0.8894479   1.7847041   2.49397905  4.64280674]","[-2.60698959 -2.09392103 -1.92895124 -1.29925783 -0.88716777 -0.69069668
 -0.23090899  0.47025552  1.26716487  2.5404248   5.46004794]"
1,"[-2.78117594e+00 -2.00000000e+00 -2.00000000e+00 -1.41421356e+00
 -1.30277564e+00 -2.95194536e-01 -1.05615589e-16  9.50509311e-01
  1.41421356e+00  2.30277564e+00  5.12586116e+00]","[-2.65209632e+00 -2.00000000e+00 -2.00000000e+00 -1.75890303e+00
 -1.30277564e+00 -8.69517314e-01  3.01375718e-16  5.89551564e-01
  1.00000000e+00  2.30277564e+00  6.69096509e+00]"
1,"[-2.49505746e+00 -2.34931242e+00 -1.56155281e+00 -1.41421356e+00
 -1.00000000e+00 -9.21862202e-01 -9.13035456e-17  1.33701234e+00
  1.41421356e+00  2.56155281e+00  4.42921974e+00]","[-2.82707168e+00 -1.63389553e+00 -1.56155281e+00 -1.41421356e+00
 -1.32240339e+00 -1.00000000e+00 -7.43864776e-17  7.86262230e-01
  1.41421356e+00  2.56155281e+00  4.99710837e+00]"
0,"[-2.46402262 -2.17784069 -1.91583424 -1.60076867 -1.         -0.76115943
 -0.43493547  1.34534975  1.64166024  2.35359331  5.01395782]","[-3.26114965e+00 -2.87517149e+00 -1.55898160e+00 -1.17662850e+00
 -8.15868131e-01 -2.94193595e-01 -5.33365635e-16  5.33763476e-01
  1.16336491e+00  2.07199622e+00  6.21286836e+00]"
1,"[-2.46402262 -2.17784069 -1.91583424 -1.60076867 -1.         -0.76115943
 -0.43493547  1.34534975  1.64166024  2.35359331  5.01395782]","[-3.23835288 -2.27280634 -1.5248132  -1.35728262 -1.         -0.76345342
 -0.19154978  0.36113898  1.28579552  2.49050202  6.21082171]"
1,"[-2.46402262 -2.17784069 -1.91583424 -1.60076867 -1.         -0.76115943
 -0.43493547  1.34534975  1.64166024  2.35359331  5.01395782]","[-2.60732509 -2.09393442 -1.89632086 -1.42519636 -0.85549217 -0.72239466
 -0.43726286  0.22466205  1.18397048  2.43574545  6.19354844]"
0,"[-2.35732619 -2.21915722 -1.80831781 -1.5802964  -1.         -0.92835491
 -0.44944043  1.44486985  1.75731348  2.34224684  4.79846279]","[-3.09997548e+00 -2.54924914e+00 -1.58075368e+00 -1.34821576e+00
 -6.37375821e-01 -5.31840480e-01  1.83767021e-16  8.88503777e-01
  1.05506683e+00  2.09452558e+00  5.70931417e+00]"
-1,"[-2.35732619 -2.21915722 -1.80831781 -1.5802964  -1.         -0.92835491
 -0.44944043  1.44486985  1.75731348  2.34224684  4.79846279]","[-2.6825423  -2.         -1.71230196 -1.45512099 -1.30979819 -0.60785017
 -0.524717    0.8905178   1.07789429  2.61348533  5.71043318]"
1,"[-2.47283391 -2.25169738 -1.59557204 -1.46259842 -1.         -0.86446062
 -0.54365219  1.32712409  1.93543233  2.32845303  4.59980511]","[-2.4811943  -2.09357081 -2.         -1.46552081 -0.87353957 -0.694578
 -0.68889218  1.17008649  1.2633684   2.57037635  5.29346444]"
-1,"[-2.47283391 -2.25169738 -1.59557204 -1.46259842 -1.         -0.86446062
 -0.54365219  1.32712409  1.93543233  2.32845303  4.59980511]","[-2.95547442 -2.04287389 -1.91873773 -1.18694483 -1.         -0.69670803
 -0.27300546  1.0686279   1.4072206   2.30642247  5.29147339]"
0,"[-2.57980917 -2.29253715 -1.61671661 -1.         -1.         -1.
 -0.43851918  1.26368446  1.88844818  2.34698134  4.42846814]","[-2.5523939  -2.         -1.68844898 -1.49870549 -1.23703508 -0.60727727
 -0.43199028  0.93293882  1.73934275  2.35973359  4.98383583]"
-1,"[-2.52636541 -2.27346122 -1.60140404 -1.43782878 -1.         -0.76225564
 -0.42883267  0.97389172  2.14012267  2.31635006  4.59978331]","[-2.88128771 -2.         -1.92046028 -1.18395341 -1.         -0.52283645
 -0.33726417  0.28911347  1.98585535  2.27956187  5.29127133]"
0,"[-2.59967924 -1.92908427 -1.82332495 -1.58807199 -1.         -0.88125969
 -0.42899133  1.13226991  1.96398061  2.35583142  4.79832954]","[-2.82327934 -2.45643125 -1.93619317 -1.50403941 -0.65593252 -0.35760037
 -0.08923542  0.52324913  1.55829795  2.03304622  5.70811819]"
0,"[-2.56155281 -2.         -1.90434016 -1.5930194  -1.         -0.72519551
 -0.43724328  1.44479412  1.56155281  2.38212165  4.83288257]","[-2.61803399 -2.59473017 -1.61803399 -1.48546759 -0.79357143 -0.38196601
 -0.3445537   0.61803399  1.18461964  2.19493357  5.83876969]"
-1,"[-2.55459892 -2.25222242 -1.61553024 -1.47820745 -1.         -0.82131418
 -0.53082336  1.36980154  1.67730719  2.37801044  4.82757741]","[-2.66986673 -2.         -1.67926808 -1.5084812  -1.33844627 -0.67964319
 -0.29457804  0.82578455  1.16746356  2.36233983  5.81469557]"
-1,"[-2.37772169 -2.         -2.         -1.87747532 -0.942276   -0.61803399
 -0.40038976  1.61154143  1.61803399  2.11985785  4.86646348]","[-3.11490754e+00 -2.28938970e+00 -2.00000000e+00 -1.32707531e+00
 -7.45898312e-01 -5.80891597e-01  1.35466053e-16  8.60805853e-01
  1.05782966e+00  2.14425343e+00  5.99527351e+00]"
1,"[-2.27346122 -2.25378767 -2.         -1.43782878 -0.94503042 -0.62445731
 -0.42883267  1.27550642  2.13945607  2.14012267  4.40831292]","[-2.79005486 -2.61803399 -2.         -0.83424835 -0.61803399 -0.38196601
 -0.34456005  0.97476359  1.61803399  2.08424715  4.90985251]"
1,"[-2.57860891 -2.         -1.84755521 -1.4823469  -1.         -0.61602687
 -0.38089919  1.19437099  1.95313883  2.34471838  4.41320888]","[-2.82020906 -2.         -1.86760029 -1.56218981 -0.6942115  -0.5948046
 -0.27211178  0.9245384   1.63234848  2.32770615  4.92653401]"
0,"[-2.4021278  -2.3254951  -1.85404702 -1.76401841 -1.         -0.54209447
 -0.20876611  1.17692269  1.34970152  2.54471389  5.0252108 ]","[-3.50790277e+00+0.00000000e+00j -2.29738420e+00+0.00000000e+00j
 -2.00000000e+00+0.00000000e+00j -8.90315563e-01+0.00000000e+00j
 -7.55640076e-01+0.00000000e+00j -4.44422907e-17+0.00000000e+00j
  3.78393136e-17-1.30656191e-16j  3.78393136e-17+1.30656191e-16j
  9.38868713e-01+0.00000000e+00j  2.26354285e+00+0.00000000e+00j
  6.24883105e+00+0.00000000e+00j]"
1,"[-2.4021278  -2.3254951  -1.85404702 -1.76401841 -1.         -0.54209447
 -0.20876611  1.17692269  1.34970152  2.54471389  5.0252108 ]","[-2.37780036e+00 -2.00000000e+00 -2.00000000e+00 -1.55386768e+00
 -8.85889678e-01 -7.32050808e-01  4.61270455e-17  3.24234067e-16
  5.88564893e-01  2.73205081e+00  6.22899282e+00]"
0,"[-2.48826337 -2.15577342 -1.86419824 -1.51917638 -1.         -0.56241595
 -0.35512533  0.92566759  1.9122146   2.51262745  4.59444304]","[-3.18192530e+00 -2.35216268e+00 -1.89806204e+00 -8.94109083e-01
 -7.72347421e-01 -3.77799086e-01 -3.02761356e-16  5.26215707e-01
  1.42808814e+00  2.24546307e+00  5.27663869e+00]"
-1,"[-2.48826337 -2.15577342 -1.86419824 -1.51917638 -1.         -0.56241595
 -0.35512533  0.92566759  1.9122146   2.51262745  4.59444304]","[-2.74861674 -2.09347848 -1.70828034 -1.43961173 -0.89406162 -0.74295704
 -0.21807688  0.37450383  1.42808018  2.76580096  5.27669786]"
0,"[-2.49146846 -2.         -1.93834068 -1.76333562 -1.         -0.54983411
 -0.33728184  1.05179685  1.66457819  2.55955966  4.80432601]","[-2.68458187 -2.4934414  -1.62548244 -1.35777402 -1.14059074 -0.41152978
 -0.14255082  0.50668235  1.11034022  2.51169437  5.72723414]"
1,"[-2.35117207 -2.         -1.82166377 -1.81586919 -1.2754174  -0.84616909
 -0.42869764  1.48819977  1.89321902  2.17963309  4.97793728]","[-2.59828348 -2.17645117 -1.9288815  -1.55764858 -1.13406871 -0.60160028
 -0.25106233  0.23320544  1.84937552  2.10249459  6.06292051]"
1,"[-2.35117207 -2.         -1.82166377 -1.81586919 -1.2754174  -0.84616909
 -0.42869764  1.48819977  1.89321902  2.17963309  4.97793728]","[-2.93211877 -2.24047297 -1.84284496 -1.25765399 -1.         -0.61807533
 -0.21849458  0.41193608  1.39629357  2.22727751  6.07415345]"
0,"[-2.35117207 -2.         -1.82166377 -1.81586919 -1.2754174  -0.84616909
 -0.42869764  1.48819977  1.89321902  2.17963309  4.97793728]","[-3.16385055e+00 -2.71338646e+00 -1.57260671e+00 -1.20429728e+00
 -7.64994005e-01 -3.19119463e-01 -2.05402720e-16  5.78160685e-01
  1.42738143e+00  1.65864251e+00  6.07406983e+00]"
0,"[-2.35117207 -2.         -1.82166377 -1.81586919 -1.2754174  -0.84616909
 -0.42869764  1.48819977  1.89321902  2.17963309  4.97793728]","[-2.86619826e+00 -2.14321958e+00 -2.00000000e+00 -1.39489424e+00
 -1.00000000e+00 -5.89867306e-01  1.52881976e-16  2.10755881e-01
  1.65544238e+00  2.05390375e+00  6.07407737e+00]"
-1,"[-2.35117207 -2.         -1.82166377 -1.81586919 -1.2754174  -0.84616909
 -0.42869764  1.48819977  1.89321902  2.17963309  4.97793728]","[-2.30538788 -2.22334156 -1.79938113 -1.73622532 -0.8619193  -0.7476568
 -0.55806216  0.12544154  1.3689364   2.66382846  6.07376775]"
1,"[-2.35117207 -2.         -1.82166377 -1.81586919 -1.2754174  -0.84616909
 -0.42869764  1.48819977  1.89321902  2.17963309  4.97793728]","[-3.28894625 -2.16873598 -1.79941208 -1.         -1.         -0.76938508
 -0.48349578  0.11994171  1.96257144  2.33774053  6.0897215 ]"
1,"[-2.35117207 -2.         -1.82166377 -1.81586919 -1.2754174  -0.84616909
 -0.42869764  1.48819977  1.89321902  2.17963309  4.97793728]","[-2.46947526 -2.22334156 -1.85010358 -1.79938113 -0.87578704 -0.8619193
 -0.55806216  1.04694518  1.3689364   2.1484207   6.07376775]"
0,"[-2.35117207 -2.         -1.82166377 -1.81586919 -1.2754174  -0.84616909
 -0.42869764  1.48819977  1.89321902  2.17963309  4.97793728]","[-3.34889422 -2.39593186 -1.79941208 -1.         -1.         -0.76938508
 -0.48349578  1.          1.74482608  1.96257144  6.0897215 ]"
-1,"[-2.33612491 -2.         -1.89093422 -1.7097946  -1.20932602 -0.86017007
 -0.40537893  1.59675     1.87869319  2.1374157   4.79886987]","[-2.90879827 -2.         -1.84723665 -1.50007522 -1.12309908 -0.57766854
 -0.28321051  0.8480494   1.64086642  2.03858385  5.7125886 ]"
0,"[-2.33612491 -2.         -1.89093422 -1.7097946  -1.20932602 -0.86017007
 -0.40537893  1.59675     1.87869319  2.1374157   4.79886987]","[-2.68977169 -2.2852523  -1.66521622 -1.36757896 -1.2570312  -0.64345545
 -0.37776971  0.88952651  1.33137822  2.3480461   5.71712469]"
-1,"[-2.33612491 -2.         -1.89093422 -1.7097946  -1.20932602 -0.86017007
 -0.40537893  1.59675     1.87869319  2.1374157   4.79886987]","[-2.81230301 -2.31791834 -2.18054526 -1.30665592 -0.7735024  -0.45719788
 -0.20019501  0.94499179  1.46438619  1.9228245   5.71611535]"
1,"[-2.27969323 -2.23606798 -1.73205081 -1.64229608 -1.         -1.
 -0.34839278  1.66453828  1.73205081  2.23606798  4.60584381]","[-2.67513087e+00 -2.24859446e+00 -2.00000000e+00 -1.53918887e+00
 -1.00000000e+00 -5.99692541e-01 -7.25819196e-16  1.21431974e+00
  1.53540391e+00  2.00000000e+00  5.31288308e+00]"
1,"[-2.49211709 -2.10283751 -1.74715035 -1.51531755 -1.         -0.91604158
 -0.41180341  1.42244042  1.83453201  2.31948374  4.60881132]","[-2.73372822 -2.07298267 -1.90206361 -1.51831415 -0.95426331 -0.64753091
 -0.33094778  1.00085504  1.61744988  2.21967491  5.32185082]"
0,"[-2.27346122 -2.27227328 -1.83822809 -1.43782878 -1.19327904 -0.76346739
 -0.42883267  1.34275451  2.12966813  2.14012267  4.59482517]","[-2.83740485 -2.24698612 -1.86270933 -1.         -1.         -0.80873692
 -0.44851283  1.02580766  1.77408357  2.12701149  5.27744732]"
-1,"[-2.27346122 -2.27197657 -1.91576981 -1.43782878 -1.23982663 -0.73508109
 -0.42883267  1.23210399  2.1318412   2.14012267  4.7987089 ]","[-2.61218509e+00 -2.34292308e+00 -2.00000000e+00 -1.57528596e+00
 -1.00000000e+00 -4.70683420e-01 -6.44045867e-17  5.22330686e-01
  1.81360650e+00  1.95574502e+00  5.70939535e+00]"
1,"[-2.62480115 -2.         -1.89039133 -1.75421536 -1.         -0.51298744
 -0.41421356  1.2581735   1.48297115  2.41421356  5.04125063]","[-2.38230181 -2.         -2.         -1.50695674 -1.         -0.69403524
 -0.41421356  0.23925033  1.06939741  2.41421356  6.27464605]"
0,"[-2.36125216 -2.         -2.         -1.73205081 -1.         -0.78433302
 -0.41421356  1.35157188  1.73205081  2.41421356  4.79401329]","[-2.78231873 -2.43650218 -1.61383748 -1.38391289 -1.14404308 -0.49359938
 -0.26386424  0.95178525  1.10909146  2.35750086  5.69970041]"
0,"[-2.36125216 -2.         -2.         -1.73205081 -1.         -0.78433302
 -0.41421356  1.35157188  1.73205081  2.41421356  4.79401329]","[-3.08775859 -1.9687119  -1.86080585 -1.51788136 -1.         -0.34169831
 -0.25410169  0.76846814  1.44838622  2.11490754  5.69919581]"
0,"[-2.48896091 -2.         -1.94439262 -1.44134731 -1.         -0.92138715
 -0.34079196  1.35493749  1.73717334  2.44678645  4.59798267]","[-2.98509247e+00 -2.18313058e+00 -1.92977821e+00 -1.41421356e+00
 -7.80574530e-01 -5.82336176e-01  5.69534664e-16  1.00763298e+00
  1.41421356e+00  2.16784190e+00  5.28543708e+00]"
0,"[-2.3013102  -2.         -2.         -1.7400819  -1.41421356 -0.61803399
 -0.3350768   1.41421356  1.61803399  2.39253713  4.98393178]","[-3.12095295e+00 -2.48119430e+00 -2.00000000e+00 -1.02174092e+00
 -6.88892183e-01 -2.06568421e-16  2.80170568e-18  2.18179234e-16
  1.17008649e+00  2.06336705e+00  6.07932682e+00]"
1,"[-2.3013102  -2.         -2.         -1.7400819  -1.41421356 -0.61803399
 -0.3350768   1.41421356  1.61803399  2.39253713  4.98393178]","[-2.76401493e+00 -2.53910642e+00 -1.69382246e+00 -1.19329878e+00
 -8.64807074e-01 -6.03661469e-01 -1.61961973e-16  1.28240173e-16
  1.06149885e+00  2.50625351e+00  6.09095876e+00]"
0,"[-2.3013102  -2.         -2.         -1.7400819  -1.41421356 -0.61803399
 -0.3350768   1.41421356  1.61803399  2.39253713  4.98393178]","[-2.83528927 -2.32040912 -1.80193774 -1.61803399 -0.88344428 -0.44504187
 -0.20944617  0.61803399  1.2469796   2.15796716  6.09062168]"
1,"[-2.3013102  -2.         -2.         -1.7400819  -1.41421356 -0.61803399
 -0.3350768   1.41421356  1.61803399  2.39253713  4.98393178]","[-2.9738197  -2.59243533 -1.77637812 -1.23392585 -0.87943519 -0.78370572
 -0.16829558  0.44271997  1.09118356  2.76668338  6.10740857]"
-1,"[-2.3013102  -2.         -2.         -1.7400819  -1.41421356 -0.61803399
 -0.3350768   1.41421356  1.61803399  2.39253713  4.98393178]","[-3.00000000e+00+0.00000000e+00j -2.73205081e+00+0.00000000e+00j
 -1.34755069e+00+0.00000000e+00j -1.00000000e+00+0.00000000e+00j
 -1.00000000e+00+0.00000000e+00j -7.99559262e-01+0.00000000e+00j
 -9.09962843e-18-5.18275377e-17j -9.09962843e-18+5.18275377e-17j
  7.32050808e-01+0.00000000e+00j  3.03895375e+00+0.00000000e+00j
  6.10815620e+00+0.00000000e+00j]"
0,"[-2.35679089 -2.         -1.92562624 -1.76607359 -1.23479104 -0.59965946
 -0.38296312  1.26494626  1.84437176  2.35817776  4.79840856]","[-2.96647428 -2.39131019 -1.79481615 -1.42159711 -0.58020239 -0.47276685
 -0.29527573  0.58740648  1.64163316  1.98152053  5.71188253]"
-1,"[-2.35679089 -2.         -1.92562624 -1.76607359 -1.23479104 -0.59965946
 -0.38296312  1.26494626  1.84437176  2.35817776  4.79840856]","[-2.78201197 -2.27783448 -1.58309543 -1.4035729  -1.19604403 -0.46548342
 -0.37514664  0.58875419  1.3069707   2.47576209  5.71170189]"
0,"[-2.3254951  -2.27969323 -1.85404702 -1.64229608 -1.         -0.54209447
 -0.34839278  1.17692269  1.66453828  2.54471389  4.60584381]","[-2.75030605e+00 -2.24859446e+00 -2.00000000e+00 -1.70130215e+00
 -5.99692541e-01 -3.50931046e-01 -2.18601909e-16  5.37810919e-01
  1.53540391e+00  2.26472833e+00  5.31288308e+00]"
0,"[-2.31443718 -2.23189536 -2.         -1.2871329  -1.22782519 -0.59026863
 -0.41777266  1.07422251  2.1176162   2.27973884  4.59775437]","[-2.90767103 -2.71338646 -1.32545899 -1.20429728 -0.86553208 -0.40848126
 -0.31911946  0.57816069  1.65864251  2.22157883  5.28556453]"
-1,"[-2.31443718 -2.23189536 -2.         -1.2871329  -1.22782519 -0.59026863
 -0.41777266  1.07422251  2.1176162   2.27973884  4.59775437]","[-2.90767103 -2.17645117 -1.55764858 -1.32545899 -0.86553208 -0.60160028
 -0.40848126  0.23320544  2.10249459  2.22157883  5.28556453]"
1,"[-2.31443718 -2.23189536 -2.         -1.2871329  -1.22782519 -0.59026863
 -0.41777266  1.07422251  2.1176162   2.27973884  4.59775437]","[-2.86619826+0.00000000e+00j -2.        +0.00000000e+00j
 -1.75367579+0.00000000e+00j -1.        -1.40380915e-16j
 -1.        +1.40380915e-16j -0.80886254+0.00000000e+00j
 -0.39894165+0.00000000e+00j  0.21075588+0.00000000e+00j
  1.65544238+0.00000000e+00j  2.67333295+0.00000000e+00j
  5.28814704+0.00000000e+00j]"
1,"[-2.52952951 -2.19037357 -1.73205081 -1.49030763 -1.         -0.8333664
 -0.72697024  1.55115698  1.73205081  2.21437166  5.0050187 ]","[-2.66893139 -2.20262529 -2.         -1.35320915 -1.         -0.66825251
 -0.44375401  0.82210279  1.31628406  2.03335467  6.16503082]"
1,"[-2.52952951 -2.19037357 -1.73205081 -1.49030763 -1.         -0.8333664
 -0.72697024  1.55115698  1.73205081  2.21437166  5.0050187 ]","[-2.67513087 -2.25885125 -1.94302524 -1.53918887 -1.43899212 -0.58815441
 -0.4347922   0.94812981  1.21431974  2.53629947  6.17938594]"
0,"[-2.44795142 -2.21646881 -1.75202071 -1.43354737 -1.         -0.81351592
 -0.71815269  1.39522346  1.90269804  2.28965932  4.7940761 ]","[-2.74528901 -2.46742959 -1.92171211 -1.49936964 -0.84355789 -0.45786772
 -0.16837546  0.94976082  1.45428529  2.0023548   5.6972005 ]"
-1,"[-2.44795142 -2.21646881 -1.75202071 -1.43354737 -1.         -0.81351592
 -0.71815269  1.39522346  1.90269804  2.28965932  4.7940761 ]","[-2.47328577 -2.39125118 -1.65215637 -1.50487868 -1.26869616 -0.74899989
 -0.37883548  0.94390598  1.44540034  2.33430118  5.69449603]"
0,"[-2.68373787 -2.         -1.73205081 -1.         -1.         -1.
 -0.79870176  1.48011767  1.73205081  2.39377177  4.6085502 ]","[-2.93815169 -2.02853596 -1.80193774 -1.57735159 -0.97285652 -0.44504187
 -0.32774698  1.2469796   1.45418242  2.06945305  5.32100725]"
0,"[-2.49706942 -2.27657809 -1.69200706 -1.         -1.         -1.
 -0.73864384  1.25629651  2.07634355  2.27953637  4.59212199]","[-2.64248251 -2.26185901 -2.         -1.43708226 -0.96167153 -0.66551138
 -0.21537156  1.02610627  1.75498758  2.13815275  5.26473166]"
-1,"[-2.49706942 -2.27657809 -1.69200706 -1.         -1.         -1.
 -0.73864384  1.25629651  2.07634355  2.27953637  4.59212199]","[-2.39012531 -2.36692113 -1.78778903 -1.63090573 -0.93059313 -0.67167025
 -0.6072993   1.0945574   1.76593282  2.25990886  5.2649048 ]"
1,"[-2.40758436 -2.23606798 -1.627654   -1.         -1.         -1.
 -0.75498763  1.0565203   2.23606798  2.31884465  4.41486105]","[-2.64861771 -2.         -1.53208889 -1.502837   -1.34764771 -0.74033858
 -0.34729636  1.12060344  1.87938524  2.18694412  4.93189345]"
0,"[-2.58054603 -2.06592559 -1.70425606 -1.43272291 -1.         -0.87599661
 -0.49305591  1.19951442  1.97112126  2.39373605  4.58813139]","[-3.03871233 -2.15614142 -1.75832756 -1.19048447 -1.         -0.69895023
 -0.28438508  1.24708057  1.42404832  2.20137665  5.25449554]"
0,"[-2.58054603 -2.06592559 -1.70425606 -1.43272291 -1.         -0.87599661
 -0.49305591  1.19951442  1.97112126  2.39373605  4.58813139]","[-3.00783121e+00 -2.52113147e+00 -1.58913602e+00 -1.36822383e+00
 -8.35243235e-01 -5.27902764e-01  2.45146219e-16  1.02412503e+00
  1.47730804e+00  2.09365993e+00  5.25437553e+00]"
0,"[-2.58054603 -2.06592559 -1.70425606 -1.43272291 -1.         -0.87599661
 -0.49305591  1.19951442  1.97112126  2.39373605  4.58813139]","[-2.59651352 -2.29743948 -1.72307844 -1.47083959 -0.87401171 -0.76936632
 -0.5652201   1.1589335   1.35836997  2.52462477  5.25454091]"
-1,"[-2.60082858 -2.04266176 -1.76646591 -1.43849348 -1.         -0.83920595
 -0.66205727  1.41847015  1.95275658  2.1558225   4.82266372]","[-2.58457989 -1.94499792 -1.68025106 -1.40125181 -1.36571762 -1.
 -0.50636434  0.98905961  1.5510534   2.14142021  5.80162943]"
-1,"[-2.37882088 -2.16361382 -1.83713766 -1.73205081 -1.         -0.80498981
 -0.33788517  1.41210345  1.73205081  2.28037676  4.82996712]","[-2.65764131e+00 -2.32362097e+00 -2.00000000e+00 -1.26070451e+00
 -1.00000000e+00 -6.62408071e-01  1.53629198e-16  9.35894845e-01
  1.00000000e+00  2.12879775e+00  5.83968226e+00]"
1,"[-2.51602642 -2.27047413 -1.68548068 -1.27704492 -1.         -0.76079895
 -0.42046722  1.17250926  2.10281032  2.24435631  4.41061643]","[-2.82345955 -2.41416709 -1.75834482 -1.25511499 -0.71932793 -0.44384867
 -0.36673052  0.98013129  1.91392928  1.96950038  4.9174326 ]"
0,"[-2.35606207 -2.22511749 -1.83961559 -1.58544839 -1.         -0.75540561
 -0.35088388  1.30021401  1.89966286  2.29130634  4.62134983]","[-2.42427828 -2.30854759 -1.95964491 -1.49877656 -0.92505085 -0.81927416
 -0.22800048  1.18588325  1.42074037  2.17387696  5.38307224]"
1,"[-2.43894567 -2.43890352 -1.73778268 -1.3539275  -1.11688435 -0.73507029
 -0.5192545   1.28684593  1.77747383  2.24105537  5.03539336]","[-2.73722481 -2.17645117 -1.55764858 -1.46751301 -0.82646271 -0.60160028
 -0.58051644  0.23320544  1.31941037  2.10249459  6.29230659]"
1,"[-2.43894567 -2.43890352 -1.73778268 -1.3539275  -1.11688435 -0.73507029
 -0.5192545   1.28684593  1.77747383  2.24105537  5.03539336]","[-3.07262029 -2.30538788 -1.73622532 -1.69510112 -0.94996897 -0.7476568
 -0.29964045  0.12544154  1.71142638  2.66382846  6.30590446]"
0,"[-2.57252556 -2.         -1.83258074 -1.38672034 -1.30277564 -0.61803399
 -0.60462401  1.57373985  1.61803399  2.30277564  4.8227108 ]","[-3.12307836e+00 -3.10946830e+00 -1.48434308e+00 -1.14391965e+00
 -6.95770655e-01 -3.69109503e-01 -1.68417742e-16  6.78842688e-01
  1.49346675e+00  1.91496870e+00  5.83841142e+00]"
0,"[-2.57252556 -2.         -1.83258074 -1.38672034 -1.30277564 -0.61803399
 -0.60462401  1.57373985  1.61803399  2.30277564  4.8227108 ]","[-3.27445521 -1.9711806  -1.88450823 -1.32525612 -1.14380197 -0.53135138
 -0.27484193  0.57705542  1.90716414  2.07966024  5.84151564]"
-1,"[-2.57252556 -2.         -1.83258074 -1.38672034 -1.30277564 -0.61803399
 -0.60462401  1.57373985  1.61803399  2.30277564  4.8227108 ]","[-2.40944747 -2.         -1.61803399 -1.50186917 -1.30277564 -1.13304323
 -0.40928238  0.61803399  1.64004594  2.30277564  5.81359632]"
0,"[-3.         -1.65144224 -1.56155281 -1.         -1.         -1.
 -0.59950071  1.          1.82620368  2.56155281  4.42473926]","[-2.61803399 -2.         -1.61803399 -1.39542603 -1.30277564 -0.57653473
 -0.38196601  0.61803399  2.          2.30277564  4.97196077]"
0,"[-2.80189813 -1.87227621 -1.65063958 -1.37032595 -1.         -0.82883082
 -0.42872822  0.79681512  2.12190436  2.44578704  4.58819238]","[-3.13985371e+00 -2.17645117e+00 -1.55764858e+00 -1.41823838e+00
 -7.02894006e-01 -6.01600277e-01 -2.04294845e-17  2.33205437e-01
  2.00647041e+00  2.10249459e+00  5.25451569e+00]"
0,"[-2.80189813 -1.87227621 -1.65063958 -1.37032595 -1.         -0.82883082
 -0.42872822  0.79681512  2.12190436  2.44578704  4.58819238]","[-2.46947526 -2.14358956 -1.85010358 -1.71652695 -0.87578704 -0.87237726
 -0.48370113  1.04694518  1.96085495  2.1484207   5.25533995]"
-1,"[-2.80189813 -1.87227621 -1.65063958 -1.37032595 -1.         -0.82883082
 -0.42872822  0.79681512  2.12190436  2.44578704  4.58819238]","[-2.30538788 -2.14358956 -1.73622532 -1.71652695 -0.87237726 -0.7476568
 -0.48370113  0.12544154  1.96085495  2.66382846  5.25533995]"
-1,"[-2.51223622 -2.15864941 -1.94552812 -1.28894993 -1.         -0.86654669
 -0.51316156  1.61007488  1.68525494  2.13334256  4.85639955]","[-2.82450336 -2.41980886 -1.86039599 -1.44392352 -0.77113373 -0.6694006
 -0.46152933  0.85872385  1.30442255  2.32934557  5.95820343]"
0,"[-2.49991064 -2.08489827 -1.88556467 -1.36621382 -1.         -0.79499338
 -0.57108746  1.46899223  1.9118982   2.19804575  4.62373207]","[-2.85000249 -2.37065644 -1.56372596 -1.30800754 -1.         -0.60806297
 -0.31538978  1.20801584  1.33694606  2.08039415  5.39048913]"
0,"[-2.43913757 -2.23606798 -1.86032512 -1.         -1.         -1.
 -0.50127311  1.39799382  2.          2.23606798  4.40274198]","[-2.85554271 -2.1924845  -1.51808121 -1.50097191 -1.1377298  -0.55345496
 -0.27493127  1.55310135  1.63442512  1.95825237  4.88741752]"
1,"[-2.43913757 -2.23606798 -1.86032512 -1.         -1.         -1.
 -0.50127311  1.39799382  2.          2.23606798  4.40274198]","[-2.81847134 -2.         -1.56365233 -1.37423266 -1.30277564 -0.61803399
 -0.41951575  1.28849113  1.61803399  2.30277564  4.88738094]"
0,"[-2.61803399 -2.         -2.         -1.30277564 -0.61803399 -0.61803399
 -0.38196601  1.61803399  1.61803399  2.30277564  4.        ]","[-2.61803399 -2.         -2.         -1.30277564 -0.61803399 -0.61803399
 -0.38196601  1.61803399  1.61803399  2.30277564  4.        ]"
0,"[-2.60432072 -2.40876867 -1.80193774 -1.44924062 -1.         -0.44504187
 -0.1847454   1.          1.2469796   2.59024199  5.05683342]","[-2.87938524e+00 -2.80848618e+00 -1.55425298e+00 -1.00000000e+00
 -8.88463486e-01 -6.52703645e-01  2.95264903e-16  3.89529744e-01
  5.32088886e-01  2.49550973e+00  6.36616317e+00]"
1,"[-2.60432072 -2.40876867 -1.80193774 -1.44924062 -1.         -0.44504187
 -0.1847454   1.          1.2469796   2.59024199  5.05683342]","[-2.87938524 -2.61803399 -1.73352986 -1.28143725 -0.88672523 -0.65270364
 -0.38196601  0.40910129  0.53208889  3.11159297  6.38099808]"
0,"[-2.69242837 -2.06149885 -1.79728991 -1.44146794 -1.         -0.39633853
 -0.34861054  0.69382246  1.76401493  2.68504266  4.5947541 ]","[-3.28553420e+00+0.00000000e+00j -2.48119430e+00+0.00000000e+00j
 -1.56761014e+00+0.00000000e+00j -8.93825530e-01+0.00000000e+00j
 -6.88892183e-01+0.00000000e+00j -3.30891409e-16+0.00000000e+00j
  7.98277897e-17-7.71975207e-17j  7.98277897e-17+7.71975207e-17j
  1.17008649e+00+0.00000000e+00j  2.46970997e+00+0.00000000e+00j
  5.27725990e+00+0.00000000e+00j]"
0,"[-2.69242837 -2.06149885 -1.79728991 -1.44146794 -1.         -0.39633853
 -0.34861054  0.69382246  1.76401493  2.68504266  4.5947541 ]","[-2.5969011  -2.06674342 -1.80193774 -1.61803399 -1.2092519  -0.44504187
 -0.16898044  0.61803399  1.2469796   2.76436767  5.27750918]"
-1,"[-2.69242837 -2.06149885 -1.79728991 -1.44146794 -1.         -0.39633853
 -0.34861054  0.69382246  1.76401493  2.68504266  4.5947541 ]","[-2.76401493e+00 -2.07536936e+00 -1.69382246e+00 -1.34556247e+00
 -8.93805682e-01 -6.03661469e-01 -1.53332341e-16  4.53581514e-17
  1.06149885e+00  3.03576607e+00  5.27897144e+00]"
1,"[-2.54924581 -2.1063697  -1.837025   -1.55929595 -1.54561962 -0.34613641
 -0.15759673  1.16509438  1.65816801  2.20146392  5.07656293]","[-2.71376521 -2.14112853 -1.90363576 -1.68344327 -1.12124535 -0.62913509
  0.16676661  0.21567551  1.26835332  2.05966119  6.48189657]"
1,"[-2.54924581 -2.1063697  -1.837025   -1.55929595 -1.54561962 -0.34613641
 -0.15759673  1.16509438  1.65816801  2.20146392  5.07656293]","[-3.67062252 -2.21109339 -1.57357647 -1.36268307 -0.90326782 -0.65512103
 -0.4505825   0.20583671  1.48258991  2.58687134  6.55164883]"
-1,"[-2.4508597  -2.         -1.85860131 -1.66913609 -1.54561407 -0.41601141
 -0.12269318  1.27171985  1.68770879  2.23257079  4.87091634]","[-2.92028423 -2.         -1.69005289 -1.46601169 -1.32218412 -0.71444483
 -0.13856888  0.40474718  1.48641916  2.32716212  6.03321818]"
1,"[-2.45476883 -2.1109591  -1.89894226 -1.43189763 -1.28573203 -0.49627336
 -0.10932777  1.20582132  1.7353019   2.41199329  4.43478445]","[-2.4620473  -2.33350188 -1.55926965 -1.44195338 -1.33194901 -0.4292014
 -0.1306146   0.62118449  1.70646826  2.33545814  5.02542632]"
0,"[-2.27988171 -2.18527292 -1.76698541 -1.64917966 -1.54782873 -0.39780742
 -0.1191891   1.10488492  1.96656251  2.23369008  4.64100743]","[-2.71338646 -2.2295016  -1.78272797 -1.22351944 -1.20429728 -0.31911946
 -0.2934848   0.57816069  1.65864251  2.04365939  5.48557442]"
0,"[-2.46050487 -2.45024439 -1.7658374  -1.16246321 -1.         -0.40421136
 -0.23912328  1.          1.69962815  2.56659906  4.21615731]","[-2.71338646 -2.14004124 -1.73246679 -1.20429728 -0.90122237 -0.39902531
 -0.31911946  0.57816069  1.65864251  2.65816797  4.51458773]"
-1,"[-2.52498162 -2.27988171 -1.64917966 -1.54782873 -1.15339804 -0.39780742
 -0.21837699  0.72351534  2.17324132  2.23369008  4.64100743]","[-2.2295016  -2.17645117 -1.78272797 -1.55764858 -1.22351944 -0.60160028
 -0.2934848   0.23320544  2.04365939  2.10249459  5.48557442]"
2,"[-2.45024439 -2.06962793 -1.7658374  -1.16246321 -1.         -0.58277198
 -0.40421136  0.36198928  2.29041062  2.56659906  4.21615731]","[-2.17645117 -2.14004124 -1.73246679 -1.55764858 -0.90122237 -0.60160028
 -0.39902531  0.23320544  2.10249459  2.65816797  4.51458773]"
-1,"[-2.70802807 -1.95416447 -1.85711254 -1.39322436 -1.20487203 -0.44375015
 -0.19861966  0.75766797  1.95374921  2.39746522  4.65088887]","[-2.936621   -2.08553243 -1.76966679 -1.36039173 -0.85029611 -0.79124192
 -0.29666573  0.22095955  1.67147326  2.65655601  5.54142688]"
-1,"[-2.75798563 -2.06149885 -1.84852735 -1.34750844 -1.         -0.39633853
 -0.22383698  0.69382246  1.76401493  2.5050117   4.6728467 ]","[-2.71376521 -2.14112853 -1.93283996 -1.65628904 -0.88675295 -0.62913509
  0.18792944  0.21567551  1.26835332  2.66849165  5.61946086]"
-1,"[-2.55204048e+00 -2.00000000e+00 -1.82647939e+00 -1.73205081e+00
 -1.41421356e+00 -4.56919918e-01 -1.88011576e-16  1.41421356e+00
  1.73205081e+00  1.90433493e+00  4.93110486e+00]","[-3.56155281e+00+0.00000000e+00j -2.30277564e+00+0.00000000e+00j
 -2.00000000e+00+0.00000000e+00j -1.67289016e+00+0.00000000e+00j
 -7.34885747e-01+0.00000000e+00j  3.56206147e-17-6.32486409e-17j
  3.56206147e-17+6.32486409e-17j  5.61552813e-01+0.00000000e+00j
  1.30277564e+00+0.00000000e+00j  2.04564404e+00+0.00000000e+00j
  6.36213187e+00+0.00000000e+00j]"
1,"[-2.29314866e+00 -2.17532775e+00 -2.00000000e+00 -1.64843384e+00
 -1.12603250e+00 -4.83844193e-01 -1.86495299e-16  1.12603250e+00
  1.95832589e+00  2.17532775e+00  4.46710080e+00]","[-3.10946830e+00 -2.00000000e+00 -1.92042850e+00 -1.48434308e+00
 -8.98228643e-01 -4.35361181e-01  2.08972903e-16  6.78842688e-01
  1.91496870e+00  2.04504687e+00  5.20897146e+00]"
1,"[-2.94493366 -2.1835118  -1.80193774 -1.16448979 -1.         -0.44504187
 -0.23902064  1.          1.2469796   2.39096981  5.14098609]","[-3.30277564e+00 -2.53208889e+00 -1.72454913e+00 -1.34729636e+00
 -1.23420196e+00 -8.10286698e-01 -4.69406128e-16  3.02775638e-01
  8.79385242e-01  2.99652240e+00  6.77251539e+00]"
0,"[-2.63865763 -2.07607027 -1.91898595 -1.30972147 -1.20183335 -0.30439224
 -0.28462968  0.83083003  1.68250707  2.58108965  4.63986383]","[-2.54884782 -2.06799247 -1.80193774 -1.61803399 -1.1021724  -0.44504187
 -0.20533398  0.61803399  1.2469796   2.45018774  5.47415893]"
-1,"[-2.63865763 -2.07607027 -1.91898595 -1.30972147 -1.20183335 -0.30439224
 -0.28462968  0.83083003  1.68250707  2.58108965  4.63986383]","[-2.9738197  -2.07835414 -1.77637812 -1.32956172 -0.86297937 -0.78370572
 -0.20508207  0.44271997  1.09118356  2.9721249   5.5038524 ]"
0,"[-3.0825472  -1.80193774 -1.47079287 -1.15658334 -1.         -0.44504187
 -0.35007558  1.          1.2469796   2.83983997  4.22015902]","[-2.83339675 -1.80193774 -1.61803399 -1.38689841 -0.90176665 -0.44504187
 -0.3399683   0.61803399  1.2469796   2.9314316   4.53059851]"
1,"[-2.76997352 -2.         -1.86080585 -1.69315773 -1.         -0.42315779
 -0.25410169  1.          1.77417587  2.11490754  5.11211317]","[-3.73205081 -1.86080585 -1.70673927 -1.29544053 -1.         -0.56989388
 -0.26794919 -0.25410169  1.90445414  2.11490754  6.66761954]"
-1,"[-2.33395979 -2.17632671 -2.         -1.65406977 -1.         -0.54438193
 -0.25139951  1.09993083  2.01120458  2.19740589  4.65159641]","[-3.24765476+0.0000000e+00j -2.18770608+0.0000000e+00j
 -1.54144045+0.0000000e+00j -1.        -5.9886079e-17j
 -1.        +5.9886079e-17j -0.75954455+0.0000000e+00j
 -0.28265567+0.0000000e+00j  0.2803611 +0.0000000e+00j
  1.9362725 +0.0000000e+00j  2.26295107+0.0000000e+00j
  5.53941683+0.0000000e+00j]"
1,"[-2.30277564 -2.19291536 -1.86080585 -1.72048276 -1.         -0.58021362
 -0.25410169  1.30277564  2.06128559  2.11490754  4.43232616]","[-2.76045662 -1.95020553 -1.86080585 -1.57896903 -1.         -0.32096356
 -0.25410169  0.82778877  1.76475704  2.11490754  5.01804894]"
0,"[-2.50785771 -2.38266326 -1.64104308 -1.29656933 -1.         -0.4326712
 -0.32646662  1.          2.02500989  2.35017296  4.21208835]","[-2.75030605 -2.33055622 -1.70130215 -1.         -0.8461379  -0.42807963
 -0.35093105  0.53781092  2.10702332  2.26472833  4.49775043]"
1,"[-2.40009843 -2.         -2.         -1.86080585 -1.         -0.3442466
 -0.25410169  1.          2.07257125  2.11490754  4.67177378]","[-3.00000000e+00 -2.34292308e+00 -2.00000000e+00 -1.00000000e+00
 -8.10821027e-01 -4.70683420e-01 -1.55179556e-16 -9.14120241e-17
  1.81360650e+00  2.19688678e+00  5.61393425e+00]"
1,"[-3.01515308e+00 -2.05371123e+00 -1.61803399e+00 -1.43283281e+00
 -1.41421356e+00  4.89251671e-19  1.85021561e-01  6.18033989e-01
  1.41421356e+00  2.10318367e+00  5.21349189e+00]","[-4.30277564 -1.88399511 -1.80193774 -1.19470714 -0.83469255 -0.69722436
 -0.44504187  0.24139734  1.2469796   2.43865797  7.2333395 ]"
-1,"[-2.69118712 -2.         -1.91898595 -1.46292947 -1.30972147 -0.28462968
  0.16755557  0.83083003  1.68250707  2.23168291  4.7548781 ]","[-3.67062252 -2.14532367 -1.49030573 -1.36268307 -0.93601582 -0.65512103
  0.19116023  0.20583671  1.48258991  2.29978715  6.08069785]"
1,"[-3.35889894e+00 -1.87938524e+00 -1.87938524e+00 -1.00000000e+00
 -1.00000000e+00 -4.60127785e-17  3.47296355e-01  3.47296355e-01
  1.53208889e+00  1.53208889e+00  5.35889894e+00]","[-5.         -1.87938524 -1.87938524 -1.         -1.         -1.
  0.34729636  0.34729636  1.53208889  1.53208889  8.        ]"
1,"[-2.66618486 -2.06827507 -1.81461362 -1.71036726 -1.07365298 -0.51450298
 -0.26919559  1.13439944  1.58088494  2.33539909  5.06610889]","[-2.85947261e+00 -2.43520795e+00 -1.55795497e+00 -1.34990921e+00
 -8.46310543e-01 -6.64384830e-01 -3.45080452e-01  1.70724654e-16
  1.27012138e+00  2.37698035e+00  6.41121883e+00]"
-1,"[-2.3628698  -2.1497211  -1.83750984 -1.71099144 -1.         -0.71326167
 -0.33423496  1.32689761  1.88139023  2.27460959  4.6256914 ]","[-2.68535963 -2.24703469 -1.91969579 -1.21803215 -0.87462798 -0.65048551
 -0.46105006  1.03405128  1.38595397  2.23326629  5.40301426]"
1,"[-2.32150134 -2.26379302 -1.93503568 -1.54056073 -1.09357058 -0.49834239
 -0.34997499  1.14709252  1.8932601   2.32719524  4.63523088]","[-2.34869395 -2.23357105 -1.94013769 -1.37059482 -0.86317725 -0.73861902
 -0.35600453  0.21103059  1.96432578  2.24469774  5.43074422]"
-1,"[-2.48147638 -2.14590454 -1.92162942 -1.59695357 -1.         -0.36244378
 -0.3269086   0.86692577  1.90560945  2.42869665  4.63408443]","[-2.64741432e+00 -2.27116905e+00 -1.93023261e+00 -1.16126115e+00
 -8.86915539e-01 -4.96226613e-01  1.11581006e-17  1.89022753e-16
  1.52997148e+00  2.43668957e+00  5.42655824e+00]"
-1,"[-2.52510478 -2.06803956 -1.79686254 -1.64893268 -1.09328449 -0.4985361
 -0.31604571  0.95711385  2.04287784  2.3251171   4.62169707]","[-2.66110731 -2.12235952 -1.76418108 -1.37967672 -0.8685452  -0.73660018
 -0.30056635  0.26234402  1.78089773  2.406594    5.3832006 ]"
0,"[-2.28610012 -2.26417722 -1.88413936 -1.69255093 -1.10259104 -0.64395235
 -0.32084284  1.23324686  1.78876072  2.34977153  4.82257476]","[-3.29904557e+00 -2.42432631e+00 -2.14668006e+00 -1.00000000e+00
 -6.86135210e-01 -4.16234809e-01  1.12081156e-16  5.24029974e-01
  1.56044371e+00  2.05093215e+00  5.83701613e+00]"
1,"[-2.55267888 -2.24007935 -1.71715041 -1.43771561 -1.         -0.44176608
 -0.30574956  0.8125246   2.08110229  2.39077367  4.41073935]","[-2.55192279 -2.19159695 -1.8787046  -1.37528692 -1.12141674 -0.47972864
 -0.12620673  0.57304651  1.74064707  2.49334498  4.91782481]"
-1,"[-2.57825565 -2.         -1.73044889 -1.53208889 -0.76995215 -0.46499307
 -0.34729636  0.97483906  1.87938524  2.5688107   4.        ]","[-2.57825565 -2.         -1.73044889 -1.53208889 -0.76995215 -0.46499307
 -0.34729636  0.97483906  1.87938524  2.5688107   4.        ]"
0,"[-2.48119430e+00 -2.14288326e+00 -2.00000000e+00 -1.56681976e+00
 -6.97252867e-01 -6.88892183e-01  5.47496271e-16  1.17008649e+00
  1.28903194e+00  2.70078320e+00  4.41714075e+00]","[-2.61803399 -2.56219648 -1.61803399 -1.59690666 -0.76571849 -0.38196601
  0.40525403  0.61803399  0.9835981   2.59078483  4.94518467]"
1,"[-2.55266412 -2.1178876  -1.80193774 -1.71377945 -0.70733007 -0.44504187
 -0.35684603  1.2469796   1.40100424  2.61895853  4.4285445 ]","[-2.69559281e+00 -2.00000000e+00 -1.72580793e+00 -1.49836926e+00
 -1.00000000e+00 -6.93829785e-01 -1.66515578e-16  9.17513044e-01
  1.00000000e+00  2.71399081e+00  4.98209593e+00]"
0,"[-2.47244848 -2.2469796  -1.91484254 -1.62702515 -0.57085116 -0.55495813
 -0.33934991  0.80193774  1.61308034  2.70662591  4.60481099]","[-3.01038789e+00 -2.09320227e+00 -2.00000000e+00 -1.46819829e+00
 -5.15002312e-01 -4.41833096e-16 -2.58306865e-17  1.22930349e-16
  1.25267861e+00  2.52432941e+00  5.30978274e+00]"
0,"[-2.48627190e+00 -2.00000000e+00 -2.00000000e+00 -1.56155281e+00
 -1.00000000e+00 -8.22187068e-01  1.64519858e-16  1.00000000e+00
  1.69749801e+00  2.56155281e+00  4.61096096e+00]","[-2.59228044e+00 -2.00000000e+00 -2.00000000e+00 -1.85138402e+00
 -1.30277564e+00 -6.97547915e-16  2.17419443e-16  1.00000000e+00
  1.08969087e+00  2.30277564e+00  5.35397358e+00]"
1,"[-2.8510355  -2.07063021 -1.80193774 -1.29846428 -1.         -0.66151512
 -0.44504187  1.2469796   1.46489145  2.32807777  5.08867589]","[-2.87938524 -2.66295035 -1.71326266 -1.42326192 -0.93602146 -0.65270364
 -0.46441771  0.53208889  1.24357272  2.45314801  6.50319335]"
0,"[-2.71602418 -2.         -1.77465177 -1.         -1.         -1.
 -0.40361882  1.21087089  1.76149685  2.51616212  4.4057649 ]","[-2.68825483 -2.13242982 -1.79627269 -1.40942406 -1.13545116 -0.47594806
 -0.40532472  1.26793244  1.60376321  2.27447912  4.89693056]"
0,"[-2.88690648 -1.80193774 -1.76542648 -1.13574655 -1.         -0.57264161
 -0.44504187  1.2469796   1.53411907  2.61441662  4.21218543]","[-2.93727751 -1.80193774 -1.68889409 -1.35426085 -0.89572658 -0.56991586
 -0.44504187  1.2469796   1.45770292  2.49036436  4.49800761]"
0,"[-2.50076864 -2.14407311 -2.         -1.1797935  -1.         -0.82670404
 -0.34508368  1.02854168  1.91018896  2.44661668  4.61107565]","[-2.57861818 -2.07537461 -1.80193774 -1.67680664 -0.92932684 -0.75031269
 -0.44504187  1.2469796   1.33684457  2.32417172  5.34942267]"
-1,"[-2.50076864 -2.14407311 -2.         -1.1797935  -1.         -0.82670404
 -0.34508368  1.02854168  1.91018896  2.44661668  4.61107565]","[-2.78679258 -2.08520896 -1.7210833  -1.33727252 -1.         -0.67128126
 -0.46801689  0.7899676   1.45533387  2.47807396  5.34628009]"
1,"[-2.53786825 -2.19601899 -1.80193774 -1.26159458 -1.         -0.84573523
 -0.44504187  1.2469796   1.81766153  2.40254897  4.62100654]","[-2.37288932 -2.2469796  -1.94510979 -1.35758903 -1.         -0.6916284
 -0.55495813  0.80193774  1.53973328  2.45445745  5.37302582]"
1,"[-2.60517476 -2.15182891 -1.80057437 -1.30182464 -1.         -0.67657082
 -0.23791229  1.00575551  1.99488991  2.33733262  4.43590773]","[-2.48530976 -2.19711382 -1.85631191 -1.36517711 -1.15540235 -0.53431459
 -0.24711971  0.9673927   1.48899709  2.35287662  5.03148284]"
0,"[-2.7699493  -2.11021137 -1.57523488 -1.15804242 -1.         -0.68775251
 -0.34726087  1.22244834  1.69923017  2.51136871  4.21540414]","[-2.59352959 -2.16867169 -1.5721353  -1.45977396 -0.90190418 -0.70381529
 -0.33839646  1.19537584  1.45192515  2.5792856   4.51163988]"
-1,"[-2.49899952 -2.15469208 -2.         -1.34302363 -1.         -0.66467094
 -0.29473069  1.14522006  1.79506864  2.36004335  4.65578482]","[-2.83691445 -2.28877186 -1.92877996 -1.48565849 -0.87882526 -0.60569198
 -0.20587775  0.86644272  1.30011798  2.50722762  5.55673142]"
0,"[-2.43913757 -2.27092245 -1.86032512 -1.46516317 -1.         -0.50127311
 -0.18015228  1.2526781   1.39799382  2.6635598   4.40274198]","[-3.04076993 -2.1924845  -1.50719151 -1.50097191 -0.55345496 -0.46525911
 -0.27493127  0.57766547  1.63442512  2.43555508  4.88741752]"
1,"[-2.43913757 -2.27092245 -1.86032512 -1.46516317 -1.         -0.50127311
 -0.18015228  1.2526781   1.39799382  2.6635598   4.40274198]","[-2.81847134 -1.61803399 -1.56365233 -1.47283391 -1.37423266 -0.46259842
 -0.41951575  0.61803399  1.28849113  2.93543233  4.88738094]"
0,"[-2.61803399 -2.         -1.61803399 -1.47283391 -0.61803399 -0.46259842
 -0.38196601  0.61803399  1.61803399  2.93543233  4.        ]","[-2.61803399 -2.         -1.61803399 -1.47283391 -0.61803399 -0.46259842
 -0.38196601  0.61803399  1.61803399  2.93543233  4.        ]"
1,"[-2.78395919 -2.30277564 -1.27743656 -1.         -1.         -1.
 -1.          1.30277564  2.          2.          5.06139576]","[-3.30277564e+00 -1.73205081e+00 -1.73205081e+00 -1.40512484e+00
 -1.00000000e+00 -1.00000000e+00  6.09510948e-16  3.02775638e-01
  1.73205081e+00  1.73205081e+00  6.40512484e+00]"
1,"[-2.69851614 -2.28677575 -1.         -1.         -1.         -1.
 -1.          1.21204514  2.          2.3665307   4.40671605]","[-2.58343513 -1.95429524 -1.73205081 -1.5002258  -1.         -1.
 -0.46866636  1.29060676  1.73205081  2.31665981  4.89935597]"
1,"[-2.40009843 -2.30277564 -2.         -1.         -1.         -1.
 -0.3442466   1.30277564  2.          2.07257125  4.67177378]","[-2.73205081e+00 -2.56155281e+00 -2.00000000e+00 -1.00000000e+00
 -1.00000000e+00 -8.10821027e-01 -2.26371278e-16  7.32050808e-01
  1.56155281e+00  2.19688678e+00  5.61393425e+00]"
-1,"[-2.50785771 -2.50701864 -1.29656933 -1.         -1.         -1.
 -0.4326712   1.22187616  2.02500989  2.28514248  4.21208835]","[-2.67513087+0.00000000e+00j -2.33055622+0.00000000e+00j
 -1.53918887+0.00000000e+00j -1.        -5.55111512e-17j
 -1.        +5.55111512e-17j -0.8461379 +0.00000000e+00j
 -0.42807963+0.00000000e+00j  1.21431974+0.00000000e+00j
  2.        +0.00000000e+00j  2.10702332+0.00000000e+00j
  4.49775043+0.00000000e+00j]"
-1,"[-2.50701864 -2.38789332 -1.55474885 -1.         -1.         -1.
 -0.69360977  1.22187616  2.01818231  2.28514248  4.61806963]","[-2.94882836 -2.25983505 -1.50764797 -1.         -1.         -1.
 -0.2627507   0.78281568  1.6659262   2.16601268  5.36430752]"
1,"[-2.47283391 -2.         -2.         -1.46259842 -1.         -1.
 -0.61803399  1.61803399  1.93543233  2.          5.        ]","[-3.09763636 -2.2067779  -1.73205081 -1.52360343 -1.         -0.84610212
 -0.55715858  1.04790136  1.73205081  2.01742101  6.16595602]"
1,"[-2.47283391 -2.         -2.         -1.46259842 -1.         -1.
 -0.61803399  1.61803399  1.93543233  2.          5.        ]","[-2.51257202e+00 -2.17144897e+00 -1.86664328e+00 -1.66564928e+00
 -1.27548851e+00 -8.89527347e-01  1.41303769e-16  9.49657079e-01
  1.44859385e+00  1.82014880e+00  6.16292969e+00]"
-1,"[-2.28282131 -2.22875804 -1.86881102 -1.64144729 -1.         -0.94428898
 -0.382477    1.58160259  1.80403285  2.14000618  4.82296201]","[-2.5559006  -1.92703617 -1.68814382 -1.52559467 -1.39316507 -1.06214954
 -0.2509664   0.91204637  1.7212676   1.95268258  5.81695972]"
-1,"[-2.28282131 -2.22875804 -1.86881102 -1.64144729 -1.         -0.94428898
 -0.382477    1.58160259  1.80403285  2.14000618  4.82296201]","[-3.11047546 -2.42951149 -2.08775632 -1.21681255 -0.79991414 -0.61397914
 -0.12060527  0.95886778  1.53461487  2.04725329  5.83831844]"
1,"[-2.329048   -2.21218161 -1.91893605 -1.5021984  -1.         -0.83043441
 -0.38267584  1.55038081  1.82453535  2.16528823  4.63526992]","[-2.3790712  -2.26996319 -1.94925033 -1.43273555 -0.87462734 -0.76243197
 -0.57638517  1.22975926  1.45946028  2.12334229  5.43190292]"
0,"[-2.32890578 -2.23866901 -1.87011441 -1.48172121 -1.         -0.81444534
 -0.23663611  1.48047269  1.74257038  2.33448621  4.41296257]","[-2.52810053 -2.41669055 -1.65012521 -1.49233073 -1.11854706 -0.59840084
 -0.19434747  1.31986485  1.62424635  2.12924762  4.92518359]"
1,"[-2.30277564 -2.27850144 -2.         -1.41171811 -1.         -0.56658312
 -0.30130787  1.30277564  1.66177697  2.48316184  4.41317174]","[-2.49730825 -2.3299586  -1.60289681 -1.50745888 -1.15469091 -0.60997578
 -0.20271056  0.9560087   1.52352377  2.49974125  4.92572606]"
1,"[-2.47283391 -2.19662746 -1.75540675 -1.46259842 -1.         -1.
 -0.22126001  1.50714748  1.93543233  2.          4.66614674]","[-3.00000000e+00 -2.30277564e+00 -1.73205081e+00 -1.50381919e+00
 -1.00000000e+00 -7.75824990e-01 -3.45022374e-16  1.30277564e+00
  1.68533830e+00  1.73205081e+00  5.59430588e+00]"
-1,"[-2.50141108 -2.14906081 -1.90688099 -1.31949669 -1.         -0.67748075
 -0.12137685  1.38039113  1.65494466  2.43082815  4.20954322]","[-2.69962815e+00 -2.23606798e+00 -2.03949368e+00 -1.00000000e+00
 -8.54318907e-01 -7.60876722e-01 -3.59179130e-16  1.40708627e+00
  1.46050487e+00  2.23606798e+00  4.48672631e+00]"
1,"[-2.33217945 -2.         -1.85620407 -1.82166377 -1.0717669  -0.84616909
 -0.24717521  1.48819977  1.88745966  2.17963309  4.61986597]","[-2.74565133e+00 -2.51257202e+00 -1.86664328e+00 -1.37452515e+00
 -8.89527347e-01 -4.53676030e-01  5.45299910e-17  1.19426180e+00
  1.44859385e+00  1.82014880e+00  5.37959071e+00]"
-1,"[-2.36125216 -2.23606798 -2.         -1.         -1.         -1.
 -0.78433302  1.35157188  2.          2.23606798  4.79401329]","[-3.00000000e+00 -2.60968419e+00 -1.41421356e+00 -1.39800581e+00
 -1.00000000e+00 -4.81554098e-01  2.48467410e-16  8.00436161e-01
  1.41421356e+00  2.00000000e+00  5.68880794e+00]"
1,"[-2.36125216 -2.23606798 -2.         -1.         -1.         -1.
 -0.78433302  1.35157188  2.          2.23606798  4.79401329]","[-2.60968419 -2.         -1.56155281 -1.41421356 -1.39800581 -1.
 -0.4815541   0.80043616  1.41421356  2.56155281  5.68880794]"
0,"[-2.70053987 -2.29706854 -1.49920764 -1.44649704 -1.         -0.37080024
 -0.17543884  1.01917705  1.28967479  2.74208719  4.43861314]","[-2.75309634 -1.93286941 -1.53312397 -1.4256815  -1.23043109 -0.4526539
 -0.14293627  0.5571315   1.11548506  2.75854503  5.03963088]"
0,"[-2.52382233 -2.         -2.         -1.44942054 -0.75362656 -0.44423489
 -0.13154249  0.64008755  1.63576325  2.8157106   4.2110854 ]","[-2.46250719e+00 -2.20203824e+00 -2.00000000e+00 -1.44965839e+00
 -7.67799523e-01 -3.73195972e-01  4.52633324e-16  5.40159379e-01
  1.45406503e+00  2.76740302e+00  4.49357190e+00]"
0,"[-2.66543600e+00 -2.14046097e+00 -1.81811512e+00 -1.49602027e+00
 -9.37840828e-01 -5.48904917e-01 -5.05739658e-16  7.60017613e-01
  1.55450308e+00  2.64442991e+00  4.64782749e+00]","[-3.31933294e+00 -2.19934178e+00 -1.57926247e+00 -1.39049216e+00
 -9.69235761e-01 -3.31255477e-01 -6.11996241e-16  4.82729069e-01
  1.28586419e+00  2.49046984e+00  5.52985750e+00]"
0,"[-2.91981856e+00 -2.11801517e+00 -1.61803399e+00 -1.41483768e+00
 -9.35851940e-01 -2.53242658e-01  1.18913488e-16  6.18033989e-01
  1.19409661e+00  2.75244432e+00  4.69522508e+00]","[-2.85931740e+00 -2.18433358e+00 -1.61803399e+00 -1.47206451e+00
 -9.48497510e-01 -4.96900438e-01 -4.60900585e-17  4.66956977e-01
  6.18033989e-01  2.75609477e+00  5.73806170e+00]"
0,"[-2.58647580e+00 -2.15722072e+00 -1.81614165e+00 -1.48883310e+00
 -1.00000000e+00 -5.34154623e-01  2.08300842e-16  1.02354379e+00
  1.50050763e+00  2.62276919e+00  4.43600528e+00]","[-2.83279435e+00 -1.93772541e+00 -1.57801909e+00 -1.45066849e+00
 -1.18227554e+00 -5.53924704e-01  2.05602438e-17  8.31675464e-01
  1.07258513e+00  2.59861420e+00  5.03253279e+00]"
0,"[-3.04059487e+00 -1.88678159e+00 -1.80193774e+00 -1.41623790e+00
 -4.45041868e-01 -2.18454926e-01 -9.57035839e-18  3.50946567e-17
  1.24697960e+00  2.90099492e+00  4.66107436e+00]","[-2.87938524e+00 -2.16806851e+00 -1.64516671e+00 -1.27961019e+00
 -1.00000000e+00 -6.52703645e-01 -7.70371978e-34  4.04071041e-01
  5.32088886e-01  3.11052542e+00  5.57824896e+00]"
0,"[-2.60112492 -2.35937939 -1.7300081  -1.45441571 -0.60741574 -0.41643246
 -0.25575538  0.81273521  1.39249937  2.80568156  4.41361555]","[-2.82811199 -1.93967558 -1.59447953 -1.47419584 -1.         -0.48433735
 -0.14464121  0.6407915   0.9524863   2.94487181  4.92729188]"
0,"[-2.79979792 -2.04277824 -1.80193774 -1.46426704 -0.70151426 -0.44504187
 -0.09692406  0.83653621  1.2469796   2.85159805  4.41714726]","[-2.72424726 -2.2469796  -1.85553323 -1.45302337 -0.57012026 -0.55495813
  0.209304    0.66254887  0.80193774  2.78580215  4.9452691 ]"
0,"[-2.44129091 -2.16699852 -1.85670475 -1.56688863 -1.         -0.51491605
 -0.29311107  1.3543217   1.52309559  2.55969556  4.40279709]","[-2.91255381 -1.9402403  -1.60158131 -1.49002448 -1.1441304  -0.42566802
 -0.30166604  0.82227118  1.610166    2.49593577  4.88749142]"
1,"[-2.48254695 -2.12015105 -1.79768316 -1.59016934 -1.         -0.66103423
 -0.22414918  1.36139093  1.63733718  2.46035541  4.4166504 ]","[-2.71907342 -2.         -1.73565854 -1.42148432 -1.18060063 -0.60856256
 -0.19920691  0.84609931  1.62195847  2.45957329  4.93695531]"
0,"[-2.52503728 -2.2841552  -1.7745068  -1.55275866 -0.72751993 -0.41531112
 -0.30673379  0.81213514  1.72226322  2.64190721  4.40971721]","[-2.84653295 -2.1504769  -1.73352131 -1.57863209 -0.64408375 -0.41149836
 -0.16682885  0.57266156  1.5208872   2.52310998  4.91491547]"
0,"[-2.53787707 -2.22134874 -1.71255139 -1.59006344 -0.90989299 -0.63138508
 -0.30078528  0.978698    1.79595998  2.5039074   4.62533861]","[-2.44950617e+00 -2.20681098e+00 -2.00000000e+00 -1.41823571e+00
 -9.37586360e-01 -6.90961343e-01 -2.69095897e-16  1.98499603e-01
  1.76191653e+00  2.34758314e+00  5.39510129e+00]"
-1,"[-2.34931104 -2.         -2.         -1.78017185 -0.8238321  -0.61803399
 -0.15139401  1.56232692  1.61803399  2.33101571  4.21136637]","[-2.48119430e+00 -2.08838110e+00 -2.00000000e+00 -1.65076258e+00
 -7.38092439e-01 -6.88892183e-01 -8.70499471e-17  1.17008649e+00
  1.64801937e+00  2.33437732e+00  4.49483943e+00]"
0,"[-2.68056103e+00 -2.00000000e+00 -2.00000000e+00 -1.75178764e+00
 -1.00000000e+00 -4.14213562e-01 -8.45606526e-17  1.00000000e+00
  1.33757408e+00  2.41421356e+00  5.09477460e+00]","[-3.73205081e+00 -2.66907909e+00 -1.83579326e+00 -1.00000000e+00
 -8.48061130e-01 -2.67949192e-01  3.39579962e-16  5.23976397e-01
  1.06795474e+00  2.14510269e+00  6.61589965e+00]"
1,"[-2.68056103e+00 -2.00000000e+00 -2.00000000e+00 -1.75178764e+00
 -1.00000000e+00 -4.14213562e-01 -8.45606526e-17  1.00000000e+00
  1.33757408e+00  2.41421356e+00  5.09477460e+00]","[-3.73205081e+00 -1.83579326e+00 -1.79128785e+00 -1.00000000e+00
 -1.00000000e+00 -8.48061130e-01 -2.67949192e-01 -1.29327405e-16
  1.06795474e+00  2.79128785e+00  6.61589965e+00]"
0,"[-2.45193865 -2.19815012 -1.93142324 -1.67275084 -1.         -0.3663372
 -0.03925178  0.81868121  1.6621778   2.51948348  4.65950933]","[-3.31534537e+00 -2.39064027e+00 -1.71070711e+00 -1.00000000e+00
 -8.40241923e-01 -3.94302809e-01 -2.29599018e-16  4.39700942e-01
  1.26220374e+00  2.37421598e+00  5.57511681e+00]"
-1,"[-2.49071787 -2.23805197 -1.87495807 -1.55040457 -1.         -0.51075449
 -0.10545266  0.92304122  1.75363479  2.42679529  4.66686832]","[-3.23833885 -2.17616045 -1.49349734 -1.         -1.         -0.81313111
 -0.22168982  0.43202719  1.36962742  2.54827561  5.59288736]"
0,"[-2.81872243 -2.14906081 -1.51037258 -1.31949669 -1.         -0.42624424
 -0.12137685  1.          1.38039113  2.75533925  4.20954322]","[-3.16516695e+00 -2.03949368e+00 -1.58130836e+00 -1.00000000e+00
 -8.54318907e-01 -4.29572175e-01 -9.06491913e-17  5.26654109e-01
  1.40708627e+00  2.64939338e+00  4.48672631e+00]"
1,"[-2.48741114 -2.         -1.94794691 -1.31470409 -1.         -0.41421356
 -0.3550557   0.65680235  2.23876404  2.41421356  4.20955146]","[-2.85546949 -2.         -1.92387677 -1.         -0.85497254 -0.41421356
 -0.35781579  0.53974301  1.96564416  2.41421356  4.48674743]"
1,"[-2.50141108 -2.14906081 -1.90688099 -1.31949669 -1.         -0.67748075
 -0.12137685  1.38039113  1.65494466  2.43082815  4.20954322]","[-2.92698556e+00 -2.03949368e+00 -1.94035487e+00 -1.00000000e+00
 -8.54318907e-01 -6.99127780e-01  4.82708395e-17  1.14325322e+00
  1.40708627e+00  2.42321500e+00  4.48672631e+00]"
0,"[-2.53693798 -2.19662746 -1.75540675 -1.65725176 -1.         -0.48162755
 -0.22126001  1.1938276   1.50714748  2.4819897   4.66614674]","[-3.38657666e+00 -2.07710208e+00 -1.50381919e+00 -1.00000000e+00
 -1.00000000e+00 -7.75824990e-01 -7.75473491e-17  1.87356497e-01
  1.68533830e+00  2.27632225e+00  5.59430588e+00]"
0,"[-2.90700485e+00 -2.00000000e+00 -1.75235750e+00 -1.56155281e+00
 -1.00000000e+00 -3.07386653e-01 -1.82130294e-16  1.00000000e+00
  1.03619288e+00  2.56155281e+00  4.93055613e+00]","[-3.73205081 -2.         -1.85007487 -1.19638348 -1.         -0.41421356
 -0.26794919  0.46483071  1.22281038  2.41421356  6.35881724]"
0,"[-2.46410162e+00 -2.27092245e+00 -2.00000000e+00 -1.46516317e+00
 -1.00000000e+00 -1.80152279e-01  5.50319364e-17  1.00000000e+00
  1.25267810e+00  2.66355980e+00  4.46410162e+00]","[-3.25597614 -2.         -1.66160042 -1.4981237  -1.         -0.33129925
  0.46307721  0.47390542  1.          2.61149367  5.19852321]"
0,"[-2.88067140e+00 -2.00000000e+00 -1.74571500e+00 -1.54557329e+00
 -6.47009109e-01 -4.23979181e-01  1.09401310e-16  3.52046209e-01
  1.41723514e+00  2.84053619e+00  4.63313044e+00]","[-2.36690985e+00+0.00000000e+00j -2.00000000e+00-1.73336302e-16j
 -2.00000000e+00+1.73336302e-16j -2.00000000e+00+0.00000000e+00j
 -7.32050808e-01+0.00000000e+00j -4.99600361e-16+0.00000000e+00j
 -2.40305912e-16+0.00000000e+00j  4.10939704e-17+0.00000000e+00j
  9.33014155e-01+0.00000000e+00j  2.73205081e+00+0.00000000e+00j
  5.43389569e+00+0.00000000e+00j]"
0,"[-2.49200125e+00 -2.00000000e+00 -2.00000000e+00 -1.35789512e+00
 -6.18033989e-01 -3.72874165e-01 -3.10135184e-16 -7.18753540e-17
  1.61803399e+00  3.01021624e+00  4.21255429e+00]","[-2.48119430e+00+0.00000000e+00j -2.18609985e+00+0.00000000e+00j
 -2.00000000e+00+0.00000000e+00j -1.34243641e+00+0.00000000e+00j
 -6.88892183e-01+0.00000000e+00j -5.32054019e-17-4.00711417e-17j
 -5.32054019e-17+4.00711417e-17j  1.73422837e-19+0.00000000e+00j
  1.17008649e+00+0.00000000e+00j  3.02962440e+00+0.00000000e+00j
  4.49891186e+00+0.00000000e+00j]"
