Spectral_algebraic_connectivity,Spectral_algebraic_connectivity_over_avgdeg,Spectral_lap_eig_0,Spectral_lap_eig_1,Spectral_lap_eig_2,Spectral_lap_eig_3,Spectral_lap_eig_4,Spectral_lap_eig_5,Spectral_lap_eig_6,Spectral_lap_eig_7,Spectral_lap_eig_8,Spectral_lap_eig_9,Spectral_laplacian_heat_trace_t0.1,Spectral_laplacian_heat_trace_t0.1_per_node,Spectral_laplacian_heat_trace_t1.0,Spectral_laplacian_heat_trace_t1.0_per_node,Spectral_laplacian_heat_trace_t5.0,Spectral_laplacian_heat_trace_t5.0_per_node,Spectral_laplacian_mean,Spectral_laplacian_skew,Spectral_laplacian_std,Spectral_spectral_gap,Spectral_spectral_gap_rel,Spectral_adjacency_energy,Spectral_adjacency_estrada_index,Spectral_adjacency_moment_2,Spectral_adjacency_moment_3,Spectral_adjacency_moment_4,Spectral_kirchhoff_index,Spectral_laplacian_heat_trace_t0.5,Spectral_laplacian_heat_trace_t2.0,sample_index
0.7199792,0.35040125,0.071727425,0.14196636,-0.44460857,0.067696534,0.32878092,-0.12691659,0.07717261,0.22262612,-0.31071904,-0.10922646,0.14149946,0.034367878,0.35987088,0.09429569,0.028631315,0.0,0.0,-0.23356593,0.040260967,0.0,0.07487435,-0.3260748,-0.014410304,0.0,0.0,0.29121083,0.5663595,0.01816939,1.7046192,0
0.70579225,0.26358604,0.08017867,0.14091751,-0.24261378,0.091881976,0.4184443,-0.13848002,0.049311794,0.24086551,-0.3296671,-0.05772587,-0.016709097,-0.011623292,0.30274135,0.09429569,0.028631315,0.0,0.0,-0.23501681,0.01011497,0.0,0.07487435,-0.32712495,-0.01935216,0.0,0.0,0.29364932,0.40769488,0.01816939,2.014197,1
0.60051334,0.3740333,-0.035833936,0.0879019,-0.0063535003,0.030176563,-0.14360958,0.07185239,0.068815984,0.19761242,-0.20789556,-0.1086886,0.15270557,0.034367878,0.3331829,0.070661195,-0.019569058,0.0,0.0,0.37418023,0.12685274,0.0,0.081189916,-0.29471388,0.031015106,0.0,0.0,0.45172963,0.41631675,0.0460369,1.5108838,2
0.59763306,0.22640346,0.0680462,0.10103904,0.0031416472,-0.0113506885,-0.18890662,-0.13447802,0.09941238,0.2617424,-0.25253087,-0.09506531,-0.011059352,-0.011623292,0.18300563,0.039091773,-0.051278863,0.0,0.0,-0.41849473,0.087618686,0.0,0.07251191,-0.18161802,-0.004169834,0.0,0.0,0.3174168,-0.012476486,0.04543663,2.005373,3
0.6496354,0.40395293,-0.12681721,0.09835782,0.14039035,0.056489386,-0.22876796,0.18955216,0.049290564,0.14783654,-0.3382723,-0.09626026,-0.0007635435,-0.011623292,0.3584659,0.09429569,0.032904234,0.0,0.0,-0.29401046,0.062266704,0.0,0.07208002,-0.34848157,0.0032871952,0.0,0.0,0.39062604,0.42822117,0.04543663,1.872297,4
0.14413786,-0.094147466,-0.32135907,0.015793214,0.19718087,0.057177506,-0.5528945,-0.48040774,-0.43706986,0.18978804,-0.17448154,-0.10923651,-0.060903978,-0.0067907013,0.042472977,-0.0075913034,0.039420247,0.0,0.0,-0.4111822,-0.12211658,0.0,0.0781944,-0.22853196,-0.054876447,0.0,0.0,-0.37948173,-0.07638501,-0.052444223,-0.18057938,5
0.5793622,0.3586173,0.06703398,0.090583116,0.35997483,-0.018718943,-0.18460286,0.2157273,0.044854973,0.14886662,-0.31409833,-0.081714794,-0.005694474,-0.011623292,0.26500237,0.058348686,-0.05840424,0.0,0.0,0.45654374,0.11923679,0.0,0.07441748,-0.21247928,-0.0015811999,0.0,0.0,0.47782892,-0.007569628,0.0460369,1.6701957,6
0.20274179,-0.046110597,0.06884575,0.0523481,-0.10382028,0.11773686,-0.36340606,-0.45790815,0.073303744,0.13783681,-0.59971803,0.26033032,-0.07783726,-0.038704958,-0.42512894,-0.0029162937,-0.09068039,0.0,0.0,-0.07403337,0.041602574,0.0,0.06865789,-0.20889708,-0.08672105,0.0,0.0,-0.47011524,-0.07483227,0.0460369,-0.82451886,7
0.631631,0.23173814,-0.09910503,0.12285436,-0.1786484,-0.00623307,0.39363,-0.110527664,0.11689795,0.24054374,-0.24221583,-0.08546559,0.14483191,0.034367878,0.33405355,0.070661195,-0.007860268,0.0,0.0,0.41439992,0.13480078,0.0,0.07870462,-0.34160364,-0.014209489,0.0,0.0,0.39210168,0.5086258,0.018769663,1.5642246,8
0.57184196,0.292924,0.08950379,0.09019297,0.45466414,0.13518879,0.42817828,-0.08758789,0.07841329,0.1462914,-0.36344042,-0.1208147,-0.001574286,-0.011623292,0.29582566,0.070661195,-0.050236177,0.0,0.0,0.36713096,0.12375744,0.0,0.07635191,-0.31841695,-0.031861864,0.0,0.0,0.46567413,-0.00034953398,0.014713688,1.603638,9
0.3713997,0.27897486,0.16398473,0.069755614,0.53933096,0.106602006,-0.1689791,0.33096838,0.38744542,-0.40929618,0.65105015,0.26417318,-0.017737938,-0.0067907013,0.14181556,-0.0043991753,0.022615002,0.0,0.0,-0.37601388,-0.08564663,0.0,0.11049904,-0.06469816,0.030976184,0.0,0.0,-0.19679888,-0.06231925,-0.019128853,0.028439274,10
0.14302985,0.058655202,0.14292236,0.0066416375,1.5812036,-0.045612264,-0.11995839,0.033090144,0.36697745,-0.3865609,0.51490515,-0.025953885,-0.01756335,-0.0029533496,0.124542475,0.0022606254,-0.0027441657,0.0,0.0,-0.06246099,-0.06656731,0.0,0.05690571,1.0474602,0.023499627,0.0,0.0,-0.13869177,-0.04610031,-0.015475807,-0.48550725,11
0.5562806,0.5686773,0.23721313,0.06986661,0.61557037,-0.0068933736,-0.13598993,0.137737,-0.1782177,0.11860029,0.5915597,0.44312158,-0.0032974593,-0.0067907013,0.19505288,-0.0017184047,0.054359365,0.0,0.0,0.21533026,0.074430786,0.0,0.11383276,0.104513384,0.017506864,0.0,0.0,0.4908864,-0.02357125,-0.053570088,0.29482704,12
0.58892924,0.34540227,0.04352315,0.09274527,0.33124945,0.13708735,-0.13256583,0.21793166,0.04296401,0.14601472,-0.3047223,-0.12844159,0.006299399,-0.011623292,0.26686415,0.058348686,-0.053485777,0.0,0.0,0.46400183,0.1159612,0.0,0.073780395,-0.18610151,0.01177127,0.0,0.0,0.5054802,0.00032693555,0.0460369,1.6495423,13
0.1773957,0.25888497,0.086767465,0.0136958305,0.1831712,-0.13495903,-0.3144371,0.26488885,0.06380893,-0.023387747,-0.6241423,-0.21546264,-0.090300396,-0.038704958,-0.48506954,-0.065147884,-0.05396161,0.0,0.0,0.27465034,0.041222617,0.0,0.06531444,-0.5585355,-0.05505964,0.0,0.0,-0.47876474,-0.08026429,-0.034126665,-1.0480672,14
-0.21266286,0.09004495,-0.3068786,-0.15735832,0.18861815,-0.10887963,-0.35089123,-0.4562102,0.017106187,-0.672822,-0.16385427,-0.22036034,-0.02836405,-0.0067907013,0.062935494,0.005282796,0.0058577675,0.0,0.0,-0.13898551,-0.10171013,0.0,0.09462591,0.7365147,-0.01747891,0.0,0.0,-0.36457613,-0.066092156,-0.01574196,-0.73731565,15
0.35799977,0.314937,0.27318114,0.0682061,1.4184903,-0.059191573,-0.3062886,-0.076890945,0.21528152,0.15227734,-0.106873885,-0.08686651,-0.029922303,-0.0067907013,0.087890625,-0.0041382546,0.020840902,0.0,0.0,0.50607616,0.10285575,0.0,0.114010416,-0.01558213,0.0020224424,0.0,0.0,-0.30678797,-0.053773265,-0.020254716,0.11373891,16
0.421193,0.2739386,-0.034769982,0.07998542,-0.29524484,-0.013609612,-0.18365513,0.1358969,-0.12266972,0.26393756,0.012142644,-0.12947583,-0.0142211085,-0.008086448,0.29271173,0.057701584,-0.037324592,0.0,0.0,0.5465587,0.16745172,0.0,0.0868652,0.91315836,-0.015254865,0.0,0.0,0.478809,0.49281695,0.043645144,1.5342267,17
-0.48590016,0.14842515,0.3542175,-0.1225515,0.52924865,0.16269907,0.037152074,0.022964766,0.3922907,-0.25971118,0.40639666,0.11838325,-0.017489275,-0.011294426,0.070359,-0.0018574388,0.029579952,0.0,0.0,0.58241,0.09828567,0.0,0.13134801,-0.13407178,0.019926764,0.0,0.0,-0.18323839,-0.045870684,-0.02961391,-0.4595277,18
0.5755189,0.41813457,0.09886112,0.08823943,0.7928508,0.17298925,-0.15692595,0.26614606,0.33431908,0.12861152,0.4897495,-0.18832481,-0.020800391,-0.013432631,0.16384186,-0.005722109,0.04610146,0.0,0.0,0.6581121,0.15680513,0.0,0.11977793,-0.2675891,-0.014791306,0.0,0.0,0.40388775,-0.034900576,-0.01574196,0.2591474,19
0.6228602,-0.14025289,0.13325673,0.08595542,-0.5495037,0.09689601,0.4455964,0.16126315,0.12599811,0.22572242,-0.2286893,-0.074792296,0.3775962,0.12915374,0.21724941,0.070661195,0.06145447,0.0,0.0,0.72511804,0.17711374,0.0,0.019344112,-0.19162655,-0.033962887,0.0,0.0,0.355919,0.6015031,0.018769663,-0.57732177,20
0.37084866,-0.46672273,0.102536164,0.07760985,-1.0154796,0.13330962,-0.24048041,0.15522274,-0.06740131,0.24237414,-0.35078207,-0.15025496,-0.063510336,-0.038704958,-0.74796045,-0.08737381,-0.0036340072,0.0,0.0,-0.63509095,0.039195415,0.0,-0.0243327,-0.2538058,-0.04383608,0.0,0.0,0.23567337,-0.029362066,0.04543663,-0.3612068,21
0.5352974,0.46733344,0.15645333,0.115365446,-0.60308313,0.20776962,-0.22052707,0.24368507,-0.04983754,0.19495901,-0.30308113,0.10588974,-0.019532116,-0.009381647,0.2319522,-0.00612068,0.07816572,0.0,0.0,0.25747168,0.07601652,0.0,0.13543238,-0.055058315,-0.0024623224,0.0,0.0,0.6418954,-0.01892358,0.0460369,0.006531374,22
-0.9563509,-1.1454858,-0.07535977,-0.16431792,-0.54306066,-0.11987579,-0.2322453,-0.23073737,0.08295996,0.03763998,0.30433923,-0.21546331,-0.031344425,-0.011294426,0.014763241,-0.0021953355,-0.023751099,0.0,0.0,0.078109816,0.019237258,0.0,-0.3859412,-0.24721554,0.017541446,0.0,0.0,0.20000103,-0.04475228,-0.04905733,-0.69179523,23
-0.50454926,-0.103480026,-0.3331339,-0.16205603,-0.47740626,0.032818645,-0.36443594,-0.21417755,-0.12723602,-0.6575754,-0.23769903,0.23429012,-0.028166609,-0.004652497,0.047190107,0.004301465,-0.023608265,0.0,0.0,-0.34285584,-0.12055524,0.0,0.13037685,1.2353565,-0.07850817,0.0,0.0,-0.17535669,-0.059276212,-0.048791178,-0.6983632,24
-0.64354044,0.09390115,0.04470431,-0.09630473,-0.12830056,-0.05026468,0.67399323,0.21685435,-0.06429529,0.044534143,0.6896191,-0.1635875,-0.032893885,-0.004652497,0.0860249,0.004082239,0.025289359,0.0,0.0,0.10733883,0.07401856,0.0,0.18074468,1.5284737,-0.037736293,0.0,0.0,0.18902786,-0.03140201,-0.019060677,0.092490695,25
-0.4287455,-0.10382329,-0.06534647,-0.079580896,0.07347583,0.038969945,-0.35553452,-0.35121065,-0.14009267,-0.61505115,0.3273076,-0.15043366,-0.02459584,-0.011294426,0.024688534,-0.0021472324,-0.012051415,0.0,0.0,-0.0312801,-0.11914343,0.0,0.12300424,-0.2591924,-0.04914923,0.0,0.0,-0.19106494,-0.06935186,-0.048791178,-0.7816436,26
0.60692525,-0.23604457,-0.20440261,0.08595542,-0.586854,0.056713887,0.5201779,0.17100188,0.1024183,0.25572345,-0.21401021,-0.13679998,0.3775962,0.12915374,0.20928617,0.070661195,0.024053745,0.0,0.0,0.7658145,0.21146543,0.0,-0.009890361,-0.21113764,-0.022341788,0.0,0.0,0.39599535,0.6015031,0.018769663,-0.10328818,27
-0.70355594,-0.31141275,0.0541422,-0.15085018,-1.1242543,-0.06560991,0.5361798,0.043384235,-0.021875072,0.24551916,-0.39604464,-0.21578199,-0.036399595,-0.0122790765,-0.4369502,-0.06941079,-0.0134676425,0.0,0.0,-0.42774212,0.033444174,0.0,0.02130662,-0.68513197,-0.049946442,0.0,0.0,0.15710318,-0.051628966,0.01816939,-0.20982191,28
-0.30108598,-0.37119803,-0.22648135,-0.14558202,-1.2028686,-0.07163533,0.54261655,0.15725724,-0.16211279,-0.01903699,-0.3475181,-0.21145913,-0.0509838,-0.038704958,-0.6996901,-0.08737381,-0.0017350933,0.0,0.0,-0.59732074,0.06532026,0.0,-0.021242876,-0.5271358,-0.07527313,0.0,0.0,0.17968473,-0.052819345,0.01816939,-0.3282572,29
-0.9009275,-0.3901007,-0.124859706,-0.19073015,-0.8565509,-0.025976196,-0.31042263,-0.012500178,0.1496605,0.04350698,0.5547153,0.059632435,-0.034018856,-0.004652497,0.05630622,-0.0069620414,-0.041639227,0.0,0.0,-0.36083376,-0.07635185,0.0,0.020607486,-0.55002886,0.047517397,0.0,0.0,-0.1722048,-0.06745216,-0.019128853,-0.3816479,30
-1.0405374,-0.44775465,0.14358516,-0.18623176,-0.8392272,0.020340748,-0.30785564,-0.064230695,-0.22502457,0.05192986,-0.39472646,0.23383985,-0.023413384,-0.0056563835,0.07027549,-0.009969104,-0.024346866,0.0,0.0,0.060482163,0.07066307,0.0,0.016905293,-0.63313794,-0.029797394,0.0,0.0,0.30542132,-0.064976886,-0.053570088,-0.12903382,31
-0.58348477,-0.02337212,0.028770428,-0.09724903,-0.58588207,0.18466152,-0.27245325,-0.03469708,-0.08220262,0.47000757,0.81593645,0.26263887,-0.02174809,-0.004652497,0.07723893,-0.007102633,-0.01230376,0.0,0.0,0.1269258,0.054529067,0.0,0.15617052,1.4366101,0.03152822,0.0,0.0,0.2827048,-0.04969253,-0.04905733,0.038362745,32
0.45200354,0.30886936,0.04290262,0.07883375,-0.31193638,-0.035877675,-0.12433582,-0.057190347,0.13101757,0.04807817,-0.13641296,-0.082457766,0.14390755,0.034367878,0.2957966,0.070661195,0.036962386,0.0,0.0,0.54695225,0.17056212,0.0,0.08143685,0.8710982,-0.012668979,0.0,0.0,0.39681187,0.5257,0.043645144,1.2797334,33
-0.4413512,0.30278218,0.023802372,-0.08652761,0.8016623,0.090946235,-0.041235298,-0.022970714,0.18938574,-0.49165192,0.51165044,-0.024325931,-0.017774347,-0.004652497,0.08586532,0.0056217015,0.04062451,0.0,0.0,0.771451,0.073358856,0.0,0.18645214,1.7627487,0.016862974,0.0,0.0,-0.2062084,-0.05236474,-0.01574196,0.0013899449,34
0.7106078,0.18446063,-0.12839872,0.13435914,-0.49438658,0.017802741,0.29673335,-0.12536637,0.1197642,0.25587356,-0.25448394,-0.09137915,0.13861313,0.034367878,0.3723556,0.09429569,0.014687207,0.0,0.0,-0.2787715,0.16533922,0.0,0.08581191,-0.35124245,-0.022709325,0.0,0.0,0.29432964,0.639057,0.01816939,1.6747593,35
0.69880563,0.13025454,-0.024718562,0.14196636,-0.44344923,0.08388252,0.37499413,-0.13035324,0.11406618,0.06821248,-0.30490947,-0.10590818,-0.016629206,-0.011623292,0.30560264,0.09429569,-0.02100118,0.0,0.0,-0.2723792,0.009083164,0.0,0.073590614,-0.33026642,0.0022344957,0.0,0.0,0.27320817,0.5731403,0.01816939,2.0106244,36
0.4215349,0.30123714,0.32609838,0.0749678,-0.6353674,-0.06296406,0.552679,-0.099336535,0.15353028,0.14854261,0.8198313,0.38396898,-0.026171036,-0.020021312,-0.21694696,-0.002528098,0.06474711,0.0,0.0,-0.21199885,0.021434005,0.0,0.13625106,-0.22638458,0.18394357,0.0,0.0,-0.091569625,-0.014306607,0.01816939,-0.0102318395,37
0.26180464,0.14150858,-0.29508406,0.037166305,0.19194378,-0.18893385,-0.4142944,0.1825424,-0.4062208,-0.7411706,0.50874287,-0.5824088,-0.028715782,-0.0067907013,0.03314724,-0.009990511,0.022615002,0.0,0.0,-0.46431896,-0.11076559,0.0,0.08907308,-0.25869605,-0.06781436,0.0,0.0,-0.30506152,-0.08418161,-0.052444223,-0.18036583,38
0.4574127,0.36336607,0.2587105,0.076532245,0.479815,0.06527231,-0.14560293,0.22507511,0.04442141,0.1630214,0.78439015,-0.017671619,0.0052966047,-0.0067907013,0.124883614,-0.0035349217,0.064551465,0.0,0.0,-0.2197994,0.07300513,0.0,0.14046988,-0.012698222,0.15672725,0.0,0.0,-0.11007279,-0.04815145,0.04543663,0.27781108,39
0.31999466,0.107019,0.017342566,0.06810384,-0.6379258,-0.056435708,0.38387784,-0.111582,0.15647857,0.07648279,-0.46623918,-0.13299416,-0.03852324,-0.038704958,-0.15204497,0.039091773,-0.022079838,0.0,0.0,-0.4668592,0.00013348204,0.0,0.078545816,-0.58957255,-0.056991916,0.0,0.0,0.21638076,-0.022607313,0.01816939,-1.1062057,40
0.26310545,0.24088696,0.031743214,0.028155152,-1.1397198,0.07033992,0.38106847,-0.14994296,-0.18026626,-0.011896691,-0.4880736,-0.18790694,-0.05752504,-0.038704958,-0.7038809,-0.08737381,0.025815818,0.0,0.0,-0.58629483,0.06753519,0.0,0.08087952,-0.61144394,-0.055474974,0.0,0.0,0.20166777,-0.034593366,0.01816939,-1.0941024,41
0.4980863,0.15375504,-0.13485946,0.14449094,-0.37018228,0.14387298,0.42566332,-0.14587079,0.12510727,0.08554855,0.014645436,-0.10845578,-0.0069391625,-0.008086448,0.11806392,0.039091773,-0.025238791,0.0,0.0,-0.46173212,0.06640334,0.0,0.084909245,-0.3127389,-0.031676553,0.0,0.0,0.2861615,-0.00995788,0.01816939,1.9308978,42
0.6608918,0.14478499,0.08051728,0.12329111,-0.21844576,0.17040259,0.47233707,0.20138332,0.12673497,0.2915874,-0.2506621,-0.12018214,-0.006586496,-0.011623292,0.25289172,0.058348686,-0.06142288,0.0,0.0,0.5611538,0.14929295,0.0,0.071726985,-0.319423,-0.027688487,0.0,0.0,0.43990675,-0.0035345454,0.018769663,1.8116255,43
0.49722052,0.25197953,0.26606345,0.09580992,0.48616734,-0.09546271,-0.1542766,0.18549035,0.3698035,0.2441559,0.90122163,0.354879,-0.025519121,-0.0067907013,0.13799931,-0.0047248327,0.04327102,0.0,0.0,-0.29475817,-0.08798215,0.0,0.09200689,-0.057963155,-0.01647855,0.0,0.0,-0.18703799,-0.05654362,-0.019128853,0.24106674,44
0.43520498,0.1967367,0.19210872,0.08080749,0.42107373,-0.1331399,0.79755723,0.22619507,0.11066709,0.3679308,0.7667154,-0.08253808,-0.025053293,-0.0067907013,0.07745299,-0.0047248327,0.031524383,0.0,0.0,-0.30008176,-0.08003942,0.0,0.11654405,-0.06005159,-0.0057484955,0.0,0.0,-0.08189428,-0.05318488,-0.022447571,0.096851714,45
0.4869075,-0.26880527,0.14157994,0.07673018,-0.65188104,0.1106579,0.53094524,0.1929559,0.13111773,0.27517727,-0.21526754,-0.16774787,0.37579829,0.12915374,0.19798283,0.09429569,0.008443497,0.0,0.0,-0.40225205,0.21068928,0.0,-0.016751032,-0.18213333,-0.036654282,0.0,0.0,0.30053613,0.6212204,0.01816939,-0.06514383,46
0.02718159,0.52928233,0.17779037,-0.1265747,0.08253981,0.14408126,0.6893814,0.1997637,0.17538476,0.26772523,0.0042953426,-0.10632775,-0.017928176,-0.0067907013,0.14713387,-0.0066047157,0.070232436,0.0,0.0,-0.25118786,0.091742225,0.0,0.22597729,-0.16919583,0.151984,0.0,0.0,-0.074876405,-0.011198054,0.01816939,0.12984079,47
-0.29208115,-0.29184002,-0.27410057,-0.14558202,-1.1093175,0.03869825,0.53105134,0.15750854,0.14763218,0.23350583,-0.28713834,-0.24810441,-0.054043457,-0.038704958,-0.666792,-0.08737381,-0.0026569332,0.0,0.0,-0.5374059,0.0035789406,0.0,-0.018487383,-0.5031364,-0.06078963,0.0,0.0,0.13274868,-0.051170137,0.01816939,-0.29848877,48
0.7031078,0.36300036,-0.096354,0.13331029,-0.22345455,0.023500321,0.4037492,-0.103439085,0.09613476,0.22196959,-0.24776718,-0.090730876,0.14447924,0.034367878,0.38601348,0.09429569,0.023523707,0.0,0.0,-0.23762979,0.12413933,0.0,0.077227056,-0.3527557,-0.022709325,0.0,0.0,0.3042061,0.52675354,0.01816939,1.6815977,49
0.703378,0.35239458,-0.026991652,0.14091751,-0.20723811,0.088393174,0.3888229,-0.13825044,0.074868724,0.22284408,-0.29896432,-0.058702875,-0.016709097,-0.011623292,0.29735732,0.09429569,0.04748411,0.0,0.0,-0.246183,0.016964443,0.0,0.07487435,-0.320292,0.014835654,0.0,0.0,0.2977413,0.38373053,0.01816939,2.0161722,50
0.6290018,0.45216605,0.11327606,0.13950175,-0.34532174,-0.052971043,-0.15389633,-0.044535797,-0.12149493,0.17221388,-0.08307847,-0.13652,0.03267319,-0.008086448,-0.27736294,-0.06860093,0.03298313,0.0,0.0,-0.18627658,0.018192371,0.0,0.07753021,-0.28941151,0.15017396,0.0,0.0,-0.20599017,0.012159735,0.04543663,1.804658,51
0.32393518,0.16894236,0.19880031,0.055493645,0.8514038,0.10839274,0.62456816,0.02300302,0.027170204,0.20597458,0.1650162,0.25534,0.040673975,-0.020021312,-0.38735247,-0.06318657,0.033047665,0.0,0.0,-0.14654757,0.05128507,0.0,0.07916077,-0.330918,0.18707281,0.0,0.0,-0.18906036,0.033646885,0.01816939,-0.51141196,52
0.41367048,0.33634683,-0.11365251,0.034759395,0.24295834,0.037225023,-0.19581576,0.06420463,-0.050551463,0.021338014,-0.5403499,-0.18055406,0.016724989,-0.038704958,-0.56035584,-0.06860093,-0.015869074,0.0,0.0,-0.16515751,0.025207153,0.0,0.07618616,-0.5865786,-0.070002586,0.0,0.0,-0.23491904,0.0078809345,0.04543663,-1.0569891,53
0.6180796,0.35224068,0.1098522,0.09835782,0.16434135,0.0057200356,-0.16205777,-0.008747857,0.0033848516,0.13567902,-0.25072455,-0.027399514,-0.012757418,-0.011623292,0.3451592,0.09429569,0.03135667,0.0,0.0,-0.21752763,0.018086102,0.0,0.08069055,-0.3360212,-0.017831668,0.0,0.0,0.37314272,0.40731928,0.04543663,1.7649157,54
0.6063181,0.25713623,0.06631205,0.100922205,-0.46691623,-0.01111437,0.28026634,-0.1361863,0.00078664406,0.27394563,-0.23898882,-0.08290857,0.13174973,0.034367878,0.31990203,0.070661195,0.039341513,0.0,0.0,0.65644044,0.14480923,0.0,0.08600574,-0.28345165,-0.019570373,0.0,0.0,0.36682293,0.58651614,0.018769663,1.4393063,55
0.23194453,0.15590923,-0.20354071,0.020720687,-1.0699661,0.06388284,0.36462015,-0.15799418,-0.03586853,0.35250163,-0.49307668,0.13080983,-0.057266735,-0.038704958,-0.30927426,0.02250448,0.029278504,0.0,0.0,-0.535642,0.0057938676,0.0,0.08442508,-0.6236166,-0.045684285,0.0,0.0,0.20107727,-0.022972384,0.01816939,-1.0470427,56
0.1815556,0.3352276,-0.4360218,0.039517257,-0.8024426,0.072015524,-0.21725239,-0.062105894,-0.2940511,0.1052715,-0.59965163,0.15419511,-0.03535278,-0.038704958,-0.31942534,-0.0063693426,0.062489014,0.0,0.0,-0.28084323,0.016461957,0.0,0.14541033,-0.45124763,0.15089852,0.0,0.0,-0.31071964,-0.069141366,0.04543663,-0.27908185,57
0.70216304,0.1893039,0.09023226,0.13435914,-0.5021369,0.023313126,0.37939492,0.18083087,0.12836085,0.2690099,-0.24646421,-0.111769736,0.13555348,0.034367878,0.3756525,0.09429569,-0.01224139,0.0,0.0,-0.24864158,0.12705362,0.0,0.08807849,-0.3244798,-0.022000186,0.0,0.0,0.28183237,0.6269549,0.01816939,1.6130854,58
0.65790445,0.13330059,0.11424673,0.13331029,-0.28532264,0.019750917,0.4437584,0.1674769,0.1207012,0.238103,-0.25369874,-0.07969123,-0.016709097,-0.011623292,0.31543952,0.09429569,-0.018768579,0.0,0.0,-0.27985826,0.0062520276,0.0,0.07088651,-0.3526546,-0.030753735,0.0,0.0,0.2956971,0.49390197,0.01816939,2.0258996,59
-0.13453527,-0.48067677,0.070284,-0.19482943,-0.76691616,0.02403032,-0.305139,-0.056181375,0.080915,0.25509587,-0.14802463,-0.20326091,-0.032754455,-0.0067907013,0.06745982,-0.0117837,-0.03812547,0.0,0.0,-0.32288712,0.04193279,0.0,-0.015151227,-0.4962068,-0.005669257,0.0,0.0,-0.22191314,-0.05021769,0.015220514,-0.14348976,60
0.36662078,0.07939382,0.27724075,0.0709933,0.62529594,0.15169713,-0.2946587,0.43000475,0.11101639,0.10708717,-0.3701705,0.46637902,0.036553785,-0.038704958,-0.33960724,-0.0063693426,0.05471012,0.0,0.0,-0.102523126,0.06110052,0.0,0.12326128,-0.0900812,0.21335822,0.0,0.0,-0.19836795,-0.010567319,0.04543663,0.1175483,61
0.7275123,0.26915768,0.07556664,0.14091751,-0.2012482,0.09097262,0.43175146,-0.12754263,0.09914064,0.23962909,-0.2500598,-0.09221857,0.14447924,0.034367878,0.38188952,0.09429569,0.02691158,0.0,0.0,-0.25727034,0.12579918,0.0,0.07658997,-0.33052555,-0.01965328,0.0,0.0,0.31425092,0.42793924,0.01816939,1.6566728,62
0.70579225,0.281678,0.06505405,0.14091751,-0.23890564,0.091115296,0.42246547,-0.12691659,0.09609338,0.24086551,-0.32488734,-0.11526455,-0.0136494385,-0.011623292,0.3264853,0.09429569,0.04748411,0.0,0.0,-0.24763387,0.008537054,0.0,0.07487435,-0.32535955,-0.023602344,0.0,0.0,0.28698117,0.42882398,0.01816939,2.014197,63
0.29858348,0.05452826,0.08895178,0.082983114,-0.6419243,-0.07343378,0.511488,-0.09963852,-0.045200016,-0.37958473,-0.5102982,0.27103603,-0.030316979,-0.038704958,-0.5740138,-0.062211797,0.03257403,0.0,0.0,-0.27379662,0.01693905,0.0,0.05983112,-0.5827322,0.05276131,0.0,0.0,-0.20349956,0.02062967,0.01816939,-1.0907582,64
0.4922955,0.4206244,-0.103469856,0.07142782,0.753809,0.093890436,0.65002835,0.02729953,-0.010061327,0.16003497,0.23093484,0.38014135,0.03800157,-0.020021312,-0.4159184,-0.062211797,-0.023989027,0.0,0.0,-0.152411,0.025374157,0.0,0.06965314,-0.3888014,0.16261446,0.0,0.0,-0.17926127,0.026961727,0.01816939,-0.7757681,65
0.4472438,0.20351636,0.19902277,0.066067055,1.3411142,-0.12323714,0.43219596,0.02677472,0.27542317,-0.40901783,0.5409568,0.3761366,-0.017267074,-0.0067907013,0.17428342,-0.0043991753,0.018144695,0.0,0.0,-0.11957333,-0.08927655,0.0,0.09905375,-0.066201255,0.008936789,0.0,0.0,-0.058603406,-0.047722436,-0.013725508,0.19291253,66
0.22296573,0.12382802,-0.051233612,0.042783212,-0.6820144,-0.17329538,0.46933112,-0.11455451,-0.23552598,-0.009663744,0.053862352,-0.21995033,0.010443007,-0.020021312,-0.5877402,-0.06860093,0.03498118,0.0,0.0,-0.32579124,0.019249579,0.0,0.07493087,-0.38000694,-0.07053531,0.0,0.0,-0.23946387,-0.069634095,0.01816939,-0.8049558,67
0.67253727,0.36159712,-0.11028192,0.10596503,0.016681056,0.098894194,0.43790177,-0.09572352,0.09132437,0.20340206,-0.35351786,-0.06541053,-0.0136494385,-0.011623292,0.3242954,0.09429569,0.028884418,0.0,0.0,-0.28145215,0.06121747,0.0,0.074014455,-0.34196952,-0.024311481,0.0,0.0,0.31131512,0.35273835,0.01816939,2.0532916,68
0.7076542,0.12374732,0.07314665,0.1391921,-0.27188036,0.16717942,0.5046919,0.20230886,0.12973717,0.2945992,-0.33532053,-0.06529448,-0.009998821,-0.011623292,0.30555096,0.09429569,-0.02300619,0.0,0.0,-0.3348003,0.06640334,0.0,0.06767391,-0.34294418,-0.02222047,0.0,0.0,0.39197585,-0.0033620868,0.01816939,2.0204241,69
0.50256497,0.5045527,0.22177994,0.12010885,1.5101929,-0.12633036,-0.23675506,0.30234593,-0.056133583,-0.27975395,0.58462125,0.40485144,-0.020751372,-0.0067907013,0.14252153,-0.0043991753,0.038352557,0.0,0.0,-0.30348122,-0.102584116,0.0,0.089828804,-0.070648395,0.024717126,0.0,0.0,-0.0965261,-0.049762808,-0.052444223,0.15410608,70
0.20470743,0.020034648,-0.24674611,0.05032979,-0.3373522,-0.19192804,-0.22281528,0.17661259,-0.25759557,0.1832905,0.013730615,-0.16425624,-0.099521376,-0.020021312,-0.65127325,-0.065147884,-0.075377904,0.0,0.0,0.021527458,0.011662842,0.0,0.06370117,-0.3830467,-0.08192592,0.0,0.0,-0.5170046,-0.096182205,0.0460369,-0.8821351,71
0.6284721,0.13175805,-0.107044354,0.12285436,-0.18286851,0.012633435,0.38682944,-0.11148707,0.11753815,0.24763322,-0.24554484,-0.085214816,0.14483191,0.034367878,0.33405355,0.070661195,-0.007860268,0.0,0.0,0.44052783,0.14340633,0.0,0.07870462,-0.3430683,-0.028177343,0.0,0.0,0.39956823,0.5086258,0.018769663,1.5539418,72
0.6897338,0.10425722,0.0556136,0.1391921,-0.2891021,0.13874404,0.40087247,-0.14669463,0.12231579,0.13826264,-0.24873582,-0.09704791,-0.0069391625,-0.011623292,0.24203563,0.078429475,0.041013893,0.0,0.0,-0.30542246,0.044910293,0.0,0.07573008,-0.31236205,-0.026028102,0.0,0.0,0.3729137,-0.008561257,0.01816939,2.0507019,73
-0.81787723,-0.1996005,-0.28959683,-0.11593303,0.3184115,0.06605557,0.47095475,-0.16716382,0.1633629,-0.74639785,0.32544386,-0.03358264,-0.01680415,-0.004652497,0.06219016,-0.0069620414,-0.0015933033,0.0,0.0,-0.33985353,-0.07985829,0.0,0.035231538,-0.4605889,-0.046500973,0.0,0.0,-0.19284321,-0.0777741,-0.013725508,-0.6780833,74
0.4131413,0.29860836,0.20992632,0.07617037,0.6389367,0.025904989,0.52090496,0.039344482,-0.07419794,0.28607854,0.54293776,0.14903733,0.005867155,-0.0067907013,0.046771336,-0.021300973,0.05146207,0.0,0.0,-0.3852232,0.069527484,0.0,0.13764915,-0.0254088,0.1550546,0.0,0.0,0.11985163,-0.031541593,0.01816939,0.22974698,75
0.6162416,0.22210658,0.060305417,0.12329111,-0.19855952,0.15370849,0.40471303,-0.042732254,0.11878274,0.26753822,-0.251459,-0.081437394,-0.006586496,-0.011623292,0.25885928,0.058348686,-0.02016662,0.0,0.0,0.4907022,0.13329646,0.0,0.07806753,-0.31338158,-0.027688487,0.0,0.0,0.45391983,-0.0056401575,0.018769663,1.81191,76
0.26305568,0.08246955,0.1430789,0.05207666,-0.53700656,-0.16649471,0.413894,-0.03279479,-0.21561004,0.0731102,-0.6218931,-0.080072634,-0.098460846,-0.038704958,-0.61805356,-0.059968896,-0.02664554,0.0,0.0,0.038384356,0.016497938,0.0,0.0655485,-0.5920404,-0.061186664,0.0,0.0,-0.46398488,-0.07025265,0.018769663,-1.0387201,77
0.43917266,0.5825078,-0.027546689,0.11645405,0.60041964,-0.23917258,-0.11638283,0.31050926,0.3183498,-0.20524475,0.6116117,0.48129082,-0.02835083,-0.0067907013,0.145278,-0.0043991753,-0.0019309745,0.0,0.0,-0.2822249,-0.06446121,0.0,0.08231438,-0.055787627,-0.03038029,0.0,0.0,-0.1846376,-0.0605587,-0.019128853,0.193833,78
-0.6796222,0.12575966,0.24138595,-0.10584147,-0.041251592,-0.13185237,-0.31669107,-0.27872327,-0.0800717,-0.64515877,0.34908435,0.09105808,-0.0134766055,0.010708852,0.04825365,-0.0038786351,-0.0002927945,0.0,0.0,-0.1472274,-0.08194326,0.0,0.1486192,-0.5338211,-0.018258722,0.0,0.0,-0.19220884,-0.06270934,-0.01574196,-0.8546298,79
-0.045695618,-0.2309504,0.16935682,-0.1425046,-0.64816636,0.049938336,0.5527261,0.051330354,0.17037165,0.27203846,-0.1729582,-0.17327179,0.3775962,0.12915374,0.21922576,0.058348686,0.009171969,0.0,0.0,0.8305824,0.20315637,0.0,-0.011626711,-0.35169908,-0.036815375,0.0,0.0,0.32636285,0.5918578,0.018769663,0.08004375,80
-0.23315291,-0.022485929,0.29206908,-0.052438993,-0.49524412,-0.0632216,0.68046564,-0.11768347,0.1774031,0.13246582,-0.14733094,0.24070454,-0.028545402,-0.0056563835,0.053506684,-2.2882363e-05,-0.007214819,0.0,0.0,-0.14648226,0.03676076,0.0,0.1887946,1.5100638,0.0924848,0.0,0.0,0.14894596,-0.057718027,0.016236,-0.26638633,81
0.64770585,0.14580889,-0.128217,0.13605331,-0.18166438,0.083233684,0.47734496,0.16535601,0.12785836,0.25025293,-0.33261734,-0.09717056,0.14483191,0.034367878,0.33985016,0.070661195,-0.007860268,0.0,0.0,0.4414809,0.14013074,0.0,0.07193218,-0.13227619,-0.021671748,0.0,0.0,0.41717672,0.4475439,0.018769663,1.4336834,82
0.5950311,0.12169159,-0.11297731,0.09937546,0.18507713,0.1570105,-0.26473412,0.16682583,0.09177005,0.084389776,-0.3109449,-0.10076301,0.0012871886,-0.011623292,0.25511533,0.058348686,-0.047241,0.0,0.0,0.54286915,0.15454504,0.0,0.07441748,-0.14454815,0.0025004,0.0,0.0,0.532914,-0.0012911775,0.0460369,1.7692707,83
0.22666872,0.28195164,0.15002133,0.04787071,0.3672185,0.09166316,-0.089933276,-0.27150127,-0.11003772,-0.37016883,0.6273906,0.3029568,-0.010776532,-0.0067907013,0.15304716,0.004726044,0.06870335,0.0,0.0,0.6973111,0.11068929,0.0,0.087243795,1.1133531,-0.02085109,0.0,0.0,-0.32595944,-0.05830829,-0.04905733,0.1299554,84
0.2694688,0.10599714,0.000849403,0.046449285,-0.10883042,0.061921425,-0.5300598,-0.35647604,0.022267627,-0.059050165,-0.041663863,-0.25253037,-0.08637724,-0.020021312,-0.4570769,-0.0083306525,-0.13210972,0.0,0.0,0.30533004,0.0664677,0.0,0.06420764,-0.23144618,-0.01941326,0.0,0.0,-0.46676308,-0.084496774,-0.053570088,-0.95890146,85
-0.58776796,0.12761183,-0.12039561,-0.10885347,0.2770351,0.01580563,-0.37253296,-0.15688427,-0.10340805,-0.56116384,-0.069123074,-0.1916748,-0.003319618,0.010708852,0.04579815,-0.0038786351,0.0009958559,0.0,0.0,-0.1619838,-0.10567279,0.0,0.08898046,-0.4209916,-0.01862523,0.0,0.0,-0.23684089,-0.0665212,-0.01574196,-0.9211966,86
0.38990676,0.22935854,-0.11548386,0.06427506,1.0321895,0.15343788,-0.119183525,0.24796095,0.012088478,0.12322728,0.46711233,-0.102136225,-0.0247402,-0.0067907013,0.18073156,0.0027529635,0.061509546,0.0,0.0,0.4810622,0.12532513,0.0,0.09644571,0.83372444,0.0008210167,0.0,0.0,0.3893803,-0.022295617,-0.04905733,0.16414073,87
-0.44720733,0.1588279,0.31124458,-0.08302943,1.8948632,0.15030411,-0.12793437,0.078826524,0.20465419,-0.2981728,-0.019516598,0.22404608,-0.0015344556,0.010708852,0.05949492,-0.0017857526,-0.0016295789,0.0,0.0,0.080953926,-0.06416317,0.0,0.12104534,-0.16853882,0.016816106,0.0,0.0,-0.13982338,-0.041187182,-0.015475807,-0.5034937,88
0.38872644,0.54061496,0.08172381,0.054892935,0.5784123,0.18800384,-0.173133,0.32609496,-0.06751027,0.10644208,0.57836837,-0.03856274,-0.012732155,-0.0067907013,0.16924913,0.0013527386,0.06638074,0.0,0.0,0.7463652,0.120886736,0.0,0.11484121,1.0688372,-0.017990286,0.0,0.0,0.52506834,-0.033927172,-0.04905733,0.11736779,89
-0.66992664,0.1292622,0.07761238,-0.12633982,-0.297921,0.10521335,0.7605851,0.016077636,0.22089429,0.51522964,0.5256838,0.20726234,-0.043244574,-0.011294426,0.05769214,-0.002913974,0.0028806701,0.0,0.0,0.5249886,0.10486523,0.0,0.11229354,-0.081273966,-0.0030820994,0.0,0.0,0.22241604,-0.0437558,-0.019060677,-0.43178368,90
0.6409001,0.25658897,0.12622258,0.13764173,-0.19827247,0.16410904,-0.18606524,0.14982073,0.046125226,0.23341195,0.48065788,-0.15546666,0.0012871886,-0.008086448,-0.18459389,-0.059868116,-0.009088011,0.0,0.0,0.49508795,0.11506794,0.0,0.07566659,-0.09909225,-0.014609661,0.0,0.0,0.4248827,-0.018632809,0.0460369,1.5908697,91
0.34090266,0.29743353,0.14788999,0.057853658,1.2044725,0.09729018,-0.19807675,-0.18591487,-0.12404335,0.10231861,0.59657013,-0.06360867,-0.028548935,-0.0067907013,0.16812952,0.0043217517,0.08208304,0.0,0.0,0.44447306,0.11277733,0.0,0.0929121,1.0027609,0.022768728,0.0,0.0,-0.2377902,-0.033246513,-0.04905733,0.104674555,92
0.3908142,-0.077131964,-0.046723444,0.034813795,-0.5274575,0.119195595,-0.15177307,0.058978442,0.13472186,0.2735194,-0.18610346,-0.063917495,0.37808,0.12915374,0.1662638,0.04538907,0.06608214,0.0,0.0,0.92154163,0.2046702,0.0,0.047171135,1.2514576,-0.021190377,0.0,0.0,0.48086286,0.5489462,0.013429027,-0.34796974,93
-0.5589604,0.03295818,0.12693183,-0.09192771,-0.6406862,0.18856123,-0.22179343,0.15174091,0.09632066,0.14116456,-0.029363355,-0.02067538,-0.02952391,-0.0056563835,0.05399153,8.425582e-05,0.007093149,0.0,0.0,0.75291544,0.06755777,0.0,0.15924639,1.6646209,-0.022047434,0.0,0.0,0.31894168,-0.03201499,-0.01574196,0.07696352,94
-0.8179154,-0.88786703,-0.15247329,-0.12600768,-0.4772457,0.054076716,-0.32183042,0.09047595,0.03872694,-0.6340447,0.033486404,0.17740333,-0.030021861,0.010708852,0.025967492,-0.003252485,-0.018424641,0.0,0.0,0.037673227,-0.05334421,0.0,-0.28092217,-0.3091453,-0.00936986,0.0,0.0,-0.2404832,-0.06511187,-0.01574196,-0.8617466,95
0.61266,0.16069478,-0.11876383,0.101100855,0.29169545,0.05104788,-0.22573559,0.18951188,0.0067931646,0.17355122,-0.22459549,-0.0971214,0.09894637,0.034367878,0.34686926,0.070661195,-0.02300783,0.0,0.0,0.45157847,0.14102787,0.0,0.0761331,-0.12884651,0.006188058,0.0,0.0,0.4722509,0.39405653,0.0460369,1.426059,96
0.53972596,0.24630225,0.16449124,0.07779529,0.420424,0.20704336,-0.3381232,0.3330484,-0.050306287,-0.052382454,-0.08703162,-0.16413526,-0.039132595,-0.0067907013,0.1338998,-0.011730542,0.08088608,0.0,0.0,0.6784767,0.13069384,0.0,0.11024599,-0.012723181,-0.0042338413,0.0,0.0,0.6360796,-0.014223031,-0.020254716,0.24490175,97
0.4857355,0.19344199,-0.0089055,0.122187994,0.5018701,0.096324004,-0.20935693,0.3509329,0.010180325,0.30066764,-0.045544095,0.16649325,-0.030097777,-0.0067907013,0.13748705,-0.0045691323,0.068637416,0.0,0.0,0.6275552,0.08408568,0.0,0.12833405,0.08887267,-0.038632743,0.0,0.0,-0.31802395,-0.04931251,-0.020254716,0.23831296,98
-0.82221025,0.11232553,-0.13806868,-0.18036088,1.5272087,0.009034837,-0.294038,-0.13374448,-0.14950442,-0.5475019,-0.05406606,-0.07932052,-0.020113,-0.011294426,0.058167417,-0.0038786351,-0.0002927945,0.0,0.0,-0.18232705,-0.10881472,0.0,0.13527896,-0.6636735,-0.007047947,0.0,0.0,-0.10756375,-0.04595108,-0.01574196,-0.659609,99
0.5814552,0.19325387,-0.18662073,0.10400601,1.1520274,-0.079826884,-0.17879719,-0.24164884,-0.089062735,0.14408383,0.47105548,-0.036038578,-0.02410282,-0.0067907013,0.14132984,-0.0034817632,0.08580963,0.0,0.0,0.5780772,0.11158005,0.0,0.11712318,0.07199122,-0.025741365,0.0,0.0,0.3679985,-0.015820526,-0.020254716,0.032928932,100
0.554363,0.22700506,-0.049018204,0.10676262,-0.22265945,-0.035127494,-0.21689437,-0.1072992,0.1789074,0.094241515,0.027442377,-0.13572723,-0.0031346707,-0.014728377,0.24395846,0.060640477,0.0011931402,0.0,0.0,0.448017,0.12730639,0.0,0.080276616,-0.2719315,0.022878956,0.0,0.0,0.4507884,0.5057599,0.043645144,1.5564061,101
0.36822683,0.51215184,0.028242974,0.056824572,0.6556532,0.14024372,-0.06346836,-0.29351056,0.16289566,-0.28492764,0.48768318,-0.08842403,-0.017642902,-0.0067907013,0.15217337,0.0013527386,0.05188312,0.0,0.0,0.77903116,0.14918096,0.0,0.09035256,0.9939967,-0.02706802,0.0,0.0,0.43065712,-0.048985116,-0.01574196,0.19463052,102
0.6234976,0.27658927,0.053246528,0.12507497,0.4482655,0.13871635,-0.121590905,0.15575178,-0.1552871,0.14354202,0.14858906,-0.13128234,0.008587817,-0.014728377,0.09535361,0.045151994,-0.04564811,0.0,0.0,0.40425026,0.123601265,0.0,0.068836965,-0.36216348,-0.014849087,0.0,0.0,0.42032516,-0.012061811,0.013429027,1.3743904,103
0.6379542,0.35541838,0.069313556,0.12726097,-0.2566172,-0.000365715,-0.15935229,0.12999475,0.08353706,0.23478818,-0.23569274,-0.107272685,0.1377749,0.034367878,0.3461562,0.070661195,-0.042225633,0.0,0.0,0.5153788,0.13693045,0.0,0.09204135,-0.22623125,-0.02450842,0.0,0.0,0.44770676,0.49555945,0.0460369,1.5823871,104
0.46498334,0.3717577,0.17500544,0.13382456,-0.42264894,0.12836133,-0.14853173,0.24230681,0.02475061,0.47485566,-0.44424602,0.30144653,-0.029858094,-0.009381647,0.20909664,-0.0029162937,0.1299529,0.0,0.0,0.10085887,0.07343841,0.0,0.14107426,-0.027822424,0.039468735,0.0,0.0,-0.37907544,-0.054612182,0.0460369,0.12042249,105
0.49271527,0.27111533,0.10516937,0.058111865,0.5398707,0.20339972,-0.19511378,0.38427213,-0.17034723,0.020591559,-0.083049655,0.45476887,-0.0030459575,-0.0067907013,0.17073497,-0.0058853067,0.0704361,0.0,0.0,0.21301381,0.101576366,0.0,0.1096587,-0.14738569,-0.00043326244,0.0,0.0,0.71715766,-0.0326815,0.0460369,0.08365329,106
0.107093126,0.6815795,0.14674403,-0.12448838,0.7529261,0.00052212784,-0.17563035,-0.31374767,0.1292516,0.22301295,-0.032832496,0.32043293,-0.0017711483,-0.0067907013,0.11386613,-0.0058853067,0.025898356,0.0,0.0,0.14071432,0.07962206,0.0,0.22613196,-0.049391855,-0.058634017,0.0,0.0,0.47329482,-0.013140234,-0.00926451,0.055377692,107
0.49231884,0.34669408,0.08649904,0.058111865,0.54530996,0.23500016,-0.22676946,0.42180452,-0.004224002,0.26076928,-0.024715457,0.43155152,-0.0030459575,-0.0067907013,0.18827683,-0.004910533,0.07658464,0.0,0.0,0.18876742,0.09234976,0.0,0.12872705,-0.07728548,0.04554896,0.0,0.0,0.62962264,-0.03229572,0.0460369,0.19888033,108
0.24189825,0.23256852,0.099860586,0.025441654,-0.6128592,-0.06519498,-0.20623657,0.16490674,0.07129991,0.20469421,-0.45083398,-0.17020668,-0.032613147,-0.038704958,-0.6242172,-0.08737381,0.036458183,0.0,0.0,-0.5788599,0.030591844,0.0,0.08755221,-0.5747711,-0.04202738,0.0,0.0,0.27601248,-0.026948238,0.04543663,-1.0626473,109
-0.031234885,0.5537544,-0.019565439,-0.04932028,0.5095273,0.14105779,-0.2567724,-0.32485396,0.21567726,0.41967714,0.76860404,0.030070549,-0.020882811,-0.0067907013,0.12386371,0.0008421168,-0.0016652835,0.0,0.0,-0.2760036,-0.09416124,0.0,0.1687132,1.2455158,0.0687396,0.0,0.0,-0.15236373,-0.045789182,-0.015475807,-0.004107856,110
-0.4335787,0.18083847,0.056082994,-0.07542221,1.8663571,-0.023061069,-0.19680049,0.13114874,-0.019975906,-0.311991,-0.013775698,0.2942962,-0.0019234082,0.010708852,0.07328939,-0.005198871,-0.0025720606,0.0,0.0,0.08002739,-0.066086,0.0,0.09987278,-0.22090644,0.0112583125,0.0,0.0,-0.05501048,-0.041187182,-0.015475807,-0.493479,111
-0.6918208,-1.099938,-0.09709413,-0.11663022,-0.9066331,0.05052129,-0.33275104,-0.02917923,-0.1384992,0.11473211,-0.030116398,0.24877946,-0.036738772,-0.011294426,0.012288557,-0.0066725183,-0.03083559,0.0,0.0,-0.22413945,-0.04032462,0.0,-0.36251387,-0.3273849,-0.0046503795,0.0,0.0,-0.1591941,-0.0715749,-0.015475807,-0.58201945,112
-0.21031156,-0.00019999221,-0.060521603,0.013113813,-0.45311078,0.0061850566,0.68603754,0.079954624,-0.046039246,0.4074903,0.658791,0.06975269,-0.04094515,-0.004652497,0.08893894,0.0043089194,-0.012574852,0.0,0.0,-0.23839958,-0.047532216,0.0,0.15938044,1.7098241,0.019633655,0.0,0.0,-0.11462886,-0.0464687,-0.010072461,-0.45842654,113
-0.6956877,-1.2553554,-0.108502395,-0.17016836,-1.0715557,-0.11190761,0.53004795,0.058066238,-0.15037355,0.045734324,-0.28464845,-0.17125787,-0.029524583,-0.0056563835,-0.011542029,-0.0023173443,-0.007934934,0.0,0.0,-0.16379574,0.0043939035,0.0,-0.47708145,1.1691989,-0.06510247,0.0,0.0,0.13569622,-0.05965106,0.008322244,-0.48185903,114
-1.0041922,-0.2705091,-0.23976244,-0.20429707,-1.2023448,0.06645447,-0.068552665,-0.121925786,0.0833187,0.12746252,-0.35386094,0.024267608,-0.027055478,-0.0056563835,0.052581802,-0.0109438775,-0.003534704,0.0,0.0,0.052988768,0.033424083,0.0,0.009634192,-0.5868234,-0.07443771,0.0,0.0,0.18299598,-0.08057823,0.015820784,-0.16229251,115
0.64440596,0.26710337,0.06547996,0.12830983,-0.4949045,0.115173966,0.37647614,0.12958351,0.121500984,0.24882537,-0.2476152,-0.093228176,0.1353278,0.034367878,0.32109797,0.070661195,-0.057185274,0.0,0.0,0.5376295,0.16283979,0.0,0.08955605,-0.21743256,-0.01315129,0.0,0.0,0.3768524,0.55812794,0.018769663,1.4995099,116
-0.20904265,0.41175154,-0.03621898,-0.18632269,-0.86959875,-0.18547742,-0.33329302,0.1120788,-0.36528835,-0.8099053,0.47799054,-0.2538214,-0.035225406,-0.0067907013,0.029174002,-0.009990511,-0.034691066,0.0,0.0,-0.49053854,-0.08650789,0.0,0.18647799,-0.3145207,-0.027195046,0.0,0.0,-0.23723352,-0.0803936,-0.052444223,-0.06358093,117
-0.49235943,-0.0117952665,-0.012548489,-0.078130074,-0.6398511,-0.04645186,-0.30763817,0.09545799,-0.044722673,-0.62340367,-0.01704596,0.19508058,-0.042745758,-0.011294426,0.044134974,-0.0038786351,-0.039263163,0.0,0.0,-0.07891524,-0.070681736,0.0,0.08898046,-0.31401944,0.0075239753,0.0,0.0,-0.23638189,-0.06712323,-0.01574196,-0.7752314,118
0.5518216,0.48208,0.16987513,0.102090284,-0.60667384,0.1723984,-0.16978012,0.22832412,-0.19518848,0.1468185,-0.38848788,0.39549795,-0.019532116,-0.009381647,0.23005475,-0.004910533,0.07580785,0.0,0.0,0.23455356,0.07601652,0.0,0.14206468,-0.05904982,0.09617113,0.0,0.0,0.59325695,-0.03742651,0.0460369,0.0011348794,119
0.57180965,0.36894974,-0.20164958,0.08644073,-0.46053395,0.17841935,-0.13826796,0.21130417,-0.07827072,0.39842555,0.7324983,-0.005090802,-0.020806924,-0.0067907013,0.1720009,-0.0030508859,0.11945385,0.0,0.0,0.31431738,0.067246005,0.0,0.14091073,-0.06878441,-0.0025792238,0.0,0.0,0.5326487,-0.040751487,0.0460369,0.013612283,120
-0.049490266,0.58300644,-0.040608574,-0.07956336,0.7466972,-0.08163198,-0.22912729,0.2903334,0.22370222,-0.3471707,0.6085556,0.2658366,-0.01116751,-0.0067907013,0.15690161,0.004726044,0.06870335,0.0,0.0,0.7843896,0.077437185,0.0,0.14659442,1.2457857,0.026511762,0.0,0.0,-0.30770016,-0.04161145,-0.01574196,0.12341693,121
-0.7561159,-0.03452431,-0.11506242,-0.13529654,0.33458802,-0.17462382,-0.36142227,-0.25892815,0.056531943,-0.7042248,-0.0049608443,0.162833,-0.02461889,-0.011294426,0.030517327,-0.0004655167,-0.0010753333,0.0,0.0,-0.13566606,-0.08606466,0.0,0.08315787,-0.28801492,-0.00032042386,0.0,0.0,-0.24779639,-0.057299018,-0.01574196,-0.8759966,122
0.6034876,0.49800968,-0.2506026,0.12965742,-0.49958506,0.20555778,-0.15035114,0.22595681,0.18528412,0.27909312,-0.07804771,0.0150917545,-0.027307937,-0.0067907013,0.14942932,-0.011299665,0.088050075,0.0,0.0,0.8747063,0.09974271,0.0,0.15142657,-0.09391515,-0.026156737,0.0,0.0,0.60252416,-0.016141301,-0.020254716,0.01889313,123
-0.13511933,0.11766461,-0.012717916,-0.044940647,-0.4579275,0.0740852,-0.29109085,0.060884338,0.37041312,-0.2426881,0.6413417,0.15692332,-0.02853251,-0.004652497,0.08654816,0.0038971729,-0.030511698,0.0,0.0,-0.2598298,-0.05962567,0.0,0.17406185,1.6647866,0.05807347,0.0,0.0,-0.15849505,-0.05648805,-0.015475807,-0.5543845,124
-0.71861506,-0.9158735,0.07826866,-0.122766174,0.057569705,0.050825913,-0.33015713,0.0027662804,-0.06522114,-0.42280075,0.09206406,0.15273508,-0.012260894,0.010708852,0.029386528,-0.004572721,-0.0019074694,0.0,0.0,0.00232352,-0.065098055,0.0,-0.34169686,-0.25649047,0.004754211,0.0,0.0,-0.117634326,-0.061756663,-0.015475807,-0.77038413,125
0.6015236,0.27497685,0.07398056,0.093200736,0.33470705,0.14931549,0.50924426,0.20130056,0.06592218,0.13985279,0.029673934,-0.12297012,0.091072686,0.021988919,0.33949134,0.070661195,-0.03702354,0.0,0.0,0.3694109,0.10296736,0.0,0.072102755,-0.28322718,-0.018089946,0.0,0.0,0.40075088,0.32617006,0.018769663,1.3967422,126
0.50220597,0.32962,0.22608083,0.12736003,1.3153515,-0.16707285,0.5744349,0.3065712,0.15663712,-0.40664524,0.2771259,0.388265,-0.020210858,-0.0067907013,0.15761612,-0.009990511,0.031524383,0.0,0.0,-0.3047098,-0.08483686,0.0,0.08888034,-0.03175592,0.040266722,0.0,0.0,-0.10634673,-0.05974766,-0.017367179,0.1822881,127
0.587238,0.1586386,0.13752288,0.098979704,0.5942198,0.18325609,0.60440457,0.3388921,-0.08229619,0.19499142,0.067044035,0.25200272,-0.032029327,-0.0067907013,0.12141644,-0.006316184,-0.11875299,0.0,0.0,0.6212462,0.08886954,0.0,0.070587516,-0.07714463,-0.022324365,0.0,0.0,0.532024,-0.033066493,-0.014851371,-0.41048658,128
0.3404447,0.4126142,-0.083129115,0.13083138,1.4592681,-0.13708949,-0.1247253,0.2518135,0.035198033,-0.38853636,0.22238685,-0.12367531,-0.02240745,-0.0067907013,0.1186832,0.005282796,0.053607758,0.0,0.0,-0.041431587,-0.088254966,0.0,0.052654393,1.0033373,0.005074417,0.0,0.0,-0.2999198,-0.045696095,-0.01574196,-0.13061313,129
0.5498676,0.46283588,-0.002540249,0.081223786,0.46382126,0.13537763,0.62341046,0.37595627,-0.018808784,-0.12262734,0.62074184,-0.03490763,-0.03293567,-0.020021312,-0.2763118,-0.002122697,-0.025058283,0.0,0.0,0.16393802,0.026777916,0.0,0.06299722,-0.29182428,-0.024296414,0.0,0.0,0.5153655,-0.035734344,0.018769663,-0.6948488,130
0.7184052,0.37537217,-0.03523528,0.14091751,-0.18143715,0.087483816,0.3912845,-0.12691659,0.07720841,0.22284408,-0.29391667,-0.11876181,0.14447924,0.034367878,0.39491397,0.09429569,0.028459143,0.0,0.0,-0.2549753,0.11792499,0.0,0.07487435,-0.31866926,0.014534531,0.0,0.0,0.31834292,0.40485963,0.01816939,1.6677502,131
0.7092853,0.3756408,-0.10955274,0.14091751,-0.2519638,0.093016,0.39036095,-0.118778326,0.10472164,0.22659783,-0.35135308,-0.07811262,-0.0136494385,-0.011623292,0.33008435,0.09429569,0.04748411,0.0,0.0,-0.30916741,0.058313902,0.0,0.074014455,-0.3548166,-0.018400282,0.0,0.0,0.301495,0.42793924,0.01816939,2.0877569,132
0.48705447,0.351566,-0.0016609868,0.1017353,0.33926246,-0.18072712,0.54530793,0.21985492,0.025455045,0.16227487,-0.42251793,0.31735846,0.030373868,-0.011623292,-0.2636746,-0.059733525,-0.036249217,0.0,0.0,0.036682677,0.029026605,0.0,0.069135346,-0.21679595,0.016571239,0.0,0.0,-0.3451779,0.028383639,0.018769663,1.7053977,133
0.103458025,-0.012070769,-0.42363286,-0.0011628605,0.3917081,-0.26458797,-0.47183594,0.22046499,-0.014413044,0.209151,-0.25711966,-0.34253627,-0.06482713,-0.0067907013,0.01333335,-0.008566078,0.039420247,0.0,0.0,-0.4067212,-0.09177782,0.0,0.0781944,-0.27260152,-0.04017079,0.0,0.0,-0.40164673,-0.085680366,-0.0330008,-0.19105718,134
0.112359904,0.6263071,0.29236117,-0.07894342,0.8369075,-0.0943251,-0.15895282,0.10290146,0.22092369,0.41264558,-0.03974005,0.1543007,-0.021322459,-0.0067907013,0.10099685,-0.0075913034,-0.0046547065,0.0,0.0,-0.34041524,-0.080363385,0.0,0.22268055,-0.0746467,0.059334658,0.0,0.0,-0.11556135,-0.046970382,-0.019128853,0.1442944,135
0.6314153,0.38573164,-0.10565702,0.12873909,-0.212208,-0.05590833,-0.23737277,0.15955734,0.063412525,0.21504532,0.4933869,-0.11664153,-0.011825952,-0.008086448,-0.29952353,-0.059868116,0.0050234892,0.0,0.0,0.5117314,0.052330818,0.0,0.07566659,-0.20263667,0.018662656,0.0,0.0,0.51875037,-0.02577083,0.0460369,1.7649673,136
-0.055034503,0.39601752,0.0060292385,-0.035716325,0.656064,-0.15539703,-0.040272027,0.064504296,0.005660075,0.24625237,0.805237,0.12973692,-0.023784917,-0.0067907013,0.08620717,0.005282796,0.011890681,0.0,0.0,0.06891872,-0.083404034,0.0,0.13327815,1.2331429,0.020294692,0.0,0.0,-0.28421158,-0.036752075,-0.01574196,-0.14022897,137
0.48415452,0.35657525,0.11071086,0.13668777,-0.2170422,-0.09952041,-0.261353,0.16234094,0.1062765,0.24394394,-0.43605468,0.27058586,0.02430112,-0.011623292,-0.25133106,-0.059733525,0.008143919,0.0,0.0,0.104152806,0.02265222,0.0,0.07162064,-0.26137063,0.07076438,0.0,0.0,-0.39652127,0.026425269,0.0460369,1.9922627,138
0.63003576,0.30154076,0.12949972,0.10596503,0.47221985,0.10560212,0.43138364,-0.08138743,-0.018910911,0.08362757,-0.33479849,-0.09963584,-0.008637229,-0.011623292,0.3399093,0.09429569,0.024498425,0.0,0.0,-0.22127293,0.023600819,0.0,0.07487435,-0.33982915,-0.037457433,0.0,0.0,0.29990268,0.3380818,0.01816939,1.7804362,139
-0.8336087,-1.0574487,-0.055842996,-0.18294317,-0.56983083,0.070835866,-0.36503527,0.047501888,0.20555739,-0.32401758,0.06823956,0.10788853,-0.029292366,-0.011294426,0.029268343,-0.0010601655,-0.011800402,0.0,0.0,0.36763668,0.017892178,0.0,-0.37398547,-0.29346758,-0.024578154,0.0,0.0,-0.21162832,-0.057058193,-0.04905733,-0.810013,140
-0.7643601,-1.069509,0.0077881482,-0.12250713,0.41555074,0.09370526,-0.01478156,-0.18967053,-0.10583117,-0.483767,0.28607062,0.1479221,-0.012260894,0.010708852,0.019033918,-0.004572721,-0.002415598,0.0,0.0,-0.022041967,-0.06523318,0.0,-0.40878895,-0.31310695,0.014582307,0.0,0.0,-0.18353623,-0.05736211,-0.015475807,-0.76802313,141
-1.059958,-1.223303,-0.10131583,-0.18552142,-0.9532194,0.112032324,-0.26086113,-0.12041299,0.025004534,-0.28591526,0.24189411,-0.12119092,-0.034771014,-0.011294426,0.024407579,-0.0021953355,-0.013971099,0.0,0.0,0.39165992,0.05353,0.0,-0.4388133,-0.24520585,0.023830172,0.0,0.0,0.2104434,-0.062551,-0.04905733,-0.79120314,142
-1.1391599,-1.0608969,-0.13926049,-0.199503,-0.83372486,-0.06882727,-0.059242267,-0.18099606,0.06460542,-0.3541058,0.04085203,-0.11626959,-0.034771014,-0.011294426,0.015109115,-0.0021953355,-0.0024197751,0.0,0.0,0.3533417,0.1345872,0.0,-0.41287512,-0.2920725,-0.00025281403,0.0,0.0,0.14590113,-0.068707794,-0.01574196,-0.83480227,143
-0.9253354,-1.1762015,-0.051299147,-0.17734344,-0.7868609,0.07230195,-0.08577223,-0.068224736,0.1530881,-0.5696912,0.32329038,-0.09857819,-0.036347046,-0.011294426,0.026633428,-0.0008269965,-0.011800402,0.0,0.0,0.3627512,0.010989188,0.0,-0.4000019,-0.32702976,0.009238953,0.0,0.0,-0.22162127,-0.06786672,-0.01574196,-0.76689047,144
-1.1234009,-1.1317179,-0.07616139,-0.19163674,-1.130663,-0.09676372,0.58616924,0.020241683,-0.24796396,-0.37387633,0.29420057,0.13645196,-0.032867722,-0.011294426,0.049981613,-0.005375285,-0.0034066094,0.0,0.0,0.34603897,0.0694981,0.0,-0.39966714,-0.4228972,-0.033259947,0.0,0.0,0.14094396,-0.071936056,-0.010338615,-0.7547116,145
-0.85519886,-1.0971432,-0.15904383,-0.17081298,-0.7402887,0.07820327,-0.2960944,-0.2269161,-0.16780736,-0.32392868,0.29331425,0.023836527,-0.027489299,-0.011294426,0.019812932,-0.0057935202,-0.031211706,0.0,0.0,-0.21665087,-0.042218924,0.0,-0.3900979,-0.36556235,-0.045125265,0.0,0.0,-0.1310248,-0.06657614,-0.015475807,-0.7196309,146
-0.77416766,-1.0524367,-0.16995041,-0.13102257,-0.77078706,0.08699613,-0.27676728,0.12329474,-0.17231229,-0.49576634,0.34083712,0.17696837,-0.03454398,-0.011294426,0.0288354,-0.005560351,-0.031211706,0.0,0.0,-0.22557375,-0.041260835,0.0,-0.34640417,-0.4004981,-0.007051292,0.0,0.0,-0.14843461,-0.07225841,-0.015475807,-0.66021633,147
-0.63426083,-0.34364906,-0.16535337,-0.2070764,-0.6826521,0.053907294,-0.36273873,-0.23158982,0.23271944,-0.6539803,-0.043244563,-0.1780844,-0.03466875,-0.004652497,0.050332803,-0.0045628333,-0.030879088,0.0,0.0,-0.36478716,-0.081594214,0.0,0.034742802,-0.5831335,0.0633771,0.0,0.0,-0.20729628,-0.079606354,-0.019128853,-0.4691445,148
-0.61923844,0.61115533,-0.17950596,-0.112711504,0.96752024,0.09994703,-0.35149184,0.33746848,0.22506242,0.4230886,0.68492377,0.09661675,-0.017018467,-0.004652497,0.07588852,-0.0016963624,-0.0037334235,0.0,0.0,-0.2924349,-0.09544444,0.0,0.25424534,-0.23877649,0.02769737,0.0,0.0,-0.13110507,-0.040746834,-0.0330008,0.06909338,149
-0.88975084,-1.1519228,-0.048562553,-0.15320243,-0.34796774,0.08471515,-0.3283721,-0.21880674,-0.17379178,0.14770593,0.36204353,-0.1611926,-0.034254584,-0.011294426,0.016638633,-0.0057935202,-0.024308274,0.0,0.0,-0.19682312,-0.08819379,0.0,-0.43536776,-0.47433293,-0.012562252,0.0,0.0,-0.17278731,-0.044996787,-0.015475807,-0.7999956,150
-1.0490565,-0.47457275,-0.19232486,-0.18390915,-0.8920759,-0.14460178,-0.30905494,0.099355265,-0.11842626,0.12636541,0.58686453,-0.19180907,-0.02894176,-0.004652497,0.045054454,-0.008109457,-0.024299398,0.0,0.0,0.1581427,0.040177904,0.0,0.015751347,-0.6799513,-0.034956407,0.0,0.0,0.19883437,-0.058995813,-0.053570088,-0.11135598,151
-0.30340075,0.62290704,-0.006204192,-0.028678834,0.5093856,-0.09227257,0.0080050165,-0.102430195,-0.083223425,0.43018678,0.64728886,0.32735977,-0.021385362,-0.004652497,0.052801576,0.0061784536,0.0054888697,0.0,0.0,-0.014467282,-0.08606466,0.0,0.20925653,1.3509305,0.009865422,0.0,0.0,-0.18049885,-0.03920834,-0.01574196,-0.61682177,152
0.6304856,-0.2266561,0.09232517,0.09760766,-0.5702173,0.042717777,-0.111472726,0.15206365,0.11571195,0.26870143,-0.24479888,-0.14431098,0.37706354,0.12915374,0.22698699,0.070661195,0.0749603,0.0,0.0,0.7442865,0.17794703,0.0,0.027699342,-0.08880449,-0.04617914,0.0,0.0,0.47614244,0.6015031,0.015820784,-0.34984356,153
-0.8175867,-0.08005338,-0.020220665,-0.1368156,-0.56337315,-0.20667584,-0.30214182,-0.24111556,-0.30598745,0.07556958,0.296478,-0.28837746,-0.043348204,-0.011294426,0.017834764,-0.0073339166,-0.022544336,0.0,0.0,0.42038772,0.048950434,0.0,0.10034163,-0.30076224,-0.03658942,0.0,0.0,0.22088678,-0.045523893,-0.01574196,-0.52168,154
-0.61407655,0.02452653,-0.10022616,-0.09664257,-0.64245784,0.18708593,-0.18182059,0.13595423,-0.20740175,0.05963826,0.72945714,-0.16417968,-0.036578592,-0.004652497,0.048463803,0.0027231716,0.0070599415,0.0,0.0,0.63506037,0.107945144,0.0,0.15515947,1.7152448,-0.036951285,0.0,0.0,0.2852966,-0.03146941,-0.01574196,-0.032516036,155
-0.80466163,-0.9054691,-0.20925558,-0.1303734,-0.26390615,0.05847926,-0.044608343,0.118714534,-0.15373304,-0.5876627,0.03404209,0.18178323,-0.030021861,0.010708852,0.030648747,-0.003252485,-0.011391104,0.0,0.0,0.022981264,-0.0700475,0.0,-0.31054074,-0.38227764,-0.0035141984,0.0,0.0,-0.22211942,-0.062550835,-0.01574196,-0.88292265,156
-0.37726116,0.1469644,0.08058879,-0.053574372,1.9301448,0.12884301,-0.1543981,0.14098497,-0.12357016,-0.35894653,0.32813534,0.3059624,-0.0015344556,0.010708852,0.0718399,-0.005198871,-0.004513148,0.0,0.0,0.08153061,-0.06872533,0.0,0.13588007,-0.26233187,0.015541104,0.0,0.0,-0.049955964,-0.041187182,-0.015475807,-0.52616465,157
-0.14018714,0.14085457,0.027705003,0.02943194,-0.117892906,0.0024961573,-0.0032961578,-0.12573214,-0.04852352,0.31456432,0.631467,0.4029021,-0.041360483,-0.004652497,0.061603203,0.0061784536,-0.0077069905,0.0,0.0,0.023447283,-0.08738502,0.0,0.18238805,1.6714109,0.0162487,0.0,0.0,-0.13536945,-0.042853285,-0.01574196,-0.5933316,158
-1.0313678,-0.4158407,-0.3204084,-0.19136351,-0.7789655,-0.20893008,-0.31520054,0.12746848,-0.20205246,0.004560218,0.40288204,-0.23297906,-0.03671758,-0.004652497,0.03132486,-0.008540335,-0.013473559,0.0,0.0,0.5582035,0.086230494,0.0,0.022209914,-0.53105915,-0.0295012,0.0,0.0,0.21198808,-0.05893798,-0.020254716,-0.10441378,159
-1.0139452,-1.1708069,-0.0727738,-0.1930087,-0.84049606,-0.12154566,-0.20628302,-0.019987497,-0.28929406,0.025306204,0.22344702,-0.22917107,-0.030625233,-0.011294426,0.0049562715,-0.004623307,-0.0022896733,0.0,0.0,0.32401684,0.14304955,0.0,-0.41983217,-0.45640838,-0.02601159,0.0,0.0,0.24971157,-0.07367775,0.013429027,-0.55982876,160
-0.8860394,-1.164736,-0.037875656,-0.18217617,-0.6236113,0.09378751,-0.28312108,0.050460782,-0.16992143,-0.27607358,0.2799751,-0.0058219447,-0.036347046,-0.011294426,0.035731602,-0.004473284,-0.0116703,0.0,0.0,0.33664575,0.014096509,0.0,-0.3995542,-0.35744423,0.015612354,0.0,0.0,-0.19309726,-0.056989584,-0.01574196,-0.7312122,161
-1.0688956,-1.1298431,-0.12357737,-0.1817632,-1.0462431,-0.116621174,-0.28965205,-0.06964642,-0.22745867,0.13375871,0.22306639,0.08575729,-0.029146444,-0.011294426,0.018518265,-0.0055631027,-0.023831774,0.0,0.0,0.05088636,0.004581442,0.0,-0.3984265,-0.44860533,-0.021693751,0.0,0.0,0.17872015,-0.06842354,-0.01574196,-0.7359734,162
-0.8061989,-1.0934551,-0.06040243,-0.12574863,-0.66469234,-0.060927447,-0.10929997,-0.14793001,-0.15623127,-0.55331033,0.25839716,0.14568922,-0.030021861,0.010708852,0.02340737,-0.004572721,-0.021354327,0.0,0.0,-0.034786843,-0.036224116,0.0,-0.40878895,-0.41057074,0.014797964,0.0,0.0,-0.15286207,-0.0720457,-0.015475807,-0.7178445,163
