,index,G1_n_nodes,G1_n_edges,G1_density,G1_avg_degree,G1_max_degree,G1_min_degree,G1_degree_var,G1_degree_entropy,G1_deg_hist_0,G1_deg_hist_1,G1_deg_hist_2,G1_deg_hist_3,G1_deg_hist_4,G1_deg_hist_5,G1_deg_hist_6,G1_avg_clustering,G1_transitivity,G1_n_triangles,G1_n_squares,G1_core_max,G1_core_mean,G1_core_entropy,G1_dist_q10,G1_dist_q50,G1_dist_q90,G1_diameter,G1_avg_shortest_path,G1_assortativity,G1_edge_betw_mean,G1_edge_betw_std,G1_betw_mean,G1_betw_std,G1_close_mean,G1_close_std,G1_lap_eigval_1,G1_lap_eigval_2,G1_lap_eigval_3,G1_lap_eigval_4,G1_lap_eigval_5,G1_lap_eigval_6,G1_lap_eigval_7,G1_lap_eigval_8,G1_lap_eigval_9,G1_lap_eigval_10,G1_adj_eig_1,G1_adj_eig_2,G1_adj_eig_3,G1_adj_eig_4,G1_adj_eig_5,G1_adj_spec_gap,G1_wl_hash,G2_n_nodes,G2_n_edges,G2_density,G2_avg_degree,G2_max_degree,G2_min_degree,G2_degree_var,G2_degree_entropy,G2_deg_hist_0,G2_deg_hist_1,G2_deg_hist_2,G2_deg_hist_3,G2_deg_hist_4,G2_deg_hist_5,G2_deg_hist_6,G2_avg_clustering,G2_transitivity,G2_n_triangles,G2_n_squares,G2_core_max,G2_core_mean,G2_core_entropy,G2_dist_q10,G2_dist_q50,G2_dist_q90,G2_diameter,G2_avg_shortest_path,G2_assortativity,G2_edge_betw_mean,G2_edge_betw_std,G2_betw_mean,G2_betw_std,G2_close_mean,G2_close_std,G2_lap_eigval_1,G2_lap_eigval_2,G2_lap_eigval_3,G2_lap_eigval_4,G2_lap_eigval_5,G2_lap_eigval_6,G2_lap_eigval_7,G2_lap_eigval_8,G2_lap_eigval_9,G2_lap_eigval_10,G2_adj_eig_1,G2_adj_eig_2,G2_adj_eig_3,G2_adj_eig_4,G2_adj_eig_5,G2_adj_spec_gap,G2_wl_hash,diff_n_nodes,diff_n_edges,diff_density,diff_avg_degree,diff_degree_var,diff_degree_entropy,diff_deg_hist_0,diff_deg_hist_1,diff_deg_hist_2,diff_deg_hist_3,diff_deg_hist_4,diff_deg_hist_5,diff_deg_hist_6,diff_avg_clustering,diff_transitivity,diff_n_triangles,diff_n_squares,diff_core_mean,diff_core_entropy,diff_dist_q10,diff_dist_q50,diff_dist_q90,diff_diameter,diff_avg_shortest_path,diff_assortativity,diff_edge_betw_mean,diff_edge_betw_std,diff_betw_mean,diff_betw_std,diff_close_mean,diff_close_std,diff_lap_eigval_1,diff_lap_eigval_2,diff_lap_eigval_3,diff_lap_eigval_4,diff_lap_eigval_5,diff_lap_eigval_6,diff_lap_eigval_7,diff_lap_eigval_8,diff_lap_eigval_9,diff_lap_eigval_10,diff_adj_eig_1,diff_adj_eig_2,diff_adj_eig_3,diff_adj_eig_4,diff_adj_eig_5,diff_adj_spec_gap,ratio_n_nodes,ratio_n_edges,ratio_density,ratio_avg_degree,ratio_degree_var,ratio_degree_entropy,ratio_deg_hist_0,ratio_deg_hist_1,ratio_deg_hist_2,ratio_deg_hist_3,ratio_deg_hist_4,ratio_deg_hist_5,ratio_deg_hist_6,ratio_avg_clustering,ratio_transitivity,ratio_n_triangles,ratio_n_squares,ratio_core_mean,ratio_core_entropy,ratio_dist_q10,ratio_dist_q50,ratio_dist_q90,ratio_diameter,ratio_avg_shortest_path,ratio_assortativity,ratio_edge_betw_mean,ratio_edge_betw_std,ratio_betw_mean,ratio_betw_std,ratio_close_mean,ratio_close_std,ratio_lap_eigval_1,ratio_lap_eigval_2,ratio_lap_eigval_3,ratio_lap_eigval_4,ratio_lap_eigval_5,ratio_lap_eigval_6,ratio_lap_eigval_7,ratio_lap_eigval_8,ratio_lap_eigval_9,ratio_lap_eigval_10,ratio_adj_eig_1,ratio_adj_eig_2,ratio_adj_eig_3,ratio_adj_eig_4,ratio_adj_eig_5,ratio_adj_spec_gap
0,0,10,24,0.5333333333333333,4.8,5,4,0.15999999999999998,0.7219280948873623,0,0,0,0,2,8,0,0.5333333333333333,0.5217391304347826,16,1,4,4.0,-1.4428232973175175e-12,0.9000000000000004,1.0,2.0,3,1.34,-0.1999999999999728,0.062037037037037036,0.005292107468976004,0.061111111111111095,0.02129629629629629,0.6738461538461539,0.036923076923076927,-2.475700107332561e-16,0.552786404500042,0.7171572875253808,0.717157287525381,1.2,1.282842712474619,1.2828427124746193,1.3999999999999988,1.4000000000000004,1.447213595499958,4.828427124746187,1.9999999999999998,1.4142135623730945,1.4142135623730945,-0.8284271247461902,2.828427124746187,5dd226235f42cec0b302bf92cb455a2b,8,4,0.14285714285714285,1.0,1,1,0.0,-0.0,0,8,0,0,0,0,0,0.0,0,0,0,1,1.0,-1.4428232973175175e-12,,,,,,,0.03571428571428571,0.0,0.0,0.0,0.14285714285714285,0.0,0.0,0.0,0.0,0.0,2.0,2.0,2.0,2.0,,,1.0,1.0,1.0,1.0,-1.0,0.0,66f75df6a73731ca3dfcd77bd9b8f9a8,2.0,20.0,0.3904761904761905,3.8,0.15999999999999998,0.7219280948873623,0.0,-8.0,0.0,0.0,2.0,8.0,0.0,0.5333333333333333,0.5217391304347826,16.0,1.0,3.0,0.0,,,,,,,0.026322751322751324,0.005292107468976004,0.061111111111111095,0.02129629629629629,0.530989010989011,0.036923076923076927,-2.475700107332561e-16,0.552786404500042,0.7171572875253808,0.717157287525381,-0.8,-0.7171572875253811,-0.7171572875253807,-0.6000000000000012,,,3.828427124746187,0.9999999999999998,0.4142135623730945,0.4142135623730945,0.17157287525380982,2.828427124746187,1.2499998437500197,5.999998500000375,3.7333072001829324,4.7999952000048,159999.99999999997,721928.0948873623,0.0,0.0,0.0,0.0,2000000.0,8000000.0,0.0,533333.3333333334,521739.1304347826,16000000.0,1000000.0,3.9999960000040002,-1.4428253790595884e-06,,,,,,,1.7369884013617989,5292.107468976004,61111.111111111095,21296.29629629629,4.716890058692666,36923.07692307693,-2.475700107332561e-10,552786.4045000421,717157.2875253808,717157.2875253811,0.5999997000001499,0.6414210355267916,0.6414210355267919,0.6999996500001744,,,4.828422296323891,1.999998000002,1.4142121481609464,1.4142121481609464,0.8284279531741434,2828427.124746187
1,0,10,24,0.5333333333333333,4.8,5,4,0.15999999999999998,0.7219280948873623,0,0,0,0,2,8,0,0.5333333333333333,0.5217391304347826,16,1,4,4.0,-1.4428232973175175e-12,0.9000000000000004,1.0,2.0,3,1.34,-0.1999999999999728,0.062037037037037036,0.005292107468976004,0.061111111111111095,0.02129629629629629,0.6738461538461539,0.036923076923076927,-2.475700107332561e-16,0.552786404500042,0.7171572875253808,0.717157287525381,1.2,1.282842712474619,1.2828427124746193,1.3999999999999988,1.4000000000000004,1.447213595499958,4.828427124746187,1.9999999999999998,1.4142135623730945,1.4142135623730945,-0.8284271247461902,2.828427124746187,5dd226235f42cec0b302bf92cb455a2b,8,4,0.14285714285714285,1.0,1,1,0.0,-0.0,0,8,0,0,0,0,0,0.0,0,0,0,1,1.0,-1.4428232973175175e-12,,,,,,,0.03571428571428571,0.0,0.0,0.0,0.14285714285714285,0.0,0.0,0.0,0.0,0.0,2.0,2.0,2.0,2.0,,,1.0,1.0,1.0,1.0,-1.0,0.0,66f75df6a73731ca3dfcd77bd9b8f9a8,2.0,20.0,0.3904761904761905,3.8,0.15999999999999998,0.7219280948873623,0.0,-8.0,0.0,0.0,2.0,8.0,0.0,0.5333333333333333,0.5217391304347826,16.0,1.0,3.0,0.0,,,,,,,0.026322751322751324,0.005292107468976004,0.061111111111111095,0.02129629629629629,0.530989010989011,0.036923076923076927,-2.475700107332561e-16,0.552786404500042,0.7171572875253808,0.717157287525381,-0.8,-0.7171572875253811,-0.7171572875253807,-0.6000000000000012,,,3.828427124746187,0.9999999999999998,0.4142135623730945,0.4142135623730945,0.17157287525380982,2.828427124746187,1.2499998437500197,5.999998500000375,3.7333072001829324,4.7999952000048,159999.99999999997,721928.0948873623,0.0,0.0,0.0,0.0,2000000.0,8000000.0,0.0,533333.3333333334,521739.1304347826,16000000.0,1000000.0,3.9999960000040002,-1.4428253790595884e-06,,,,,,,1.7369884013617989,5292.107468976004,61111.111111111095,21296.29629629629,4.716890058692666,36923.07692307693,-2.475700107332561e-10,552786.4045000421,717157.2875253808,717157.2875253811,0.5999997000001499,0.6414210355267916,0.6414210355267919,0.6999996500001744,,,4.828422296323891,1.999998000002,1.4142121481609464,1.4142121481609464,0.8284279531741434,2828427.124746187
2,0,10,24,0.5333333333333333,4.8,5,4,0.15999999999999998,0.7219280948873623,0,0,0,0,2,8,0,0.5333333333333333,0.5217391304347826,16,1,4,4.0,-1.4428232973175175e-12,0.9000000000000004,1.0,2.0,3,1.34,-0.1999999999999728,0.062037037037037036,0.005292107468976004,0.061111111111111095,0.02129629629629629,0.6738461538461539,0.036923076923076927,-2.475700107332561e-16,0.552786404500042,0.7171572875253808,0.717157287525381,1.2,1.282842712474619,1.2828427124746193,1.3999999999999988,1.4000000000000004,1.447213595499958,4.828427124746187,1.9999999999999998,1.4142135623730945,1.4142135623730945,-0.8284271247461902,2.828427124746187,5dd226235f42cec0b302bf92cb455a2b,8,4,0.14285714285714285,1.0,1,1,0.0,-0.0,0,8,0,0,0,0,0,0.0,0,0,0,1,1.0,-1.4428232973175175e-12,,,,,,,0.03571428571428571,0.0,0.0,0.0,0.14285714285714285,0.0,0.0,0.0,0.0,0.0,2.0,2.0,2.0,2.0,,,1.0,1.0,1.0,1.0,-1.0,0.0,66f75df6a73731ca3dfcd77bd9b8f9a8,2.0,20.0,0.3904761904761905,3.8,0.15999999999999998,0.7219280948873623,0.0,-8.0,0.0,0.0,2.0,8.0,0.0,0.5333333333333333,0.5217391304347826,16.0,1.0,3.0,0.0,,,,,,,0.026322751322751324,0.005292107468976004,0.061111111111111095,0.02129629629629629,0.530989010989011,0.036923076923076927,-2.475700107332561e-16,0.552786404500042,0.7171572875253808,0.717157287525381,-0.8,-0.7171572875253811,-0.7171572875253807,-0.6000000000000012,,,3.828427124746187,0.9999999999999998,0.4142135623730945,0.4142135623730945,0.17157287525380982,2.828427124746187,1.2499998437500197,5.999998500000375,3.7333072001829324,4.7999952000048,159999.99999999997,721928.0948873623,0.0,0.0,0.0,0.0,2000000.0,8000000.0,0.0,533333.3333333334,521739.1304347826,16000000.0,1000000.0,3.9999960000040002,-1.4428253790595884e-06,,,,,,,1.7369884013617989,5292.107468976004,61111.111111111095,21296.29629629629,4.716890058692666,36923.07692307693,-2.475700107332561e-10,552786.4045000421,717157.2875253808,717157.2875253811,0.5999997000001499,0.6414210355267916,0.6414210355267919,0.6999996500001744,,,4.828422296323891,1.999998000002,1.4142121481609464,1.4142121481609464,0.8284279531741434,2828427.124746187
3,0,10,24,0.5333333333333333,4.8,6,4,0.36,1.295461844238322,0,0,0,0,3,6,1,0.5399999999999999,0.5161290322580645,16,2,4,4.0,-1.4428232973175175e-12,0.9000000000000004,1.0,2.0,2,1.32,-0.391304347826087,0.06111111111111111,0.008881169487616147,0.05833333333333333,0.03716413377849903,0.6832417582417583,0.03137285655605648,1.509217047440045e-16,0.6212445498746508,0.6212445498746514,0.7486244354538576,1.2220524939994015,1.2220524939994017,1.3567029561259472,1.3567029561259478,1.3788361569225194,1.4725394076236218,4.854101966249684,1.732050807568877,1.7320508075688748,1.302775637731994,-1.0000000000000002,3.122051158680807,9d86580e984d32ba973464c61b9d3966,7,4,0.19047619047619047,1.1428571428571428,2,1,0.12244897959183677,0.5916727785823275,0,6,1,0,0,0,0,0.0,0,0,0,1,1.0,-1.4428232973175175e-12,,,,,,-0.3333333333333333,0.07142857142857142,0.023809523809523808,0.009523809523809523,0.023328473740792173,0.20634920634920637,0.05723097262641253,0.0,0.0,2.2543724065006554e-16,0.9999999999999998,1.9999999999999998,2.0,2.0,,,,1.4142135623730954,1.0,1.0,-8.109357550611348e-17,-1.0,0.41421356237309537,2c69f66e23c234e31f1d5ec8aa443338,3.0,20.0,0.34285714285714286,3.657142857142857,0.23755102040816323,0.7037890656559944,0.0,-6.0,-1.0,0.0,3.0,6.0,1.0,0.5399999999999999,0.5161290322580645,16.0,2.0,3.0,0.0,,,,,,-0.05797101449275366,-0.010317460317460315,-0.014928354321907662,0.0488095238095238,0.013835660037706858,0.47689255189255186,-0.025858116070356048,1.509217047440045e-16,0.6212445498746508,0.6212445498746512,-0.2513755645461422,-0.7779475060005983,-0.7779475060005983,-0.6432970438740528,,,,3.4398884038765885,0.732050807568877,0.7320508075688748,1.302775637731994,-2.220446049250313e-16,2.7078375963077117,1.428571224489825,5.999998500000375,2.7999853000771746,4.199996325003216,2.939975990196079,2.189486658243157,0.0,0.0,0.0,0.0,3000000.0,6000000.0,1000000.0,540000.0,516129.03225806454,16000000.0,2000000.0,3.9999960000040002,-1.4428253790595884e-06,,,,,,1.1739165652279566,0.8555435779454643,0.37299345275486245,6.124356942521036,1.5930120924038078,3.311078628559782,0.5481701069583249,1.5092170474400448e-10,621244.5498746509,621244.5497345998,0.748623686830171,0.6110259414867301,0.6110259414867301,0.6783511388874041,,,,3.4323659898568377,1.7320490755198017,1.7320490755197995,1302775.6378376407,1.0000010000010002,7.537280053106107
4,0,10,23,0.5111111111111111,4.6,5,4,0.24,0.9709505944546686,0,0,0,0,4,6,0,0.5066666666666666,0.5,14,1,4,4.0,-1.4428232973175175e-12,0.9000000000000004,1.0,2.0,3,1.36,-0.15000000000000205,0.06570048309178744,0.009887986672573278,0.06388888888888888,0.02443637633406786,0.663956043956044,0.03727462160466612,1.4460662757820036e-16,0.5644891779140588,0.6212445498746513,0.7557782996549712,1.2059197233148575,1.2220524939994017,1.3460528125981135,1.356702956125947,1.399999999999999,1.5277599865179992,4.649285862114311,1.9189467011511445,1.732050807568877,1.151146684904436,-0.8552494628641637,2.730339160963167,15ce8f51a71f64c830491888abe03160,6,3,0.2,1.0,1,1,0.0,-0.0,0,6,0,0,0,0,0,0.0,0,0,0,1,1.0,-1.4428232973175175e-12,,,,,,,0.06666666666666667,0.0,0.0,0.0,0.19999999999999998,2.7755575615628914e-17,0.0,0.0,0.0,2.0,2.0,2.0,,,,,1.0,1.0,1.0,-1.0,-1.0,0.0,87224c590a6c623e4385c63f6a5a56ea,4.0,20.0,0.31111111111111106,3.5999999999999996,0.24,0.9709505944546686,0.0,-6.0,0.0,0.0,4.0,6.0,0.0,0.5066666666666666,0.5,14.0,1.0,3.0,0.0,,,,,,,-0.000966183574879223,0.009887986672573278,0.06388888888888888,0.02443637633406786,0.46395604395604406,0.03727462160466609,1.4460662757820036e-16,0.5644891779140588,0.6212445498746513,-1.2442217003450287,-0.7940802766851425,-0.7779475060005983,,,,,3.6492858621143114,0.9189467011511445,0.732050807568877,2.151146684904436,0.1447505371358363,2.730339160963167,1.666666388888935,7.666664111111962,2.555542777841666,4.5999954000046,240000.0,970950.5944546686,0.0,0.0,0.0,0.0,4000000.0,6000000.0,0.0,506666.6666666666,500000.0,14000000.0,1000000.0,3.9999960000040002,-1.4428253790595884e-06,,,,,,,0.9854924639898518,9887.986672573279,63888.88888888888,24436.37633406786,3.3197636209621155,37274.62160363154,1.4460662757820036e-10,564489.1779140589,621244.5498746512,0.37788896088300516,0.6029595601776486,0.6110259414867301,,,,,4.649281212833099,1.9189447822063626,1.7320490755198017,-1.1511478360522722,0.8552503181144818,2730339.1609631674
5,0,10,24,0.5333333333333333,4.8,7,4,0.9600000000000002,1.6854752972273346,0,0,0,0,5,3,2,0.5566666666666668,0.5,16,4,4,4.0,-1.4428232973175175e-12,0.9000000000000004,1.0,2.0,2,1.32,-0.37037037037037207,0.061111111111111116,0.016438771126794188,0.05833333333333333,0.06323131809852903,0.685939060939061,0.05567215415371513,-1.4449204000713637e-16,0.5208058471120918,0.7238821548667873,0.853473965756348,1.1083673873825775,1.1315372793354488,1.3389899261513214,1.417750457750636,1.4310527717969448,1.474140209847847,4.94294881840499,2.0420078466185134,1.2469796037174692,0.8338213828420227,-0.44504186791262873,2.900940971786477,7b8ed525c404524e81970a7a88ef5a8b,5,3,0.3,1.2,2,1,0.16000000000000006,0.7219280948873623,0,4,1,0,0,0,0,0.0,0,0,0,1,1.0,-1.4428232973175175e-12,,,,,,-0.4999999999999998,0.16666666666666666,0.047140452079103175,0.03333333333333333,0.06666666666666667,0.3333333333333333,0.09128709291752768,0.0,2.2543724065006554e-16,0.9999999999999998,1.9999999999999998,2.0,,,,,,1.4142135623730954,1.0,-8.109357550611348e-17,-1.0,-1.4142135623730951,0.41421356237309537,d56985f232688510835b204f6df74ea2,5.0,21.0,0.23333333333333334,3.5999999999999996,0.8000000000000002,0.9635472023399723,0.0,-4.0,-1.0,0.0,5.0,3.0,2.0,0.5566666666666668,0.5,16.0,4.0,3.0,0.0,,,,,,0.1296296296296277,-0.10555555555555554,-0.030701680952308987,0.024999999999999994,-0.003435348568137639,0.35260572760572767,-0.03561493876381255,-1.4449204000713637e-16,0.5208058471120915,-0.27611784513321247,-1.1465260342436516,-0.8916326126174225,,,,,,3.528735256031895,1.0420078466185134,1.2469796037174692,1.8338213828420227,0.9691716944604665,2.4867274094133816,1.99999960000008,7.999997333334222,1.777771851871605,3.999996666669445,5.999962500234372,2.3346826013298547,0.0,0.0,0.0,0.0,5000000.0,3000000.0,2000000.0,556666.6666666667,500000.0,16000000.0,4000000.0,3.9999960000040002,-1.4428253790595884e-06,,,,,,0.7407422222251889,0.36666446667986663,0.34871159885380687,1.7499475015749526,0.9484555446447658,2.0578110093841553,0.6098512125125779,-1.4449204000713637e-10,520805.8469946828,0.7238814309853565,0.42673676950978934,0.5541834165995804,,,,,,3.4951901570795387,2.042005804612709,1246979.6038185915,-0.8338222166642394,0.31469234523403883,7.003474129848466
6,0,10,21,0.4666666666666667,4.2,5,4,0.15999999999999998,0.7219280948873623,0,0,0,0,8,2,0,0.4533333333333333,0.4411764705882353,10,1,4,4.0,-1.4428232973175175e-12,0.9000000000000004,1.0,2.0,3,1.4,-0.31249999999999023,0.0740740740740741,0.02035031881479676,0.06944444444444445,0.04114904822831291,0.6441758241758242,0.029234900146015867,3.4522940348599187e-16,0.4375950629880649,0.6882550990706332,0.7506119996525447,1.1112604669781567,1.225203453561311,1.2891654764117193,1.4504844339512095,1.5000000000000002,1.54742400738636,4.232773215037275,2.300910874914955,1.2469796037174663,1.1304978261492817,-0.44504186791262923,1.9318623401223198,01cabb71d7aa2acd3394fee269eb0e5a,2,1,1.0,1.0,1,1,0.0,-0.0,0,2,0,0,0,0,0,0.0,0,0,0,1,1.0,-1.4428232973175175e-12,0.0,0.5,1.0,1,0.5,,1.0,0.0,0.0,0.0,1.0,0.0,0.0,2.0,,,,,,,,,1.0,-1.0,,,,2.0,3ba4ffe16dfe637510ed1c3676ec6cb0,8.0,20.0,-0.5333333333333333,3.2,0.15999999999999998,0.7219280948873623,0.0,-2.0,0.0,0.0,8.0,2.0,0.0,0.4533333333333333,0.4411764705882353,10.0,1.0,3.0,0.0,0.9000000000000004,0.5,1.0,2.0,0.8999999999999999,,-0.9259259259259259,0.02035031881479676,0.06944444444444445,0.04114904822831291,-0.3558241758241758,0.029234900146015867,3.4522940348599187e-16,-1.562404937011935,,,,,,,,,3.232773215037275,3.300910874914955,,,,-0.06813765987768017,4.99999750000125,20.999979000021003,0.4666662000004667,4.1999958000042,159999.99999999997,721928.0948873623,0.0,0.0,0.0,0.0,8000000.0,2000000.0,0.0,453333.3333333333,441176.4705882353,10000000.0,1000000.0,3.9999960000040002,-1.4428253790595884e-06,900000.0000000003,1.999996000008,1.9999980000020001,2.9999970000030003,2.7999944000111996,,0.07407400000007411,20350.318814796763,69444.44444444445,41149.04822831291,0.6441751800006442,29234.90014601587,3.452294034859919e-10,0.21879742209532138,,,,,,,,,4.2327689822682935,-2.300913175828131,,,,0.9659306870958163
7,0,10,22,0.4888888888888889,4.4,6,4,0.44000000000000006,1.1567796494470395,0,0,0,0,7,2,1,0.4966666666666667,0.4675324675324675,12,2,4,4.0,-1.4428232973175175e-12,0.9000000000000004,1.0,2.0,2,1.36,-0.391304347826087,0.0686868686868687,0.02043080330811861,0.06388888888888887,0.05422005915539759,0.6634615384615385,0.03482081896858944,2.5338080279524607e-16,0.4908951126465316,0.6079992131012012,0.879409852867963,1.1069884008805269,1.1671921805628553,1.3290674125091682,1.395398753467981,1.5000000000000007,1.5230490739637728,4.469391712880366,2.140122668123884,1.7162765879823754,0.5561387637470837,-0.4288326713887407,2.329269044756482,9a7d64dbee28d4bf42aa3294acf702f5,3,2,0.6666666666666666,1.3333333333333333,2,1,0.2222222222222222,0.9182958340544896,0,2,1,0,0,0,0,0.0,0,0,0,1,1.0,-1.4428232973175175e-12,0.0,1.0,2.0,2,0.8888888888888888,-1.0,0.6666666666666666,0.0,0.3333333333333333,0.4714045207910317,0.7777777777777777,0.15713484026367724,2.2543724065006554e-16,0.9999999999999998,1.9999999999999998,,,,,,,,1.4142135623730954,-8.109357550611348e-17,-1.4142135623730951,,,1.4142135623730954,5144181ac27497fdfa9bdb5b8b799630,7.0,20.0,-0.17777777777777776,3.0666666666666673,0.21777777777777785,0.23848381539254992,0.0,-2.0,-1.0,0.0,7.0,2.0,1.0,0.4966666666666667,0.4675324675324675,12.0,2.0,3.0,0.0,0.9000000000000004,0.0,0.0,0.0,0.47111111111111126,0.6086956521739131,-0.597979797979798,0.02043080330811861,-0.26944444444444443,-0.4171844616356341,-0.11431623931623913,-0.12231402129508781,2.794356214518054e-17,-0.5091048873534683,-1.3920007868987985,,,,,,,,3.055178150507271,2.140122668123884,3.1304901503554703,,,0.9150554823833867,3.3333322222225923,10.99999450000275,0.7333322333349833,3.299997525001857,1.9799910900400952,1.2597012279129767,0.0,0.0,0.0,0.0,7000000.0,2000000.0,1000000.0,496666.66666666674,467532.46753246756,12000000.0,2000000.0,3.9999960000040002,-1.4428253790595884e-06,900000.0000000003,0.9999990000010001,0.99999950000025,0.99999950000025,1.5299982787519366,0.39130473913082614,0.10303014848508033,20430.80330811861,0.19166609166839163,0.11501787052560355,0.8530208812808451,0.22159692473823525,2.5338080273812463e-10,0.49089462175190995,0.30399945455087335,,,,,,,,3.1603349532623892,2140122.6682974347,-1.2135916718929485,,,1.6470407721215212
8,0,10,24,0.5333333333333333,4.8,6,4,0.5599999999999999,1.5219280948873621,0,0,0,0,4,4,2,0.5466666666666666,0.5106382978723404,16,5,4,4.0,-1.4428232973175175e-12,0.9000000000000004,1.0,2.0,3,1.34,-0.22891566265061178,0.062037037037037036,0.01210215057203559,0.061111111111111095,0.045498920305554434,0.6754945054945055,0.050756384845497306,5.929155747602919e-17,0.5000000000000007,0.7563578100060162,0.7991671295958563,1.1571063481799266,1.2000000000000002,1.2608688474548495,1.3961141524208682,1.4590003276925405,1.4713853846499425,4.895709918913586,2.1484207030411113,1.1921589047329058,1.0469451808710377,-0.7126926992068422,2.747289215872475,0f88fcf016b8a9b7b21ea8183ed4480e,6,4,0.26666666666666666,1.3333333333333333,2,1,0.22222222222222224,0.9182958340544896,0,4,2,0,0,0,0,0.0,0,0,0,1,1.0,-1.4428232973175175e-12,,,,,,-1.0,0.13333333333333333,0.0,0.03333333333333333,0.047140452079103175,0.3111111111111111,0.06285393610547091,-1.1102230246251565e-16,2.2543724065006554e-16,0.9999999999999998,1.0,1.9999999999999998,2.0,,,,,1.4142135623730954,1.4142135623730951,0.0,-8.109357550611348e-17,-1.4142135623730951,2.220446049250313e-16,725c9b512790b6f65e71b3c284e6ef0c,4.0,20.0,0.26666666666666666,3.466666666666667,0.33777777777777773,0.6036322608328726,0.0,-4.0,-2.0,0.0,4.0,4.0,2.0,0.5466666666666666,0.5106382978723404,16.0,5.0,3.0,0.0,,,,,,0.7710843373493882,-0.0712962962962963,0.01210215057203559,0.027777777777777762,-0.0016415317735487406,0.3643833943833944,-0.012097551259973603,1.7031385993854485e-16,0.5000000000000004,-0.24364218999398357,-0.20083287040414366,-0.8428936518200731,-0.7999999999999998,,,,,3.481496356540491,0.7342071406680162,1.1921589047329058,1.0469451808710377,0.701520863166253,2.747289215872475,1.666666388888935,5.999998500000375,1.9999925000281251,3.599997300002025,2.5199886600510295,1.6573378437642032,0.0,0.0,0.0,0.0,4000000.0,4000000.0,2000000.0,546666.6666666666,510638.2978723404,16000000.0,5000000.0,3.9999960000040002,-1.4428253790595884e-06,,,,,,0.22891589156650335,0.4652742882206161,12102.15057203559,1.8332783349832833,0.9651573784618984,2.1712253601508245,0.8075162905317067,5.929155748261188e-11,499999.9998872821,0.7563570536489628,0.799166330429526,0.578552884813521,0.59999970000015,,,,,3.4617872345328102,1.5191617737523477,1192158.9047329058,1046945.1809559384,0.503950196857904,2747289.2152624545
9,0,10,23,0.5111111111111111,4.6,5,4,0.24,0.9709505944546686,0,0,0,0,4,6,0,0.5133333333333333,0.5,14,1,4,4.0,-1.4428232973175175e-12,0.9000000000000004,1.0,2.0,3,1.36,-0.15000000000000205,0.06570048309178743,0.013811054858478132,0.06388888888888887,0.032534305057445936,0.663956043956044,0.03727462160466612,2.2361708243776085e-16,0.4916535767608925,0.6959853048852487,0.7799997540765274,1.194741138505206,1.2077546893366247,1.2975721938760307,1.3773167177528611,1.4403032620957912,1.5146733627108164,4.648852830786265,2.1796330934496555,1.4881997686824282,1.0178674508951613,-0.8461690905829221,2.46921973733661,419a2769fbe4df843522c38687c40733,6,3,0.2,1.0,1,1,0.0,-0.0,0,6,0,0,0,0,0,0.0,0,0,0,1,1.0,-1.4428232973175175e-12,,,,,,,0.06666666666666667,0.0,0.0,0.0,0.19999999999999998,2.7755575615628914e-17,0.0,0.0,0.0,2.0,2.0,2.0,,,,,1.0,1.0,1.0,-1.0,-1.0,0.0,87224c590a6c623e4385c63f6a5a56ea,4.0,20.0,0.31111111111111106,3.5999999999999996,0.24,0.9709505944546686,0.0,-6.0,0.0,0.0,4.0,6.0,0.0,0.5133333333333333,0.5,14.0,1.0,3.0,0.0,,,,,,,-0.0009661835748792369,0.013811054858478132,0.06388888888888887,0.032534305057445936,0.46395604395604406,0.03727462160466609,2.2361708243776085e-16,0.4916535767608925,0.6959853048852487,-1.2200002459234724,-0.805258861494794,-0.7922453106633753,,,,,3.6488528307862653,1.1796330934496555,0.4881997686824282,2.017867450895161,0.1538309094170779,2.46921973733661,1.666666388888935,7.666664111111962,2.555542777841666,4.5999954000046,240000.0,970950.5944546686,0.0,0.0,0.0,0.0,4000000.0,6000000.0,0.0,513333.3333333333,500000.0,14000000.0,1000000.0,3.9999960000040002,-1.4428253790595884e-06,,,,,,,0.9854924639898516,13811.054858478132,63888.888888888876,32534.305057445938,3.3197636209621155,37274.62160363154,2.2361708243776087e-10,491653.5767608925,695985.3048852487,0.38999968203842267,0.5973702705674677,0.6038770427297909,,,,,4.648848181938083,2.179630913818742,1.4881982804841478,-1.0178684687636301,0.8461699367528589,2469219.73733661
10,0,10,24,0.5333333333333333,4.8,6,4,0.5599999999999999,1.5219280948873621,0,0,0,0,4,4,2,0.5466666666666666,0.5106382978723404,16,1,4,4.0,-1.4428232973175175e-12,0.9000000000000004,1.0,2.0,2,1.32,-0.37349397590360633,0.06111111111111111,0.01090340847694796,0.05833333333333333,0.04439136490877082,0.6840659340659341,0.039697564545469084,2.7490410010510447e-16,0.5696235790535153,0.6625130405339007,0.7902538661758108,1.1825924500958198,1.1956484017714295,1.338583795892233,1.3689246501852763,1.4158033689897798,1.4760568473022369,4.885248270643189,1.8995339698869624,1.5518349390629174,1.1185426729379153,-0.7749094376877799,2.985714300756226,9887c6e4c9a31bc136811a9d415099f4,6,4,0.26666666666666666,1.3333333333333333,2,1,0.22222222222222224,0.9182958340544896,0,4,2,0,0,0,0,0.0,0,0,0,1,1.0,-1.4428232973175175e-12,,,,,,0.0,0.18333333333333335,0.0726483157256779,0.06666666666666667,0.09428090415820635,0.31666666666666665,0.10274023338281624,-3.336603253706918e-16,0.0,0.5000000000000003,1.5,1.9999999999999998,2.0,,,,,1.6180339887498951,1.0,0.6180339887498948,-0.6180339887498949,-1.0,0.6180339887498951,944d1e10c1efdd3cf89f3eb5fd93918c,4.0,20.0,0.26666666666666666,3.466666666666667,0.33777777777777773,0.6036322608328726,0.0,-4.0,-2.0,0.0,4.0,4.0,2.0,0.5466666666666666,0.5106382978723404,16.0,1.0,3.0,0.0,,,,,,-0.37349397590360633,-0.12222222222222223,-0.06174490724872994,-0.008333333333333338,-0.04988953924943553,0.3673992673992674,-0.06304266883734716,6.085644254757963e-16,0.5696235790535153,0.16251304053390037,-0.7097461338241892,-0.81740754990418,-0.8043515982285705,,,,,3.2672142818932937,0.8995339698869624,0.9338009503130226,1.7365766616878102,0.22509056231222013,2.367680312006331,1.666666388888935,5.999998500000375,1.9999925000281251,3.599997300002025,2.5199886600510295,1.6573378437642032,0.0,0.0,0.0,0.0,4000000.0,4000000.0,2000000.0,546666.6666666666,510638.2978723404,16000000.0,1000000.0,3.9999960000040002,-1.4428253790595884e-06,,,,,,-373493.97590360633,0.3333315151614324,0.15008274156523335,0.8749868751968719,0.4708365333211927,2.1602013911511886,0.38638395937447073,2.7490410019682904e-10,569623.5790535153,1.3250234310209383,0.5268355595601676,0.5912959293999452,0.5978239019737637,,,,,3.019247608741493,1.8995320703548921,2.5109176135833806,-1.809842991068178,0.7749102125979925,4.830979402631325
11,0,10,24,0.5333333333333333,4.8,6,4,0.5599999999999999,1.5219280948873621,0,0,0,0,4,4,2,0.5466666666666666,0.5106382978723404,16,1,4,4.0,-1.4428232973175175e-12,0.9000000000000004,1.0,2.0,2,1.32,-0.37349397590360633,0.06111111111111111,0.01090340847694796,0.05833333333333333,0.04439136490877082,0.6840659340659341,0.039697564545469084,2.7490410010510447e-16,0.5696235790535153,0.6625130405339007,0.7902538661758108,1.1825924500958198,1.1956484017714295,1.338583795892233,1.3689246501852763,1.4158033689897798,1.4760568473022369,4.885248270643189,1.8995339698869624,1.5518349390629174,1.1185426729379153,-0.7749094376877799,2.985714300756226,9887c6e4c9a31bc136811a9d415099f4,6,3,0.2,1.0,1,1,0.0,-0.0,0,6,0,0,0,0,0,0.0,0,0,0,1,1.0,-1.4428232973175175e-12,,,,,,,0.06666666666666667,0.0,0.0,0.0,0.19999999999999998,2.7755575615628914e-17,0.0,0.0,0.0,2.0,2.0,2.0,,,,,1.0,1.0,1.0,-1.0,-1.0,0.0,87224c590a6c623e4385c63f6a5a56ea,4.0,21.0,0.3333333333333333,3.8,0.5599999999999999,1.5219280948873621,0.0,-6.0,0.0,0.0,4.0,4.0,2.0,0.5466666666666666,0.5106382978723404,16.0,1.0,3.0,0.0,,,,,,,-0.005555555555555557,0.01090340847694796,0.05833333333333333,0.04439136490877082,0.4840659340659341,0.039697564545469056,2.7490410010510447e-16,0.5696235790535153,0.6625130405339007,-1.209746133824189,-0.8174075499041802,-0.8043515982285705,,,,,3.8852482706431886,0.8995339698869624,0.5518349390629174,2.1185426729379153,0.22509056231222013,2.985714300756226,1.666666388888935,7.999997333334222,2.6666533333999993,4.7999952000048,560000.0,1521928.094887362,0.0,0.0,0.0,0.0,4000000.0,4000000.0,2000000.0,546666.6666666666,510638.2978723404,16000000.0,1000000.0,3.9999960000040002,-1.4428253790595884e-06,,,,,,,0.9166529168729135,10903.408476947961,58333.33333333333,44391.36490877082,3.420312568766827,39697.564544367255,2.749041001051045e-10,569623.5790535153,662513.0405339007,0.39512673552453764,0.5912959293999451,0.5978239019737637,,,,,4.885243385399804,1.8995320703548921,1.5518333872295302,-1.118543791481707,0.7749102125979925,2985714.300756226
12,0,10,23,0.5111111111111111,4.6,6,4,0.44000000000000006,1.3609640474436813,0,0,0,0,5,4,1,0.5133333333333334,0.49411764705882355,14,1,4,4.0,-1.4428232973175175e-12,0.9000000000000004,1.0,2.0,2,1.34,-0.2879999999999933,0.06473429951690819,0.012106245493856681,0.0611111111111111,0.04040263746161375,0.6733516483516484,0.03458593723905044,-2.3532289330039446e-16,0.5653767572065287,0.6495317926461297,0.7344492334501851,1.1810251247108043,1.2235611015664765,1.344691721216427,1.374780784732697,1.3995619553529304,1.5270215291178248,4.677314585965685,1.9080683269093315,1.5710548410237193,1.2446861942378684,-0.7738074606262045,2.769246259056353,4467fed4999332f4de51868be76c0aee,5,3,0.3,1.2,2,1,0.16000000000000006,0.7219280948873623,0,4,1,0,0,0,0,0.0,0,0,0,1,1.0,-1.4428232973175175e-12,,,,,,-0.4999999999999998,0.16666666666666666,0.047140452079103175,0.03333333333333333,0.06666666666666667,0.3333333333333333,0.09128709291752768,0.0,2.2543724065006554e-16,0.9999999999999998,1.9999999999999998,2.0,,,,,,1.4142135623730954,1.0,-8.109357550611348e-17,-1.0,-1.4142135623730951,0.41421356237309537,d56985f232688510835b204f6df74ea2,5.0,20.0,0.21111111111111108,3.3999999999999995,0.28,0.639035952556319,0.0,-4.0,-1.0,0.0,5.0,4.0,1.0,0.5133333333333334,0.49411764705882355,14.0,1.0,3.0,0.0,,,,,,0.21200000000000646,-0.10193236714975847,-0.035034206585246495,0.02777777777777777,-0.026264029205052913,0.3400183150183151,-0.056701155678477236,-2.3532289330039446e-16,0.5653767572065285,-0.3504682073538701,-1.2655507665498147,-0.8189748752891957,,,,,,3.2631010235925895,0.9080683269093315,1.5710548410237193,2.244686194237868,0.6404061017468906,2.3550326966832578,1.99999960000008,7.666664111111962,1.7036980247102882,3.833330138891551,2.7499828126074206,1.885176892137895,0.0,0.0,0.0,0.0,5000000.0,4000000.0,1000000.0,513333.33333333343,494117.64705882355,14000000.0,1000000.0,3.9999960000040002,-1.4428253790595884e-06,,,,,,0.5760011520022909,0.38840346668064907,0.2568068008075451,1.8332783349832835,0.6060304714671343,2.0200488849082907,0.3788658096987127,-2.3532289330039447e-10,565376.7570790717,0.6495311431149868,0.36722443311287606,0.5905122670992686,,,,,,3.307358522823445,1.9080664188429128,1571054.841151122,-1.2446874389253073,0.5471648896455354,6.6855357358537555
13,0,10,22,0.4888888888888889,4.4,5,4,0.24,0.9709505944546686,0,0,0,0,6,4,0,0.48,0.47368421052631576,12,0,4,4.0,-1.4428232973175175e-12,0.9000000000000004,1.0,2.0,3,1.38,-0.28333333333334043,0.06969696969696969,0.01272687188722642,0.06666666666666667,0.028327886186626582,0.654065934065934,0.03492638937533809,1.201580516531022e-15,0.5693437588623118,0.5726224583783912,0.7509798540003293,1.2011976604104768,1.2073601143722903,1.336430859649888,1.3642146486528657,1.4368652671155098,1.560985378557938,4.444608884037099,1.88481028346235,1.8656687082748018,1.06634201397302,-0.8387178074457987,2.5597986005747493,dd583eb77d4851879d531b7443cdcba9,4,2,0.3333333333333333,1.0,1,1,0.0,-0.0,0,4,0,0,0,0,0,0.0,0,0,0,1,1.0,-1.4428232973175175e-12,,,,,,,0.16666666666666666,0.0,0.0,0.0,0.3333333333333333,0.0,0.0,0.0,2.0,2.0,,,,,,,1.0,1.0,-1.0,-1.0,,0.0,1dcb3c744ddd55658248ce3c7196418c,6.0,20.0,0.15555555555555556,3.4000000000000004,0.24,0.9709505944546686,0.0,-4.0,0.0,0.0,6.0,4.0,0.0,0.48,0.47368421052631576,12.0,0.0,3.0,0.0,,,,,,,-0.09696969696969697,0.01272687188722642,0.06666666666666667,0.028327886186626582,0.32073260073260074,0.03492638937533809,1.201580516531022e-15,0.5693437588623118,-1.4273775416216088,-1.2490201459996708,,,,,,,3.444608884037099,0.8848102834623499,2.865668708274802,2.0663420139730198,,2.5597986005747493,2.499999375000156,10.99999450000275,1.4666622666798668,4.3999956000044005,240000.0,970950.5944546686,0.0,0.0,0.0,0.0,6000000.0,4000000.0,0.0,480000.0,473684.2105263158,12000000.0,0.0,3.9999960000040002,-1.4428253790595884e-06,,,,,,,0.4181793091059635,12726.87188722642,66666.66666666667,28327.886186626583,1.9621919156220555,34926.38937533809,1.201580516531022e-09,569343.7588623118,0.2863110860336526,0.375489739255295,,,,,,,4.44460443943266,1.8848083986539514,-1.8656705739453758,-1.0663430803161003,,2559798.6005747495
14,0,10,22,0.4888888888888889,4.4,5,4,0.24,0.9709505944546686,0,0,0,0,6,4,0,0.49333333333333335,0.47368421052631576,12,3,4,4.0,-1.4428232973175175e-12,0.9000000000000004,1.0,2.0,3,1.38,-0.28333333333334043,0.06969696969696969,0.018264635552885808,0.06666666666666667,0.03864146377802079,0.654065934065934,0.03492638937533809,1.1000050148532652e-16,0.5020933068761873,0.569343758862312,0.8783179746264979,1.164251699026291,1.20736011437229,1.3242429873535713,1.336430859649888,1.436865267115509,1.5810940321174527,4.444608884037096,2.116509713189737,1.8656687082748036,0.5692756637209777,-0.6826390274053503,2.328099170847359,dd583eb77d4851879d531b7443cdcba9,4,2,0.3333333333333333,1.0,1,1,0.0,-0.0,0,4,0,0,0,0,0,0.0,0,0,0,1,1.0,-1.4428232973175175e-12,,,,,,,0.16666666666666666,0.0,0.0,0.0,0.3333333333333333,0.0,0.0,0.0,2.0,2.0,,,,,,,1.0,1.0,-1.0,-1.0,,0.0,1dcb3c744ddd55658248ce3c7196418c,6.0,20.0,0.15555555555555556,3.4000000000000004,0.24,0.9709505944546686,0.0,-4.0,0.0,0.0,6.0,4.0,0.0,0.49333333333333335,0.47368421052631576,12.0,3.0,3.0,0.0,,,,,,,-0.09696969696969697,0.018264635552885808,0.06666666666666667,0.03864146377802079,0.32073260073260074,0.03492638937533809,1.1000050148532652e-16,0.5020933068761873,-1.430656241137688,-1.1216820253735023,,,,,,,3.4446088840370956,1.1165097131897368,2.8656687082748036,1.5692756637209777,,2.328099170847359,2.499999375000156,10.99999450000275,1.4666622666798668,4.3999956000044005,240000.0,970950.5944546686,0.0,0.0,0.0,0.0,6000000.0,4000000.0,0.0,493333.3333333334,473684.2105263158,12000000.0,3000000.0,3.9999960000040002,-1.4428253790595884e-06,,,,,,,0.4181793091059635,18264.635552885808,66666.66666666667,38641.46377802079,1.9621919156220555,34926.38937533809,1.1000050148532653e-10,502093.3068761873,0.2846717370952874,0.43915876773386503,,,,,,,4.4446044394326565,2.1165075966821405,-1.8656705739453776,-0.5692762329972108,,2328099.170847359
15,0,10,20,0.4444444444444444,4.0,4,4,0.0,-0.0,0,0,0,0,10,0,0,0.5,0.5,10,0,4,4.0,-1.4428232973175175e-12,0.9000000000000004,1.5,2.1000000000000085,3,1.5,,0.08333333333333334,0.02777777777777778,0.08333333333333334,8.777083671441753e-18,0.5999999999999999,1.1102230246251565e-16,-4.160299267105156e-16,0.4409830056250523,0.440983005625053,0.9999999999999998,1.25,1.25,1.25,1.25,1.5590169943749477,1.5590169943749483,3.9999999999999996,2.23606797749979,2.236067977499789,-5.56469020049847e-17,-0.9999999999999991,1.7639320225002098,02e0a9c02fa7144ed1c62b6473d14041,,,,,,,,,,,,,,,,,,,,,,,,,,,,,,,,,,,,,,,,,,,,,,,,,,,,,,,,,,,,,,,,,,,,,,,,,,,,,,,,,,,,,,,,,,,,,,,,,,,,,,,,,,,,,,,,,,,,,,,,,,,,,,,,,,,,,,,,,,,,,,,,,
16,0,10,23,0.5111111111111111,4.6,6,4,0.64,1.3709505944546687,0,0,0,0,6,2,2,0.5133333333333334,0.4883720930232558,14,1,4,4.0,-1.4428232973175175e-12,0.9000000000000004,1.0,2.0,2,1.34,-0.27777777777777757,0.06473429951690819,0.009882084375243967,0.061111111111111116,0.04373958821826549,0.6741758241758242,0.042475050747445446,3.7495095018763464e-16,0.6061758513061873,0.6401337722014303,0.7113248654051867,1.1515905396001067,1.2302211823466533,1.288675134594813,1.4136029663471594,1.4582756881984644,1.5000000000000004,4.712019826176054,1.6180339887498953,1.603311464934451,1.4142135623730951,-0.6180339887498951,3.093985837426159,2f0e229c336fb48f06e1ec42aa6288e0,4,2,0.3333333333333333,1.0,1,1,0.0,-0.0,0,4,0,0,0,0,0,0.0,0,0,0,1,1.0,-1.4428232973175175e-12,,,,,,,0.16666666666666666,0.0,0.0,0.0,0.3333333333333333,0.0,0.0,0.0,2.0,2.0,,,,,,,1.0,1.0,-1.0,-1.0,,0.0,1dcb3c744ddd55658248ce3c7196418c,6.0,21.0,0.17777777777777776,3.5999999999999996,0.64,1.3709505944546687,0.0,-4.0,0.0,0.0,6.0,2.0,2.0,0.5133333333333334,0.4883720930232558,14.0,1.0,3.0,0.0,,,,,,,-0.10193236714975847,0.009882084375243967,0.061111111111111116,0.04373958821826549,0.3408424908424909,0.042475050747445446,3.7495095018763464e-16,0.6061758513061873,-1.3598662277985696,-1.2886751345948133,,,,,,,3.7120198261760544,0.6180339887498953,2.603311464934451,2.414213562373095,,3.093985837426159,2.499999375000156,11.499994250002874,1.5333287333471335,4.5999954000046,640000.0,1370950.5944546687,0.0,0.0,0.0,0.0,6000000.0,2000000.0,2000000.0,513333.33333333343,488372.0930232558,14000000.0,1000000.0,3.9999960000040002,-1.4428253790595884e-06,,,,,,,0.38840346668064907,9882.084375243967,61111.11111111112,43739.5882182655,2.0225214049632583,42475.05074744545,3.749509501876347e-10,606175.8513061873,0.3200667260673521,0.3556622548714659,,,,,,,4.71201511416094,1.6180323707175248,-1.6033130682475194,-1.4142149765880718,,3093985.837426159
17,0,10,21,0.4666666666666667,4.2,5,4,0.15999999999999998,0.7219280948873623,0,0,0,0,8,2,0,0.44666666666666666,0.4411764705882353,10,2,4,4.0,-1.4428232973175175e-12,0.9000000000000004,1.0,2.0,3,1.4,-0.31249999999999023,0.07407407407407407,0.015860413238338995,0.06944444444444445,0.030558132235203893,0.6441758241758242,0.029234900146015867,-1.7748334921427054e-16,0.5000000000000004,0.6029224327138861,0.7455669164795776,1.147203603372947,1.2223589523630962,1.2988578243671842,1.424718614923019,1.4999999999999998,1.5583716557802898,4.229737767546635,2.1176162028666337,1.607961621622626,1.0742225079878462,-0.5902686304838349,2.1121215646800016,5a51db609fff03a8fc1b52d346eb69dd,2,1,1.0,1.0,1,1,0.0,-0.0,0,2,0,0,0,0,0,0.0,0,0,0,1,1.0,-1.4428232973175175e-12,0.0,0.5,1.0,1,0.5,,1.0,0.0,0.0,0.0,1.0,0.0,0.0,2.0,,,,,,,,,1.0,-1.0,,,,2.0,3ba4ffe16dfe637510ed1c3676ec6cb0,8.0,20.0,-0.5333333333333333,3.2,0.15999999999999998,0.7219280948873623,0.0,-2.0,0.0,0.0,8.0,2.0,0.0,0.44666666666666666,0.4411764705882353,10.0,2.0,3.0,0.0,0.9000000000000004,0.5,1.0,2.0,0.8999999999999999,,-0.9259259259259259,0.015860413238338995,0.06944444444444445,0.030558132235203893,-0.3558241758241758,0.029234900146015867,-1.7748334921427054e-16,-1.4999999999999996,,,,,,,,,3.229737767546635,3.1176162028666337,,,,0.11212156468000156,4.99999750000125,20.999979000021003,0.4666662000004667,4.1999958000042,159999.99999999997,721928.0948873623,0.0,0.0,0.0,0.0,8000000.0,2000000.0,0.0,446666.6666666667,441176.4705882353,10000000.0,2000000.0,3.9999960000040002,-1.4428253790595884e-06,900000.0000000003,1.999996000008,1.9999980000020001,2.9999970000030003,2.7999944000111996,,0.07407400000007408,15860.413238338995,69444.44444444445,30558.132235203895,0.6441751800006442,29234.90014601587,-1.7748334921427054e-10,0.2499998750000627,,,,,,,,,4.229733537813098,-2.1176183204849544,,,,1.0560602543098736
18,0,10,24,0.5333333333333333,4.8,6,4,0.9600000000000002,0.9709505944546686,0,0,0,0,6,0,4,0.56,0.5,16,5,4,4.0,-1.4428232973175175e-12,0.9000000000000004,1.0,2.0,3,1.34,-0.3333333333333304,0.062037037037037036,0.01263744734690579,0.0611111111111111,0.05388101317019672,0.6771428571428573,0.06151157183317424,7.309218099568654e-17,0.5000000000000007,0.795875854768068,0.7958758547680688,1.1666666666666665,1.2041241452319313,1.2041241452319327,1.3333333333333328,1.5,1.5000000000000004,4.951660371433144,2.1248854197645755,0.9999999999999998,0.9999999999999991,-0.7258601557039953,2.8267749516685687,05af7b79af6d39b20569fd5e83c20d12,4,2,0.3333333333333333,1.0,1,1,0.0,-0.0,0,4,0,0,0,0,0,0.0,0,0,0,1,1.0,-1.4428232973175175e-12,,,,,,,0.16666666666666666,0.0,0.0,0.0,0.3333333333333333,0.0,0.0,0.0,2.0,2.0,,,,,,,1.0,1.0,-1.0,-1.0,,0.0,1dcb3c744ddd55658248ce3c7196418c,6.0,22.0,0.2,3.8,0.9600000000000002,0.9709505944546686,0.0,-4.0,0.0,0.0,6.0,0.0,4.0,0.56,0.5,16.0,5.0,3.0,0.0,,,,,,,-0.10462962962962963,0.01263744734690579,0.0611111111111111,0.05388101317019672,0.34380952380952395,0.06151157183317424,7.309218099568654e-17,0.5000000000000007,-1.204124145231932,-1.2041241452319311,,,,,,,3.951660371433144,1.1248854197645755,1.9999999999999998,1.9999999999999991,,2.8267749516685687,2.499999375000156,11.999994000003,1.5999952000144002,4.7999952000048,960000.0000000002,970950.5944546686,0.0,0.0,0.0,0.0,6000000.0,0.0,4000000.0,560000.0000000001,500000.0,16000000.0,5000000.0,3.9999960000040002,-1.4428253790595884e-06,,,,,,,0.3722199889022888,12637.44734690579,61111.1111111111,53881.013170196726,2.0314224771611404,61511.57183317424,7.309218099568654e-11,500000.0000000007,0.3979377284151698,0.39793772841517017,,,,,,,4.951655419777725,2.124883294881281,-1.0000010000009998,-1.0000010000009991,,2826774.951668569
19,0,10,22,0.4888888888888889,4.4,5,4,0.24,0.9709505944546686,0,0,0,0,6,4,0,0.49333333333333335,0.47368421052631576,12,2,4,4.0,-1.4428232973175175e-12,0.9000000000000004,1.0,2.0,3,1.38,-0.46666666666666407,0.06969696969696969,0.019200777682671047,0.06666666666666665,0.04095063775462218,0.654065934065934,0.03492638937533809,-5.33386423836497e-16,0.4507343074931625,0.6550510257216818,0.8550510257216821,1.1449489742783174,1.212917130661303,1.312957648438138,1.3449489742783185,1.4363080440687013,1.587082869338697,4.437454057896374,2.302775637731994,1.6180339887498958,0.618033988749893,-0.6180339887498962,2.13467842016438,941093b5a625823f48804e5ae588f7e2,4,2,0.3333333333333333,1.0,1,1,0.0,-0.0,0,4,0,0,0,0,0,0.0,0,0,0,1,1.0,-1.4428232973175175e-12,,,,,,,0.16666666666666666,0.0,0.0,0.0,0.3333333333333333,0.0,0.0,0.0,2.0,2.0,,,,,,,1.0,1.0,-1.0,-1.0,,0.0,1dcb3c744ddd55658248ce3c7196418c,6.0,20.0,0.15555555555555556,3.4000000000000004,0.24,0.9709505944546686,0.0,-4.0,0.0,0.0,6.0,4.0,0.0,0.49333333333333335,0.47368421052631576,12.0,2.0,3.0,0.0,,,,,,,-0.09696969696969697,0.019200777682671047,0.06666666666666665,0.04095063775462218,0.32073260073260074,0.03492638937533809,-5.33386423836497e-16,0.4507343074931625,-1.344948974278318,-1.1449489742783179,,,,,,,3.4374540578963737,1.302775637731994,2.618033988749896,1.6180339887498931,,2.13467842016438,2.499999375000156,10.99999450000275,1.4666622666798668,4.3999956000044005,240000.0,970950.5944546686,0.0,0.0,0.0,0.0,6000000.0,4000000.0,0.0,493333.3333333334,473684.2105263158,12000000.0,2000000.0,3.9999960000040002,-1.4428253790595884e-06,,,,,,,0.4181793091059635,19200.777682671047,66666.66666666666,40950.637754622185,1.9621919156220555,34926.38937533809,-5.333864238364971e-10,450734.3074931625,0.32752534909816633,0.4275252990981915,,,,,,,4.4374496204467535,2.302773334958659,-1.6180356067855026,-0.6180346067844998,,2134678.4201643798
20,0,10,22,0.4888888888888889,4.4,5,4,0.24,0.9709505944546686,0,0,0,0,6,4,0,0.49333333333333335,0.47368421052631576,12,2,4,4.0,-1.4428232973175175e-12,0.9000000000000004,1.0,2.0,3,1.38,-0.46666666666666407,0.06969696969696969,0.019200777682671047,0.06666666666666665,0.04095063775462218,0.654065934065934,0.03492638937533809,-5.33386423836497e-16,0.4507343074931625,0.6550510257216818,0.8550510257216821,1.1449489742783174,1.212917130661303,1.312957648438138,1.3449489742783185,1.4363080440687013,1.587082869338697,4.437454057896374,2.302775637731994,1.6180339887498958,0.618033988749893,-0.6180339887498962,2.13467842016438,941093b5a625823f48804e5ae588f7e2,4,2,0.3333333333333333,1.0,1,1,0.0,-0.0,0,4,0,0,0,0,0,0.0,0,0,0,1,1.0,-1.4428232973175175e-12,,,,,,,0.16666666666666666,0.0,0.0,0.0,0.3333333333333333,0.0,0.0,0.0,2.0,2.0,,,,,,,1.0,1.0,-1.0,-1.0,,0.0,1dcb3c744ddd55658248ce3c7196418c,6.0,20.0,0.15555555555555556,3.4000000000000004,0.24,0.9709505944546686,0.0,-4.0,0.0,0.0,6.0,4.0,0.0,0.49333333333333335,0.47368421052631576,12.0,2.0,3.0,0.0,,,,,,,-0.09696969696969697,0.019200777682671047,0.06666666666666665,0.04095063775462218,0.32073260073260074,0.03492638937533809,-5.33386423836497e-16,0.4507343074931625,-1.344948974278318,-1.1449489742783179,,,,,,,3.4374540578963737,1.302775637731994,2.618033988749896,1.6180339887498931,,2.13467842016438,2.499999375000156,10.99999450000275,1.4666622666798668,4.3999956000044005,240000.0,970950.5944546686,0.0,0.0,0.0,0.0,6000000.0,4000000.0,0.0,493333.3333333334,473684.2105263158,12000000.0,2000000.0,3.9999960000040002,-1.4428253790595884e-06,,,,,,,0.4181793091059635,19200.777682671047,66666.66666666666,40950.637754622185,1.9621919156220555,34926.38937533809,-5.333864238364971e-10,450734.3074931625,0.32752534909816633,0.4275252990981915,,,,,,,4.4374496204467535,2.302773334958659,-1.6180356067855026,-0.6180346067844998,,2134678.4201643798
21,0,10,20,0.4444444444444444,4.0,4,4,0.0,-0.0,0,0,0,0,10,0,0,0.4,0.4,8,2,4,4.0,-1.4428232973175175e-12,0.9000000000000004,1.5,2.1000000000000085,3,1.5,,0.08333333333333333,0.02837626860648586,0.08333333333333331,0.025462962962962958,0.5999999999999999,1.1102230246251565e-16,-9.180343572776655e-17,0.35961179679779215,0.7500000000000004,0.7500000000000004,1.2499999999999982,1.2499999999999998,1.25,1.2500000000000002,1.3903882032022072,1.7499999999999998,4.0,2.56155281280883,1.0000000000000002,0.9999999999999997,-0.999999999999999,1.4384471871911702,02e0a9c02fa7144ed1c62b6473d14041,,,,,,,,,,,,,,,,,,,,,,,,,,,,,,,,,,,,,,,,,,,,,,,,,,,,,,,,,,,,,,,,,,,,,,,,,,,,,,,,,,,,,,,,,,,,,,,,,,,,,,,,,,,,,,,,,,,,,,,,,,,,,,,,,,,,,,,,,,,,,,,,,
22,0,10,24,0.5333333333333333,4.8,6,4,0.5599999999999999,1.5219280948873621,0,0,0,0,4,4,2,0.5466666666666666,0.5106382978723404,16,3,4,4.0,-1.4428232973175175e-12,0.9000000000000004,1.0,2.0,3,1.36,-0.15662650602409264,0.06296296296296297,0.012951935344664996,0.06388888888888888,0.046142104339387695,0.666923076923077,0.05856266557130548,1.0315319623804188e-15,0.4743753901374798,0.7999999999999998,0.8104235651970524,1.1149218940641794,1.1999999999999993,1.2500000000000002,1.4350781059358204,1.4395764348029483,1.47562460986252,4.9017996161227675,2.2360679774997894,1.0000000000000009,0.9999999999999987,-0.512246512825713,2.665731638622978,00134cd15f01eebc4f3c7064e59ad51c,6,3,0.2,1.0,1,1,0.0,-0.0,0,6,0,0,0,0,0,0.0,0,0,0,1,1.0,-1.4428232973175175e-12,,,,,,,0.06666666666666667,0.0,0.0,0.0,0.19999999999999998,2.7755575615628914e-17,0.0,0.0,0.0,2.0,2.0,2.0,,,,,1.0,1.0,1.0,-1.0,-1.0,0.0,87224c590a6c623e4385c63f6a5a56ea,4.0,21.0,0.3333333333333333,3.8,0.5599999999999999,1.5219280948873621,0.0,-6.0,0.0,0.0,4.0,4.0,2.0,0.5466666666666666,0.5106382978723404,16.0,3.0,3.0,0.0,,,,,,,-0.003703703703703695,0.012951935344664996,0.06388888888888888,0.046142104339387695,0.466923076923077,0.058562665571305454,1.0315319623804188e-15,0.4743753901374798,0.7999999999999998,-1.1895764348029476,-0.8850781059358206,-0.8000000000000007,,,,,3.9017996161227675,1.2360679774997894,8.881784197001252e-16,1.9999999999999987,0.487753487174287,2.665731638622978,1.666666388888935,7.999997333334222,2.6666533333999993,4.7999952000048,560000.0,1521928.094887362,0.0,0.0,0.0,0.0,4000000.0,4000000.0,2000000.0,546666.6666666666,510638.2978723404,16000000.0,3000000.0,3.9999960000040002,-1.4428253790595884e-06,,,,,,,0.9444302779902747,12951.935344664997,63888.88888888888,46142.1043393877,3.334598711621827,58562.665569680044,1.031531962380419e-09,474375.3901374798,799999.9999999999,0.40521157999273616,0.5574606683017556,0.5999997000001496,,,,,4.901794714328053,2.236065741434048,0.999999000001001,-1.0000010000009987,0.5122470250727381,2665731.6386229782
23,0,10,24,0.5333333333333333,4.8,6,4,0.5599999999999999,1.5219280948873621,0,0,0,0,4,4,2,0.5466666666666666,0.5106382978723404,16,3,4,4.0,-1.4428232973175175e-12,0.9000000000000004,1.0,2.0,3,1.36,-0.15662650602409264,0.06296296296296297,0.012951935344664996,0.06388888888888888,0.046142104339387695,0.666923076923077,0.05856266557130548,1.0315319623804188e-15,0.4743753901374798,0.7999999999999998,0.8104235651970524,1.1149218940641794,1.1999999999999993,1.2500000000000002,1.4350781059358204,1.4395764348029483,1.47562460986252,4.9017996161227675,2.2360679774997894,1.0000000000000009,0.9999999999999987,-0.512246512825713,2.665731638622978,00134cd15f01eebc4f3c7064e59ad51c,6,3,0.2,1.0,1,1,0.0,-0.0,0,6,0,0,0,0,0,0.0,0,0,0,1,1.0,-1.4428232973175175e-12,,,,,,,0.06666666666666667,0.0,0.0,0.0,0.19999999999999998,2.7755575615628914e-17,0.0,0.0,0.0,2.0,2.0,2.0,,,,,1.0,1.0,1.0,-1.0,-1.0,0.0,87224c590a6c623e4385c63f6a5a56ea,4.0,21.0,0.3333333333333333,3.8,0.5599999999999999,1.5219280948873621,0.0,-6.0,0.0,0.0,4.0,4.0,2.0,0.5466666666666666,0.5106382978723404,16.0,3.0,3.0,0.0,,,,,,,-0.003703703703703695,0.012951935344664996,0.06388888888888888,0.046142104339387695,0.466923076923077,0.058562665571305454,1.0315319623804188e-15,0.4743753901374798,0.7999999999999998,-1.1895764348029476,-0.8850781059358206,-0.8000000000000007,,,,,3.9017996161227675,1.2360679774997894,8.881784197001252e-16,1.9999999999999987,0.487753487174287,2.665731638622978,1.666666388888935,7.999997333334222,2.6666533333999993,4.7999952000048,560000.0,1521928.094887362,0.0,0.0,0.0,0.0,4000000.0,4000000.0,2000000.0,546666.6666666666,510638.2978723404,16000000.0,3000000.0,3.9999960000040002,-1.4428253790595884e-06,,,,,,,0.9444302779902747,12951.935344664997,63888.88888888888,46142.1043393877,3.334598711621827,58562.665569680044,1.031531962380419e-09,474375.3901374798,799999.9999999999,0.40521157999273616,0.5574606683017556,0.5999997000001496,,,,,4.901794714328053,2.236065741434048,0.999999000001001,-1.0000010000009987,0.5122470250727381,2665731.6386229782
24,0,10,22,0.4888888888888889,4.4,5,4,0.24,0.9709505944546686,0,0,0,0,6,4,0,0.49333333333333335,0.47368421052631576,12,2,4,4.0,-1.4428232973175175e-12,0.9000000000000004,1.0,2.0,3,1.4,-0.09999999999999391,0.0707070707070707,0.01830255814488604,0.06944444444444443,0.03848785864049345,0.6454945054945054,0.04130231146382196,2.0433411346815583e-16,0.45155056254610837,0.6283173946027657,0.8843616912701301,1.1595634561151553,1.2287341243119845,1.2499999999999998,1.3356230152079833,1.5085867898151204,1.5532629661307524,4.45567963765722,2.249333576656451,1.6751308705666468,0.5391888728108893,-0.6924782144405647,2.2063460610007692,5e39ecb96bb5280be0c91f9e84b514a7,4,2,0.3333333333333333,1.0,1,1,0.0,-0.0,0,4,0,0,0,0,0,0.0,0,0,0,1,1.0,-1.4428232973175175e-12,,,,,,,0.16666666666666666,0.0,0.0,0.0,0.3333333333333333,0.0,0.0,0.0,2.0,2.0,,,,,,,1.0,1.0,-1.0,-1.0,,0.0,1dcb3c744ddd55658248ce3c7196418c,6.0,20.0,0.15555555555555556,3.4000000000000004,0.24,0.9709505944546686,0.0,-4.0,0.0,0.0,6.0,4.0,0.0,0.49333333333333335,0.47368421052631576,12.0,2.0,3.0,0.0,,,,,,,-0.09595959595959595,0.01830255814488604,0.06944444444444443,0.03848785864049345,0.31216117216117206,0.04130231146382196,2.0433411346815583e-16,0.45155056254610837,-1.3716826053972344,-1.1156383087298698,,,,,,,3.4556796376572203,1.249333576656451,2.6751308705666466,1.5391888728108893,,2.2063460610007692,2.499999375000156,10.99999450000275,1.4666622666798668,4.3999956000044005,240000.0,970950.5944546686,0.0,0.0,0.0,0.0,6000000.0,4000000.0,0.0,493333.3333333334,473684.2105263158,12000000.0,2000000.0,3.9999960000040002,-1.4428253790595884e-06,,,,,,,0.42423987880315145,18302.558144886043,69444.44444444444,38487.858640493454,1.9364777070503953,41302.31146382196,2.0433411346815584e-10,451550.5625461084,0.3141585402221127,0.44218062454475277,,,,,,,4.455675181982039,2.249331327325124,-1.6751325456991926,-0.5391894120003013,,2206346.0610007695
25,0,10,22,0.4888888888888889,4.4,5,4,0.24,0.9709505944546686,0,0,0,0,6,4,0,0.49333333333333335,0.47368421052631576,12,3,4,4.0,-1.4428232973175175e-12,0.9000000000000004,1.0,2.0,3,1.42,-0.09999999999999391,0.07171717171717172,0.018956782141428142,0.07222222222222222,0.0392878019059456,0.6369230769230769,0.0452213490975356,-2.242339943746924e-16,0.43155264881815264,0.6606456094748324,0.8959146829634643,1.1000000000000003,1.2499999999999998,1.2500000000000002,1.4000000000000001,1.422532668218382,1.5893543905251675,4.449489742783176,2.3429230827771708,1.5615528128088296,0.47068341987116064,-0.4494897427831781,2.1065666600060053,b6eced65903f93009acc43446002d4ed,4,2,0.3333333333333333,1.0,1,1,0.0,-0.0,0,4,0,0,0,0,0,0.0,0,0,0,1,1.0,-1.4428232973175175e-12,,,,,,,0.16666666666666666,0.0,0.0,0.0,0.3333333333333333,0.0,0.0,0.0,2.0,2.0,,,,,,,1.0,1.0,-1.0,-1.0,,0.0,1dcb3c744ddd55658248ce3c7196418c,6.0,20.0,0.15555555555555556,3.4000000000000004,0.24,0.9709505944546686,0.0,-4.0,0.0,0.0,6.0,4.0,0.0,0.49333333333333335,0.47368421052631576,12.0,3.0,3.0,0.0,,,,,,,-0.09494949494949494,0.018956782141428142,0.07222222222222222,0.0392878019059456,0.3035897435897436,0.0452213490975356,-2.242339943746924e-16,0.43155264881815264,-1.3393543905251675,-1.1040853170365357,,,,,,,3.449489742783176,1.3429230827771708,2.56155281280883,1.4706834198711607,,2.1065666600060053,2.499999375000156,10.99999450000275,1.4666622666798668,4.3999956000044005,240000.0,970950.5944546686,0.0,0.0,0.0,0.0,6000000.0,4000000.0,0.0,493333.3333333334,473684.2105263158,12000000.0,3000000.0,3.9999960000040002,-1.4428253790595884e-06,,,,,,,0.4303004485003393,18956.782141428142,72222.22222222222,39287.801905945606,1.9107634984787356,45221.3490975356,-2.2423399437469242e-10,431552.64881815267,0.3303226395760964,0.4479571175031734,,,,,,,4.449485293297883,2.342920739856431,-1.561554374363204,-0.4706838905550512,,2106566.6600060053
26,0,10,24,0.5333333333333333,4.8,7,4,1.36,1.3709505944546687,0,0,0,0,6,2,2,0.5666666666666667,0.4897959183673469,16,4,4,4.0,-1.4428232973175175e-12,0.9000000000000004,1.0,2.0,2,1.32,-0.4058577405857754,0.061111111111111116,0.016905017206949573,0.05833333333333333,0.0706287896393951,0.6878121878121879,0.0679401476067185,1.526358924900276e-16,0.5353232411429535,0.7110188255215952,0.8984182582062584,1.0729755875116984,1.09811449851032,1.3515817417937417,1.4097039721060478,1.4408666759680873,1.481997199239301,4.9942132865424576,1.9448884307676666,1.246979603717466,0.6180339887498945,-0.2984219860452185,3.049324855774791,aac8b0d16fc5b6cc2ee54249c1e16f3c,4,2,0.3333333333333333,1.0,1,1,0.0,-0.0,0,4,0,0,0,0,0,0.0,0,0,0,1,1.0,-1.4428232973175175e-12,,,,,,,0.16666666666666666,0.0,0.0,0.0,0.3333333333333333,0.0,0.0,0.0,2.0,2.0,,,,,,,1.0,1.0,-1.0,-1.0,,0.0,1dcb3c744ddd55658248ce3c7196418c,6.0,22.0,0.2,3.8,1.36,1.3709505944546687,0.0,-4.0,0.0,0.0,6.0,2.0,2.0,0.5666666666666667,0.4897959183673469,16.0,4.0,3.0,0.0,,,,,,,-0.10555555555555554,0.016905017206949573,0.05833333333333333,0.0706287896393951,0.3544788544788546,0.0679401476067185,1.526358924900276e-16,0.5353232411429535,-1.2889811744784048,-1.1015817417937415,,,,,,,3.9942132865424576,0.9448884307676666,2.246979603717466,1.6180339887498945,,3.049324855774791,2.499999375000156,11.999994000003,1.5999952000144002,4.7999952000048,1360000.0000000002,1370950.5944546687,0.0,0.0,0.0,0.0,6000000.0,2000000.0,2000000.0,566666.6666666666,489795.9183673469,16000000.0,4000000.0,3.9999960000040002,-1.4428253790595884e-06,,,,,,,0.36666446667986663,16905.017206949575,58333.33333333333,70628.78963939511,2.0634303731454446,67940.1476067185,1.526358924900276e-10,535323.2411429535,0.3555092350061801,0.44920890449867695,,,,,,,4.994208292334165,1.944886485881181,-1.2469808506983169,-0.6180346067845013,,3049324.855774791
27,0,10,22,0.4888888888888889,4.4,6,4,0.6399999999999999,0.7219280948873623,0,0,0,0,8,0,2,0.5000000000000001,0.46153846153846156,12,2,4,4.0,-1.4428232973175175e-12,0.9000000000000004,1.0,2.0,2,1.36,-0.3749999999999978,0.06868686868686867,0.021559340866777268,0.06388888888888888,0.06135962377129835,0.6642857142857144,0.04285714285714284,-8.54971427005182e-18,0.48795122023249304,0.6300871605023135,0.8694867509201003,1.0844877245119746,1.1517230878722136,1.3762414049495253,1.3973860652632304,1.4724615957558462,1.5301749899923012,4.507256188295439,2.0806992564370983,1.6180339887498951,0.618033988749894,-0.33866823631666626,2.4265569318583404,efc03e89a7b06435112427f985cd35c5,2,1,1.0,1.0,1,1,0.0,-0.0,0,2,0,0,0,0,0,0.0,0,0,0,1,1.0,-1.4428232973175175e-12,0.0,0.5,1.0,1,0.5,,1.0,0.0,0.0,0.0,1.0,0.0,0.0,2.0,,,,,,,,,1.0,-1.0,,,,2.0,3ba4ffe16dfe637510ed1c3676ec6cb0,8.0,21.0,-0.5111111111111111,3.4000000000000004,0.6399999999999999,0.7219280948873623,0.0,-2.0,0.0,0.0,8.0,0.0,2.0,0.5000000000000001,0.46153846153846156,12.0,2.0,3.0,0.0,0.9000000000000004,0.5,1.0,1.0,0.8600000000000001,,-0.9313131313131313,0.021559340866777268,0.06388888888888888,0.06135962377129835,-0.33571428571428563,0.04285714285714284,-8.54971427005182e-18,-1.512048779767507,,,,,,,,,3.5072561882954387,3.0806992564370983,,,,0.4265569318583404,4.99999750000125,21.999978000022,0.4888884000004889,4.3999956000044005,639999.9999999999,721928.0948873623,0.0,0.0,0.0,0.0,8000000.0,0.0,2000000.0,500000.0000000001,461538.46153846156,12000000.0,2000000.0,3.9999960000040002,-1.4428253790595884e-06,900000.0000000003,1.999996000008,1.9999980000020001,1.9999980000020001,2.71999456001088,,0.06868680000006867,21559.340866777267,63888.88888888888,61359.62377129835,0.6642850500006644,42857.14285714284,-8.54971427005182e-12,0.24397548812850245,,,,,,,,,4.507251681043758,-2.0807013371384353,,,,1.2132778592902405
28,0,10,24,0.5333333333333333,4.8,8,4,2.5600000000000005,0.7219280948873623,0,0,0,0,8,0,2,0.5904761904761905,0.46153846153846156,16,5,4,4.0,-1.4428232973175175e-12,0.9000000000000004,1.0,2.0,2,1.32,-0.4999999999999998,0.06111111111111111,0.01702294102856503,0.05833333333333333,0.09120370370370369,0.6942857142857144,0.10285714285714284,-2.437817742128859e-17,0.6464466094067256,0.646446609406726,0.9999999999999984,0.9999999999999994,1.0,1.3535533905932733,1.3535533905932735,1.4999999999999993,1.4999999999999998,5.123105625617661,1.414213562373095,1.4142135623730943,3.25066498828704e-16,-5.382783900148439e-16,3.7088920632445657,c6ded8eb8f03bc3cf7cd1c7f36b85d36,2,1,1.0,1.0,1,1,0.0,-0.0,0,2,0,0,0,0,0,0.0,0,0,0,1,1.0,-1.4428232973175175e-12,0.0,0.5,1.0,1,0.5,,1.0,0.0,0.0,0.0,1.0,0.0,0.0,2.0,,,,,,,,,1.0,-1.0,,,,2.0,3ba4ffe16dfe637510ed1c3676ec6cb0,8.0,23.0,-0.4666666666666667,3.8,2.5600000000000005,0.7219280948873623,0.0,-2.0,0.0,0.0,8.0,0.0,2.0,0.5904761904761905,0.46153846153846156,16.0,5.0,3.0,0.0,0.9000000000000004,0.5,1.0,1.0,0.8200000000000001,,-0.9388888888888889,0.01702294102856503,0.05833333333333333,0.09120370370370369,-0.3057142857142856,0.10285714285714284,-2.437817742128859e-17,-1.3535533905932744,,,,,,,,,4.123105625617661,2.414213562373095,,,,1.7088920632445657,4.99999750000125,23.999976000024002,0.5333328000005334,4.7999952000048,2560000.0000000005,721928.0948873623,0.0,0.0,0.0,0.0,8000000.0,0.0,2000000.0,590476.1904761905,461538.46153846156,16000000.0,5000000.0,3.9999960000040002,-1.4428253790595884e-06,900000.0000000003,1.999996000008,1.9999980000020001,1.9999980000020001,2.63999472001056,,0.06111105000006111,17022.94102856503,58333.33333333333,91203.7037037037,0.6942850200006945,102857.14285714284,-2.437817742128859e-11,0.32322314309179123,,,,,,,,,5.1231005025171585,-1.4142149765880716,,,,1.8544451043997305
29,0,10,24,0.5333333333333333,4.8,6,4,0.76,1.4854752972273344,0,0,0,0,5,2,3,0.5533333333333333,0.5052631578947369,16,4,4,4.0,-1.4428232973175175e-12,0.9000000000000004,1.0,2.0,2,1.32,-0.31868131868131644,0.061111111111111116,0.012025160332579108,0.05833333333333333,0.050213877270208325,0.6848901098901099,0.04654222385767745,-5.41515875174775e-16,0.5349632372816137,0.702781367997237,0.8104235651970516,1.1764460162700445,1.2150367627183862,1.2499999999999993,1.3707726157327182,1.439576434802948,1.5000000000000002,4.920235589426807,1.9999999999999998,1.3757778915695458,1.0,-0.8867393906569656,2.920235589426807,fc8fedde4ffbaf4c72ea1a3b640ae6c3,5,3,0.3,1.2,2,1,0.16000000000000006,0.7219280948873623,0,4,1,0,0,0,0,0.0,0,0,0,1,1.0,-1.4428232973175175e-12,,,,,,-0.4999999999999998,0.16666666666666666,0.047140452079103175,0.03333333333333333,0.06666666666666667,0.3333333333333333,0.09128709291752768,0.0,2.2543724065006554e-16,0.9999999999999998,1.9999999999999998,2.0,,,,,,1.4142135623730954,1.0,-8.109357550611348e-17,-1.0,-1.4142135623730951,0.41421356237309537,d56985f232688510835b204f6df74ea2,5.0,21.0,0.23333333333333334,3.5999999999999996,0.6,0.7635472023399721,0.0,-4.0,-1.0,0.0,5.0,2.0,3.0,0.5533333333333333,0.5052631578947369,16.0,4.0,3.0,0.0,,,,,,0.18131868131868334,-0.10555555555555554,-0.035115291746524065,0.024999999999999994,-0.01645278939645834,0.3515567765567766,-0.04474486905985023,-5.41515875174775e-16,0.5349632372816134,-0.2972186320027628,-1.189576434802948,-0.8235539837299555,,,,,,3.5060220270537115,0.9999999999999998,1.3757778915695458,2.0,0.5274741717161295,2.5060220270537115,1.99999960000008,7.999997333334222,1.777771851871605,3.999996666669445,4.749970312685544,2.057647084384517,0.0,0.0,0.0,0.0,5000000.0,2000000.0,3000000.0,553333.3333333334,505263.15789473685,16000000.0,4000000.0,3.9999960000040002,-1.4428253790595884e-06,,,,,,0.6373639120904573,0.36666446667986663,0.2550867612733043,1.7499475015749526,0.7531968611002083,2.054664165677833,0.5098389326604188,-5.41515875174775e-10,534963.2371610131,0.702780665216572,0.4052115799927359,0.5882227140236652,,,,,,3.479129490203029,1.999998000002,1375777.8916811128,-1.000001000001,0.6270198796487763,7.050055344979552
30,0,10,21,0.4666666666666667,4.2,5,4,0.15999999999999998,0.7219280948873623,0,0,0,0,8,2,0,0.44666666666666666,0.4411764705882353,10,1,4,4.0,-1.4428232973175175e-12,0.9000000000000004,1.0,2.0,3,1.42,-0.31249999999999023,0.0751322751322751,0.017119138523830162,0.07222222222222222,0.030676425539821726,0.6356043956043956,0.03422225742161138,-4.848457556755222e-16,0.4999999999999998,0.5612207228503115,0.8063508326896289,1.193649167310372,1.2500000000000004,1.2500000000000016,1.3247876324664376,1.5,1.6139916446832512,4.22925775372571,1.9999999999999996,1.9354323319700295,0.7871236477308475,-0.8209728181730546,2.2292577537257103,62711a75febc2bb4108c1d504fad5169,2,1,1.0,1.0,1,1,0.0,-0.0,0,2,0,0,0,0,0,0.0,0,0,0,1,1.0,-1.4428232973175175e-12,0.0,0.5,1.0,1,0.5,,1.0,0.0,0.0,0.0,1.0,0.0,0.0,2.0,,,,,,,,,1.0,-1.0,,,,2.0,3ba4ffe16dfe637510ed1c3676ec6cb0,8.0,20.0,-0.5333333333333333,3.2,0.15999999999999998,0.7219280948873623,0.0,-2.0,0.0,0.0,8.0,2.0,0.0,0.44666666666666666,0.4411764705882353,10.0,1.0,3.0,0.0,0.9000000000000004,0.5,1.0,2.0,0.9199999999999999,,-0.9248677248677248,0.017119138523830162,0.07222222222222222,0.030676425539821726,-0.36439560439560437,0.03422225742161138,-4.848457556755222e-16,-1.5000000000000002,,,,,,,,,3.22925775372571,2.9999999999999996,,,,0.22925775372571033,4.99999750000125,20.999979000021003,0.4666662000004667,4.1999958000042,159999.99999999997,721928.0948873623,0.0,0.0,0.0,0.0,8000000.0,2000000.0,0.0,446666.6666666667,441176.4705882353,10000000.0,1000000.0,3.9999960000040002,-1.4428253790595884e-06,900000.0000000003,1.999996000008,1.9999980000020001,2.9999970000030003,2.8399943200113595,,0.07513220000007512,17119.138523830163,72222.22222222222,30676.42553982173,0.6356037600006357,34222.25742161138,-4.848457556755222e-10,0.24999987500006238,,,,,,,,,4.229253524472186,-2.0000020000019996,,,,1.1146283195486952
31,0,10,22,0.4888888888888889,4.4,5,4,0.24,0.9709505944546686,0,0,0,0,6,4,0,0.48666666666666664,0.47368421052631576,12,1,4,4.0,-1.4428232973175175e-12,0.9000000000000004,1.0,2.0,3,1.38,-0.28333333333334043,0.06969696969696969,0.015822576439935437,0.06666666666666665,0.03459418317561779,0.654065934065934,0.03492638937533809,-5.3620841588071006e-17,0.4979753503108349,0.6130114033974466,0.807290115317021,1.2057359228351812,1.2210221292604968,1.2499999999999996,1.3711958687079322,1.5052621465003346,1.528507063670753,4.446760737031643,2.0896782685543815,1.7563424800799994,0.8520030302892886,-0.8582756394992473,2.3570824684772615,1362a85948ac4a72356fdd6e2f2100f4,4,2,0.3333333333333333,1.0,1,1,0.0,-0.0,0,4,0,0,0,0,0,0.0,0,0,0,1,1.0,-1.4428232973175175e-12,,,,,,,0.16666666666666666,0.0,0.0,0.0,0.3333333333333333,0.0,0.0,0.0,2.0,2.0,,,,,,,1.0,1.0,-1.0,-1.0,,0.0,1dcb3c744ddd55658248ce3c7196418c,6.0,20.0,0.15555555555555556,3.4000000000000004,0.24,0.9709505944546686,0.0,-4.0,0.0,0.0,6.0,4.0,0.0,0.48666666666666664,0.47368421052631576,12.0,1.0,3.0,0.0,,,,,,,-0.09696969696969697,0.015822576439935437,0.06666666666666665,0.03459418317561779,0.32073260073260074,0.03492638937533809,-5.3620841588071006e-17,0.4979753503108349,-1.3869885966025532,-1.1927098846829791,,,,,,,3.446760737031643,1.0896782685543815,2.7563424800799994,1.8520030302892887,,2.3570824684772615,2.499999375000156,10.99999450000275,1.4666622666798668,4.3999956000044005,240000.0,970950.5944546686,0.0,0.0,0.0,0.0,6000000.0,4000000.0,0.0,486666.6666666667,473684.2105263158,12000000.0,1000000.0,3.9999960000040002,-1.4428253790595884e-06,,,,,,,0.4181793091059635,15822.576439935438,66666.66666666666,34594.18317561779,1.9621919156220555,34926.38937533809,-5.362084158807101e-11,497975.35031083494,0.30650554844594907,0.40364485583608256,,,,,,,4.446756290275353,2.089676178878203,-1.7563442364242359,-0.8520038822931709,,2357082.4684772617
32,0,10,20,0.4444444444444444,4.0,4,4,0.0,-0.0,0,0,0,0,10,0,0,0.4,0.4,8,2,4,4.0,-1.4428232973175175e-12,0.9000000000000004,1.5,2.0,3,1.46,,0.0811111111111111,0.019321480686329617,0.07777777777777777,0.020475318877311098,0.6171428571428571,0.02099562636671299,1.418836709031933e-16,0.4409830056250521,0.609611796797792,0.7499999999999997,1.249999999999999,1.2499999999999993,1.2500000000000002,1.2500000000000002,1.5590169943749466,1.6403882032022064,4.000000000000001,2.236067977499789,1.5615528128088298,0.9999999999999989,-0.9999999999999992,1.763932022500212,02e0a9c02fa7144ed1c62b6473d14041,,,,,,,,,,,,,,,,,,,,,,,,,,,,,,,,,,,,,,,,,,,,,,,,,,,,,,,,,,,,,,,,,,,,,,,,,,,,,,,,,,,,,,,,,,,,,,,,,,,,,,,,,,,,,,,,,,,,,,,,,,,,,,,,,,,,,,,,,,,,,,,,,
33,0,10,22,0.4888888888888889,4.4,5,4,0.24,0.9709505944546686,0,0,0,0,6,4,0,0.48,0.47368421052631576,12,1,4,4.0,-1.4428232973175175e-12,0.9000000000000004,1.0,2.0,3,1.38,-0.09999999999999391,0.06969696969696969,0.015184214621046977,0.06666666666666665,0.02885266009422756,0.654065934065934,0.03492638937533809,-1.618804235535771e-16,0.5349632372816152,0.5829557768444882,0.7849632372816141,1.2150367627183867,1.2186044112019403,1.2500000000000009,1.4000000000000006,1.465036762718387,1.5484398119535714,4.458679431087463,2.0,1.7388362768577452,1.0000000000000004,-0.8971266182786339,2.4586794310874627,a79664b5fb3f3353985511e233408dd3,4,2,0.3333333333333333,1.0,1,1,0.0,-0.0,0,4,0,0,0,0,0,0.0,0,0,0,1,1.0,-1.4428232973175175e-12,,,,,,,0.16666666666666666,0.0,0.0,0.0,0.3333333333333333,0.0,0.0,0.0,2.0,2.0,,,,,,,1.0,1.0,-1.0,-1.0,,0.0,1dcb3c744ddd55658248ce3c7196418c,6.0,20.0,0.15555555555555556,3.4000000000000004,0.24,0.9709505944546686,0.0,-4.0,0.0,0.0,6.0,4.0,0.0,0.48,0.47368421052631576,12.0,1.0,3.0,0.0,,,,,,,-0.09696969696969697,0.015184214621046977,0.06666666666666665,0.02885266009422756,0.32073260073260074,0.03492638937533809,-1.618804235535771e-16,0.5349632372816152,-1.4170442231555118,-1.2150367627183858,,,,,,,3.4586794310874627,1.0,2.7388362768577452,2.0000000000000004,,2.4586794310874627,2.499999375000156,10.99999450000275,1.4666622666798668,4.3999956000044005,240000.0,970950.5944546686,0.0,0.0,0.0,0.0,6000000.0,4000000.0,0.0,480000.0,473684.2105263158,12000000.0,1000000.0,3.9999960000040002,-1.4428253790595884e-06,,,,,,,0.4181793091059635,15184.214621046978,66666.66666666666,28852.660094227558,1.9621919156220555,34926.38937533809,-1.6188042355357709e-10,534963.2372816153,0.29147774268337273,0.3924814224000958,,,,,,,4.45867497241249,1.9999980000020001,-1.738838015695761,-1.0000010000010005,,2458679.4310874627
34,0,10,21,0.4666666666666667,4.2,5,4,0.15999999999999998,0.7219280948873623,0,0,0,0,8,2,0,0.45999999999999996,0.4411764705882353,10,3,4,4.0,-1.4428232973175175e-12,0.9000000000000004,1.0,2.0,3,1.42,-0.31249999999999023,0.07513227513227512,0.025632733181917666,0.07222222222222222,0.052605206454720096,0.6356043956043956,0.03422225742161138,-7.313834228778503e-16,0.38394652792316936,0.7396557687653859,0.8063508326896289,1.1200301332803262,1.1936491673103713,1.25,1.4046852446596758,1.5,1.6016823253714423,4.22925775372571,2.481989695561599,1.1938275980385809,0.7871236477308463,-0.48162755053401585,1.747268058164111,62711a75febc2bb4108c1d504fad5169,2,1,1.0,1.0,1,1,0.0,-0.0,0,2,0,0,0,0,0,0.0,0,0,0,1,1.0,-1.4428232973175175e-12,0.0,0.5,1.0,1,0.5,,1.0,0.0,0.0,0.0,1.0,0.0,0.0,2.0,,,,,,,,,1.0,-1.0,,,,2.0,3ba4ffe16dfe637510ed1c3676ec6cb0,8.0,20.0,-0.5333333333333333,3.2,0.15999999999999998,0.7219280948873623,0.0,-2.0,0.0,0.0,8.0,2.0,0.0,0.45999999999999996,0.4411764705882353,10.0,3.0,3.0,0.0,0.9000000000000004,0.5,1.0,2.0,0.9199999999999999,,-0.9248677248677248,0.025632733181917666,0.07222222222222222,0.052605206454720096,-0.36439560439560437,0.03422225742161138,-7.313834228778503e-16,-1.6160534720768307,,,,,,,,,3.22925775372571,3.481989695561599,,,,-0.2527319418358891,4.99999750000125,20.999979000021003,0.4666662000004667,4.1999958000042,159999.99999999997,721928.0948873623,0.0,0.0,0.0,0.0,8000000.0,2000000.0,0.0,460000.0,441176.4705882353,10000000.0,3000000.0,3.9999960000040002,-1.4428253790595884e-06,900000.0000000003,1.999996000008,1.9999980000020001,2.9999970000030003,2.8399943200113595,,0.07513220000007513,25632.73318191767,72222.22222222222,52605.2064547201,0.6356037600006357,34222.25742161138,-7.313834228778503e-10,0.19197316797500066,,,,,,,,,4.229253524472186,-2.4819921775537765,,,,0.8736335922652593
35,0,10,22,0.4888888888888889,4.4,6,4,0.6399999999999999,0.7219280948873623,0,0,0,0,8,0,2,0.5199999999999999,0.46153846153846156,12,4,4,4.0,-1.4428232973175175e-12,0.9000000000000004,1.0,2.0,3,1.4,-0.3749999999999978,0.0707070707070707,0.02911825314222137,0.06944444444444445,0.08356449420272959,0.6471428571428572,0.054883922035138706,1.0147804385541603e-16,0.35961179679779304,0.8104235651970519,1.0000000000000004,1.000000000000001,1.135643223060916,1.2500000000000007,1.3903882032022084,1.4395764348029485,1.614356776939085,4.503307634654975,2.561552812808831,1.0000000000000002,6.697506244509049e-18,-6.697506244509049e-18,1.941754821846144,dc7d1c83a38e30447e8f2e8a4de05973,2,1,1.0,1.0,1,1,0.0,-0.0,0,2,0,0,0,0,0,0.0,0,0,0,1,1.0,-1.4428232973175175e-12,0.0,0.5,1.0,1,0.5,,1.0,0.0,0.0,0.0,1.0,0.0,0.0,2.0,,,,,,,,,1.0,-1.0,,,,2.0,3ba4ffe16dfe637510ed1c3676ec6cb0,8.0,21.0,-0.5111111111111111,3.4000000000000004,0.6399999999999999,0.7219280948873623,0.0,-2.0,0.0,0.0,8.0,0.0,2.0,0.5199999999999999,0.46153846153846156,12.0,4.0,3.0,0.0,0.9000000000000004,0.5,1.0,2.0,0.8999999999999999,,-0.9292929292929293,0.02911825314222137,0.06944444444444445,0.08356449420272959,-0.35285714285714276,0.054883922035138706,1.0147804385541603e-16,-1.640388203202207,,,,,,,,,3.503307634654975,3.561552812808831,,,,-0.05824517815385599,4.99999750000125,21.999978000022,0.4888884000004889,4.3999956000044005,639999.9999999999,721928.0948873623,0.0,0.0,0.0,0.0,8000000.0,0.0,2000000.0,519999.99999999994,461538.46153846156,12000000.0,4000000.0,3.9999960000040002,-1.4428253790595884e-06,900000.0000000003,1.999996000008,1.9999980000020001,2.9999970000030003,2.7999944000111996,,0.07070700000007071,29118.253142221372,69444.44444444445,83564.49420272959,0.6471422100006473,54883.92203513871,1.0147804385541603e-10,0.17980580849599226,,,,,,,,,4.503303131351844,-2.5615553743642057,,,,0.9708769254846092
